transaction_id,customer_id,account_id,transaction_date,age,gender,city,customer_segment,account_type,transaction_type,transaction_amount,account_balance,credit_score,loan_flag,loan_type,loan_amount,interest_rate,loan_status,risk_category,product_type,channel,customer_status,complaint_flag,satisfaction_rating,,
1001053,12135,501053,04-08-2025,29,Male,Lucknow,Premium,Salary,Transfer,274.85,17295.45,671,No,None,0,0,No Loan,Medium,Insurance,Branch,Active,No,5,,199
1002991,11628,502991,24-07-2025,35,Female,Mumbai,Mass Market,Savings,Deposit,2854.52,17412.18,747,No,None,0,0,No Loan,Medium,Insurance,ATM,Active,No,5,,
1001789,10455,501789,03-05-2026,27,Female,Delhi,Premium,Savings,Card Payment,3651.96,49839.16,710,No,None,0,0,No Loan,Medium,Fixed Deposit,Internet Banking,Active,No,4,,
1000765,11063,500765,20-04-2026,38,Male,Delhi,Mass Market,Savings,Card Payment,873.74,18594.43,613,No,None,0,0,No Loan,High,Home Loan,Mobile App,Inactive,No,3,,
1003248,12374,503248,03-04-2026,32,Female,Kolkata,Mass Market,Current,Deposit,4125.46,39249.65,701,No,None,0,0,No Loan,Medium,Fixed Deposit,Mobile App,Active,No,4,,
1001102,11891,501102,23-08-2025,31,Male,Pune,Mass Market,Savings,UPI Payment,1709.49,38225.02,822,No,None,0,0,No Loan,Low,Home Loan,Mobile App,Inactive,No,5,,
1001666,12009,501666,10-07-2024,38,Female,Kolkata,Mass Market,Current,Card Payment,4164.27,30507.06,657,No,None,0,0,No Loan,Medium,Home Loan,Branch,Active,No,5,,
1000280,10960,500280,25-01-2025,50,Male,Delhi,Mass Market,Savings,Transfer,3402.96,7627.51,630,Yes,Business,118145.78,15.27,Active,High,Home Loan,Internet Banking,Active,No,5,,
1003194,11949,503194,19-06-2026,24,Male,Hyderabad,Premium,Fixed Deposit,UPI Payment,39555.96,12334.46,664,No,None,0,0,No Loan,Medium,Savings Account,Mobile App,Active,No,5,,
1004045,10395,504045,03-03-2026,41,Female,Hyderabad,Affluent,Salary,Card Payment,887.14,8401.06,684,Yes,Business,58010.56,15.41,Active,Medium,Personal Loan,Mobile App,Active,No,5,,
1002345,12161,502345,19-01-2024,42,Male,Jaipur,Mass Market,Savings,Card Payment,28015.41,12594.44,706,No,None,0,0,No Loan,Medium,Fixed Deposit,ATM,Active,No,5,,
1003306,10616,503306,19-12-2025,33,Male,Hyderabad,Premium,Current,Card Payment,14869.95,6988.72,751,No,None,0,0,No Loan,Low,Personal Loan,Mobile App,Inactive,No,,,
1004619,10655,504619,18-08-2026,21,Male,Delhi,Mass Market,Savings,Transfer,4289.52,7264.33,758,No,None,0,0,No Loan,Low,Savings Account,ATM,Active,No,4,,
1001695,12021,501695,12-01-2025,37,Male,Delhi,Mass Market,Savings,ATM,9559.43,40817.07,682,No,None,0,0,No Loan,Medium,Personal Loan,Mobile App,Active,No,4,,
1001663,10014,501663,25-08-2024,27,Male,Bengaluru,Affluent,Savings,Card Payment,8451.4,16229.72,767,No,None,0,0,No Loan,Low,Home Loan,ATM,Inactive,Yes,3,,
1002112,10465,502112,19-07-2026,37,Male,Chennai,Mass Market,Savings,Card Payment,2062.31,130354.4,648,Yes,Home,29486,12.36,Closed,High,Fixed Deposit,Mobile App,Active,No,4,,
1004518,10149,504518,27-07-2024,52,Female,Ahmedabad,Mass Market,Savings,Transfer,5113.52,43469.47,826,No,None,0,0,No Loan,Low,Insurance,Mobile App,Active,No,4,,
1000890,12450,500890,28-11-2025,41,Female,Hyderabad,Affluent,Savings,Card Payment,1953.55,3495.38,760,No,None,0,0,No Loan,Low,Personal Loan,Internet Banking,Active,No,4,,
1004461,10293,504461,03-12-2025,58,Female,Pune,Affluent,Savings,Card Payment,5479.42,32636.43,710,No,None,0,0,No Loan,Medium,Investment,ATM,Active,No,5,,
1003356,12494,503356,23-05-2024,30,Female,Pune,Mass Market,Fixed Deposit,Deposit,1197.19,10134.92,730,Yes,Personal,53782.77,13.74,Closed,Medium,Credit Card,Mobile App,Active,No,4,,
1002019,11986,502019,07-06-2025,29,Male,Mumbai,Premium,Fixed Deposit,UPI Payment,3338.57,62466.85,595,No,None,0,0,No Loan,High,Personal Loan,Phone Banking,Active,No,4,,
1002727,11300,502727,01-03-2025,21,Female,Bengaluru,Mass Market,Salary,Deposit,17224.13,3307.07,732,No,None,0,0,No Loan,Medium,Home Loan,Branch,Active,No,3,,
1000158,11999,500158,18-02-2026,44,Female,Mumbai,Mass Market,Fixed Deposit,Deposit,3246.56,85208.2,773,Yes,Education,93588,14.74,Closed,Low,Investment,Mobile App,Active,No,4,,
1004013,11956,504013,04-01-2026,46,Female,Jaipur,Mass Market,Salary,Card Payment,1961.26,40035.2,707,No,None,0,0,No Loan,Medium,Home Loan,Phone Banking,Active,No,4,,
1003626,10451,503626,12-09-2024,25,Male,Pune,Mass Market,Savings,Card Payment,7530.71,12319.94,604,No,None,0,0,No Loan,High,Insurance,ATM,Active,No,3,,
1002092,12045,502092,04-03-2025,46,Female,Delhi,Mass Market,Savings,Deposit,4703.01,10972.32,692,No,None,0,0,No Loan,Medium,Home Loan,ATM,Inactive,No,4,,
1003968,10962,503968,09-10-2025,42,Female,Delhi,Mass Market,Savings,Transfer,1640.34,19484.01,644,No,None,0,0,No Loan,High,Insurance,Branch,Active,No,4,,
1004268,12144,504268,16-10-2025,53,Male,Bengaluru,Mass Market,Salary,Withdrawal,4256.24,57522.91,742,No,None,0,0,No Loan,Medium,Insurance,Mobile App,Active,No,3,,
1001095,12309,501095,26-01-2025,51,Male,Hyderabad,Mass Market,Current,Withdrawal,1244.78,15940.65,719,No,None,0,0,No Loan,Medium,Savings Account,Mobile App,Active,Yes,3,,
1003912,12411,503912,08-02-2026,26,Male,Bengaluru,Affluent,Salary,Deposit,6249.05,18199.54,741,No,None,0,0,No Loan,Medium,Savings Account,Mobile App,Active,No,3,,
1003258,12097,503258,14-04-2026,33,Male,Pune,Mass Market,Savings,UPI Payment,1896.03,75365.99,726,Yes,Business,47765.97,15.36,Closed,Medium,Investment,Internet Banking,Active,No,4,,
1004231,12412,504231,21-04-2025,49,Female,Jaipur,Mass Market,Salary,Transfer,10926.69,15242.82,669,No,None,0,0,No Loan,Medium,Credit Card,Mobile App,Active,No,4,,
1000706,10667,500706,08-12-2024,41,Female,Lucknow,Mass Market,Salary,Card Payment,4439.94,14761.74,690,No,None,0,0,No Loan,Medium,Credit Card,Internet Banking,Inactive,No,5,,
1000600,10709,500600,28-12-2025,36,Female,Kolkata,Mass Market,Salary,Deposit,1591.57,78896.44,750,Yes,Business,43934.24,11,Active,Low,Insurance,Mobile App,Active,Yes,2,,
1002570,11013,502570,25-04-2026,34,Male,Mumbai,Premium,Savings,ATM,3630.39,7494.84,686,No,None,0,0,No Loan,Medium,Investment,Mobile App,Inactive,No,4,,
1003989,10221,503989,07-01-2024,46,Male,Ahmedabad,Premium,Savings,Card Payment,1649.65,18666.98,710,No,None,0,0,No Loan,Medium,Insurance,Mobile App,Active,No,5,,
1002835,11367,502835,12-05-2026,30,Female,Chennai,Affluent,Savings,Card Payment,8711.28,26517.49,756,No,None,0,0,No Loan,Low,Investment,Mobile App,Active,No,3,,
1002239,12251,502239,15-02-2026,21,,Delhi,Affluent,Savings,Deposit,1779.16,47285,702,Yes,Home,43135.66,14.99,Closed,Medium,Personal Loan,Mobile App,Active,No,5,,
1004563,11595,504563,16-01-2024,31,Female,Bengaluru,High Net Worth,Savings,Withdrawal,3427.98,41002.18,688,No,None,0,0,No Loan,Medium,Personal Loan,Branch,Active,No,5,,
1001783,11001,501783,04-04-2025,50,Male,Chennai,Mass Market,Savings,Withdrawal,3227.67,25223.52,773,Yes,Personal,50304.01,13.93,Active,Low,Insurance,Internet Banking,Active,No,4,,
1002814,10183,502814,27-08-2026,42,Female,,Mass Market,Savings,UPI Payment,2300.73,7620.39,838,No,None,0,0,No Loan,Low,Personal Loan,Internet Banking,Dormant,No,4,,
1002842,10990,502842,13-04-2026,40,Male,Bengaluru,Mass Market,Current,Deposit,2326.83,12443.54,502,No,None,0,0,No Loan,High,Credit Card,Branch,Active,No,4,,
1003955,11168,503955,14-04-2025,30,Female,Chennai,Premium,Current,Transfer,2035.75,18050.9,669,No,None,0,0,No Loan,Medium,Fixed Deposit,ATM,Active,No,4,,
1000228,10453,500228,01-03-2026,25,Female,Bengaluru,Mass Market,Savings,Deposit,1783.66,139855.46,650,No,None,0,0,No Loan,Medium,Home Loan,ATM,Inactive,Yes,3,,
1004416,12188,504416,10-06-2024,41,Male,Mumbai,Affluent,Savings,ATM,7583.91,25597.27,732,Yes,Business,102682.58,15.71,Closed,Medium,Personal Loan,Mobile App,Active,No,4,,
1003135,11305,503135,23-03-2026,42,Female,Ahmedabad,Affluent,Savings,UPI Payment,4209,4121.11,756,No,None,0,0,No Loan,Low,Credit Card,ATM,Active,No,5,,
1004678,11412,504678,20-07-2024,40,Female,Jaipur,Mass Market,Current,Deposit,4016.32,25342.36,740,No,None,0,0,No Loan,Medium,Personal Loan,Branch,Active,No,5,,
1003495,11921,503495,12-04-2026,24,Female,Hyderabad,Mass Market,Fixed Deposit,Transfer,6541.86,6744.34,657,Yes,Business,14656.6,7.93,Active,Medium,Home Loan,Internet Banking,Active,No,4,,
1004513,12416,504513,06-11-2024,56,Female,Pune,Affluent,Salary,Withdrawal,10728.02,116891.99,671,No,None,0,0,No Loan,Medium,Insurance,ATM,Active,No,4,,
1000241,11444,500241,20-02-2026,21,Female,Mumbai,Affluent,Salary,Transfer,1971.01,126128.84,669,Yes,Personal,120877.28,8.21,Active,Medium,Personal Loan,Mobile App,Active,No,5,,
1000732,10337,500732,03-06-2026,53,Female,Hyderabad,Mass Market,Savings,Card Payment,2570.4,46065.67,587,No,None,0,0,No Loan,High,Credit Card,Mobile App,Active,No,5,,
1000030,11807,500030,09-07-2025,32,Male,Pune,Affluent,Salary,Transfer,1726.08,17623.94,725,Yes,Education,61317.16,11.34,Closed,Medium,Insurance,Mobile App,Active,No,4,,
1000107,11571,500107,04-08-2026,41,Female,Pune,Affluent,Current,Transfer,8274.47,27195.19,633,No,None,0,0,No Loan,High,Savings Account,ATM,Active,No,5,,
1004802,11782,504802,25-02-2025,21,Female,Mumbai,Mass Market,Salary,Transfer,9623.83,16559.81,705,No,None,0,0,No Loan,Medium,Credit Card,Mobile App,Active,No,5,,
1003881,10495,503881,20-05-2024,40,Female,Bengaluru,Mass Market,Savings,UPI Payment,11155.75,14636.54,801,No,None,0,0,No Loan,Low,Personal Loan,Branch,Active,No,3,,
1001845,11672,501845,26-07-2026,35,Male,Lucknow,Mass Market,Salary,UPI Payment,2178.82,53465.8,629,No,None,0,0,No Loan,High,Credit Card,Mobile App,Active,No,5,,
1003472,12451,503472,20-12-2025,42,Female,Pune,Mass Market,Salary,Transfer,708.88,7908.1,769,Yes,Business,30392.72,13.86,Approved,Low,Personal Loan,Mobile App,Active,No,5,,
1002374,11529,502374,26-07-2026,31,Female,Delhi,Mass Market,Salary,Withdrawal,5601.12,22209.03,706,No,None,0,0,No Loan,Medium,Insurance,Mobile App,Active,No,5,,
1004858,11892,504858,17-12-2025,36,Male,Hyderabad,Premium,Current,UPI Payment,803.18,18573.24,724,Yes,Education,44198.53,13.8,Approved,Medium,Investment,Mobile App,Active,No,4,,
1001169,10154,501169,22-03-2024,48,Female,Lucknow,Mass Market,Current,Deposit,3490.59,25078.1,687,No,None,0,0,No Loan,Medium,Investment,Internet Banking,Active,No,5,,
1002158,12091,502158,22-04-2025,45,Male,Delhi,Premium,Savings,Deposit,12239.29,12475.75,733,Yes,Home,8912.77,12.62,Approved,Medium,Savings Account,Internet Banking,Active,No,3,,
1002816,10397,502816,05-08-2024,38,Male,Pune,Premium,Current,Deposit,1638.34,87653.03,850,No,None,0,0,No Loan,Low,Credit Card,Mobile App,Active,No,3,,
1000799,12398,500799,23-04-2025,49,Male,Lucknow,Mass Market,Salary,UPI Payment,978.14,75542.74,740,No,None,0,0,No Loan,Medium,Personal Loan,Internet Banking,Active,No,4,,
1003987,10532,503987,19-10-2024,23,Male,Delhi,Premium,Current,UPI Payment,2189.16,21164.21,652,No,None,0,0,No Loan,Medium,Insurance,Internet Banking,Active,Yes,2,,
1000066,10816,500066,28-02-2026,43,Male,Mumbai,Mass Market,Savings,Card Payment,4782.4,215510.46,744,Yes,Education,76664.4,7.11,Active,Medium,Insurance,Internet Banking,Active,No,4,,
1002700,11227,502700,23-12-2024,48,Female,Lucknow,Mass Market,Savings,UPI Payment,1548.71,22900.47,710,No,None,0,0,No Loan,Medium,Investment,Internet Banking,Active,No,5,,
1001505,11764,501505,08-08-2025,23,Male,Pune,Mass Market,Salary,Card Payment,1131.54,117757.82,785,No,None,0,0,No Loan,Low,Insurance,ATM,Active,No,4,,
1000180,11708,500180,16-05-2026,25,Female,Pune,Mass Market,Salary,Withdrawal,5187.76,75082.85,637,No,None,0,0,No Loan,High,Savings Account,ATM,Active,No,4,,
1001422,10989,501422,30-03-2024,39,Male,Hyderabad,Mass Market,Current,UPI Payment,3033.28,8059.77,751,No,None,0,0,No Loan,Low,Credit Card,ATM,Active,No,4,,
1000625,10405,500625,25-06-2024,23,Male,Hyderabad,Premium,Salary,UPI Payment,1844.05,22635.39,669,No,None,0,0,No Loan,Medium,Investment,Mobile App,Active,No,5,,
1000024,12301,500024,10-06-2025,43,Male,Mumbai,Affluent,Savings,Deposit,1750.69,4482.69,630,No,None,0,0,No Loan,High,Fixed Deposit,Mobile App,Active,No,4,,
1002060,11487,502060,30-06-2024,22,Male,Bengaluru,Mass Market,Savings,Withdrawal,2984.06,60425.74,639,No,None,0,0,No Loan,High,Credit Card,Branch,Active,Yes,3,,
1000682,12129,500682,01-06-2026,25,Female,Chennai,Premium,Fixed Deposit,UPI Payment,778.97,38096.98,790,No,None,0,0,No Loan,Low,Insurance,Mobile App,Active,No,4,,
1001631,10608,501631,12-07-2026,24,Male,Ahmedabad,Affluent,Savings,ATM,2523.73,44739.75,693,Yes,Home,38243.36,7.16,Approved,Medium,Personal Loan,Internet Banking,Active,No,5,,
1001091,10707,501091,03-02-2026,51,Male,Delhi,Mass Market,Salary,Withdrawal,2705.61,70611.01,796,No,None,0,0,No Loan,Low,Savings Account,Internet Banking,Active,Yes,3,,
1000502,10235,500502,05-09-2025,38,Female,Chennai,Affluent,Savings,Card Payment,11369.44,66219.36,753,No,None,0,0,No Loan,Low,Home Loan,Mobile App,Active,Yes,4,,
1004444,11969,504444,25-05-2026,44,Male,Hyderabad,Mass Market,Savings,ATM,3275.61,20895.97,817,Yes,Home,448939.38,12.06,Closed,Low,Fixed Deposit,Internet Banking,Active,No,4,,
1000229,11184,500229,12-05-2025,31,Female,Mumbai,Premium,Savings,UPI Payment,2183.69,6307.97,566,No,None,0,0,No Loan,High,Home Loan,ATM,Active,No,4,,
1004138,11339,504138,30-07-2026,24,Male,Delhi,Mass Market,Savings,ATM,1008.81,233541.46,733,No,None,0,0,No Loan,Medium,Credit Card,Branch,Active,No,5,,
1004639,10526,504639,03-05-2026,45,Male,Bengaluru,Affluent,Savings,Card Payment,2819.28,37999.66,785,No,None,0,0,No Loan,Low,Insurance,Phone Banking,Active,No,4,,
1003788,11362,503788,02-07-2026,55,Female,Jaipur,Mass Market,Current,UPI Payment,10218.51,42902.05,755,Yes,Personal,89977.75,15.69,Active,Low,Savings Account,Mobile App,Active,Yes,3,,
1002221,12004,502221,08-06-2026,37,Female,Bengaluru,Mass Market,Savings,UPI Payment,9986.41,495005.94,603,No,None,0,0,No Loan,High,Insurance,Internet Banking,Inactive,No,5,,
1003711,11083,503711,03-02-2025,44,Male,Jaipur,Mass Market,Salary,Card Payment,3130.89,35989.56,796,Yes,Education,60874.01,11.35,Defaulted,Low,Credit Card,Branch,Active,No,3,,
1001413,10586,501413,01-01-2024,30,Female,Mumbai,Affluent,Savings,Withdrawal,1289.47,21992.12,620,No,None,0,0,No Loan,High,Home Loan,Internet Banking,Active,Yes,1,,
1002684,12221,502684,15-03-2026,55,Female,Ahmedabad,Affluent,Salary,Deposit,11906.48,170719.35,667,No,None,0,0,No Loan,Medium,Personal Loan,Phone Banking,Active,No,5,,
1000085,12028,500085,13-07-2026,30,Female,Jaipur,Mass Market,Savings,ATM,2542.22,22891.17,749,No,None,0,0,No Loan,Medium,Home Loan,Branch,Active,No,4,,
1004455,12043,504455,06-08-2024,30,Female,Kolkata,Affluent,Current,UPI Payment,2898.17,40016.23,574,No,None,0,0,No Loan,High,Personal Loan,Internet Banking,Active,No,5,,
1004587,11612,504587,28-12-2024,46,Female,Bengaluru,Premium,Salary,Transfer,1211.28,39025.8,625,Yes,Education,66163.59,8.09,Active,High,Home Loan,Internet Banking,Dormant,No,5,,
1004309,10048,504309,02-07-2025,39,Female,Mumbai,Mass Market,Savings,Withdrawal,5941.12,23217.57,581,No,None,0,0,No Loan,High,Personal Loan,ATM,Active,No,4,,
1002379,11795,502379,12-06-2025,24,Female,Delhi,Affluent,Savings,Deposit,12563,221479.86,657,No,None,0,0,No Loan,Medium,Credit Card,Branch,Active,No,4,,
1002697,12368,502697,12-08-2024,33,Female,Chennai,Mass Market,Savings,UPI Payment,10183.21,25378.38,728,Yes,Education,305334.33,10.44,Active,Medium,Home Loan,Mobile App,Active,No,4,,
1001210,10711,501210,05-04-2026,27,Male,Chennai,Affluent,Current,Withdrawal,273.89,138077.87,723,No,None,0,0,No Loan,Medium,Savings Account,Mobile App,Active,Yes,1,,
1002766,11385,502766,06-03-2024,23,Female,Kolkata,Mass Market,Savings,Deposit,4831.94,88690.04,752,Yes,Education,140161.56,8.94,Closed,Low,Personal Loan,Mobile App,Active,No,4,,
1000334,11907,500334,01-08-2026,33,Female,Pune,Mass Market,Fixed Deposit,Withdrawal,16365.3,54653.13,759,No,None,0,0,No Loan,Low,Home Loan,Mobile App,Active,No,4,,
1002093,10510,502093,09-03-2025,30,Male,Bengaluru,Premium,Savings,Card Payment,6826.68,166952.34,635,Yes,Business,113218.48,11.87,Closed,High,Home Loan,Branch,Active,No,3,,
1000200,11956,500200,16-07-2025,24,Male,Pune,Affluent,Fixed Deposit,Card Payment,2099.87,46395.51,721,Yes,Home,347960.36,8.96,Active,Medium,Personal Loan,ATM,Active,No,4,,
1002883,11151,502883,14-03-2026,32,Male,Ahmedabad,Mass Market,Savings,Card Payment,3015.68,146313.2,750,No,None,0,0,No Loan,Low,Insurance,Branch,Active,No,4,,
1001433,10886,501433,09-07-2024,53,Male,Kolkata,Mass Market,Savings,Transfer,3355.54,26831.68,752,Yes,Home,33721.08,15.51,Closed,Low,Personal Loan,ATM,Active,No,4,,
1000808,10006,500808,22-01-2025,21,Female,Pune,Premium,Current,UPI Payment,2262.52,17471.23,589,No,None,0,0,No Loan,High,Personal Loan,Mobile App,Active,No,5,,
1004195,10628,504195,25-06-2026,30,Female,Pune,Mass Market,Savings,UPI Payment,9246.38,44801,717,No,None,0,0,No Loan,Medium,Investment,Mobile App,Active,No,3,,
1003436,10327,503436,14-04-2026,47,Female,Hyderabad,Mass Market,Savings,Deposit,3761.84,25585.24,700,No,None,0,0,No Loan,Medium,Fixed Deposit,Mobile App,Active,Yes,4,,
1003574,11165,503574,20-01-2025,49,Female,Chennai,Mass Market,Savings,Deposit,2362.58,23380.98,655,Yes,Home,57592.84,9.27,Approved,Medium,Personal Loan,Mobile App,Active,No,3,,
1001030,10723,501030,17-11-2025,26,Male,Delhi,Mass Market,Current,UPI Payment,3375.46,93752.94,704,Yes,Home,140305.52,14.3,Active,Medium,Fixed Deposit,Mobile App,Active,No,4,,
1003493,10271,503493,03-03-2026,46,Female,Chennai,Mass Market,Savings,Transfer,3039.88,29863.67,775,No,None,0,0,No Loan,Low,Savings Account,Mobile App,Active,Yes,3,,
1001520,10338,501520,04-01-2026,24,Male,Lucknow,Affluent,Savings,UPI Payment,4801.71,24366.95,633,No,None,0,0,No Loan,High,Investment,ATM,Inactive,No,5,,
1004849,10784,504849,28-03-2025,37,Male,Lucknow,Premium,Salary,UPI Payment,1584.23,12145.03,719,No,None,0,0,No Loan,Medium,Savings Account,Mobile App,Active,No,5,,
1001955,12494,501955,27-06-2025,21,Male,Delhi,Affluent,Salary,UPI Payment,8569.91,105991.98,694,No,None,0,0,No Loan,Medium,Home Loan,Mobile App,Active,No,5,,
1002405,10188,502405,18-04-2024,39,Female,Pune,Mass Market,Current,Card Payment,2432.61,7748.9,715,No,None,0,0,No Loan,Medium,Investment,Mobile App,Active,No,4,,
1004310,11463,504310,28-04-2024,21,Male,Delhi,Premium,Savings,ATM,2393.03,30762.33,730,No,None,0,0,No Loan,Medium,Credit Card,Mobile App,Inactive,No,5,,
1004131,10573,504131,18-08-2025,35,Male,Pune,Premium,Fixed Deposit,Card Payment,1980.18,107095.66,755,Yes,Education,87634.74,7.57,Approved,Low,Home Loan,Branch,Active,No,5,,
1002122,11732,502122,29-05-2024,57,Male,Hyderabad,Mass Market,Current,ATM,960.2,25473.14,618,Yes,Home,24568.64,14.49,Active,High,Investment,Mobile App,Active,No,5,,
1000080,11181,500080,09-08-2025,26,Male,Mumbai,Affluent,Savings,Deposit,448.06,106167.55,744,No,None,0,0,No Loan,Medium,Investment,Internet Banking,Active,No,4,,
1004293,12154,504293,01-04-2026,39,Male,Bengaluru,Mass Market,Salary,UPI Payment,10078.38,10753.53,717,Yes,Auto,31312.98,7.04,Approved,Medium,Personal Loan,ATM,Active,No,4,,
1003292,12060,503292,10-06-2026,39,Male,Bengaluru,Affluent,Savings,Transfer,6922.3,26849.22,609,Yes,Auto,49152.75,11.89,Active,High,Fixed Deposit,Internet Banking,Active,No,4,,
1003045,10604,503045,05-11-2024,27,Female,Chennai,Mass Market,Savings,Deposit,969.35,13209.99,703,No,None,0,0,No Loan,Medium,Fixed Deposit,Branch,Active,No,4,,
1004733,11904,504733,18-01-2026,47,Female,Mumbai,Mass Market,Savings,ATM,17259.36,6506.46,645,No,None,0,0,No Loan,High,Investment,Internet Banking,Active,No,4,,
1003167,12257,503167,17-06-2026,35,Male,Chennai,Mass Market,Savings,Withdrawal,2243.86,14682.38,702,No,None,0,0,No Loan,Medium,Savings Account,Mobile App,Active,No,5,,
1004542,10661,504542,18-12-2024,28,Female,Chennai,High Net Worth,Savings,Card Payment,12050.96,39793,729,No,None,0,0,No Loan,Medium,Investment,Internet Banking,Active,No,5,,
1002074,11639,502074,10-04-2024,42,Male,Kolkata,Affluent,Fixed Deposit,Deposit,1260.25,28243.3,783,Yes,Business,220893.96,7.84,Active,Low,Credit Card,Internet Banking,Inactive,No,5,,
1000734,11281,500734,12-08-2024,40,Male,Mumbai,Affluent,Savings,Transfer,2942.15,15821.77,744,No,None,0,0,No Loan,Medium,Credit Card,Mobile App,Active,No,4,,
1003952,12027,503952,07-07-2026,44,Male,Chennai,Mass Market,Salary,UPI Payment,7884.6,12760.01,742,No,None,0,0,No Loan,Medium,Savings Account,Mobile App,Inactive,No,4,,
1003434,12177,503434,04-04-2025,38,Female,Jaipur,Affluent,Savings,Card Payment,7323.67,85720.97,652,Yes,Business,81068.53,12.27,Active,Medium,Savings Account,Mobile App,Active,No,4,,
1002219,12172,502219,18-08-2024,43,Male,Mumbai,Mass Market,Savings,Deposit,3395.31,19124.02,647,No,None,0,0,No Loan,High,Credit Card,Internet Banking,Active,No,5,,
1001742,12034,501742,26-07-2026,52,Female,Ahmedabad,Mass Market,Current,UPI Payment,1979.26,21915.37,674,No,None,0,0,No Loan,Medium,Fixed Deposit,Mobile App,Active,No,3,,
1000297,10607,500297,30-12-2025,51,Male,Ahmedabad,Mass Market,Salary,ATM,1453.92,30705.84,769,Yes,Education,18741.86,11.01,Active,Low,Credit Card,Mobile App,Active,No,4,,
1003560,10895,503560,10-04-2024,24,Male,Kolkata,Mass Market,Savings,Transfer,3153.09,44140.64,587,No,None,0,0,No Loan,High,Insurance,Internet Banking,Active,No,4,,
1000712,11490,500712,04-02-2025,41,Female,Lucknow,Mass Market,Current,Card Payment,2520.11,11387.46,641,No,None,0,0,No Loan,High,Home Loan,ATM,Dormant,No,4,,
1000897,11047,500897,20-11-2024,31,Female,Hyderabad,Mass Market,Current,UPI Payment,996.79,83276.41,641,No,None,0,0,No Loan,High,Home Loan,Mobile App,Active,No,4,,
1003950,10251,503950,14-01-2025,41,Female,,Premium,Salary,Transfer,24282.76,44235.25,760,No,None,0,0,No Loan,Low,Insurance,Branch,Active,No,5,,
1000374,10741,500374,26-07-2026,41,Male,Ahmedabad,Mass Market,Savings,Card Payment,1642.18,14113.88,783,No,None,0,0,No Loan,Low,Home Loan,Branch,Active,No,5,,
1001558,10887,501558,04-10-2025,41,Male,Mumbai,Premium,Savings,Card Payment,1239.82,21474.23,543,No,None,0,0,No Loan,High,Personal Loan,Internet Banking,Active,No,3,,
1004149,10288,504149,28-10-2024,21,Male,Ahmedabad,Affluent,Savings,Card Payment,5777.33,37468.1,671,No,None,0,0,No Loan,Medium,Investment,ATM,Active,No,5,,
1001500,10378,501500,22-10-2025,34,Male,Kolkata,Mass Market,Savings,Card Payment,1052.04,26783.65,776,Yes,Business,368402.11,14.89,Closed,Low,Savings Account,Mobile App,Active,No,4,,
1004618,10072,504618,05-12-2024,43,Male,Hyderabad,Mass Market,Salary,Card Payment,3299.79,16610.13,711,No,None,0,0,No Loan,Medium,Investment,Mobile App,Active,No,4,,
1000472,10596,500472,30-01-2025,31,Male,Jaipur,Affluent,Salary,UPI Payment,1096.11,116155.77,713,No,None,0,0,No Loan,Medium,Insurance,Phone Banking,Active,No,5,,
1001035,10286,501035,22-03-2025,29,Male,Bengaluru,Mass Market,Current,Deposit,1468.52,20462.59,751,No,None,0,0,No Loan,Low,Home Loan,Internet Banking,Active,No,4,,
1001515,11088,501515,12-06-2025,40,Male,Bengaluru,Premium,Current,UPI Payment,14117.69,59662.76,781,No,None,0,0,No Loan,Low,Insurance,Branch,Active,No,5,,
1004237,10564,504237,10-07-2024,44,Male,Ahmedabad,Affluent,Salary,UPI Payment,1363.38,15147.8,722,No,None,0,0,No Loan,Medium,Personal Loan,Internet Banking,Active,No,5,,
1001733,11318,501733,18-10-2025,40,Male,Mumbai,Mass Market,Savings,Deposit,1992.49,20667.82,680,No,None,0,0,No Loan,Medium,Insurance,Internet Banking,Active,No,5,,
1001271,11166,501271,01-09-2025,55,Female,Pune,Affluent,Fixed Deposit,Deposit,6407.28,99078.28,654,Yes,Auto,143831.76,14.38,Active,Medium,Fixed Deposit,Mobile App,Active,No,5,,
1003935,10856,503935,19-05-2026,25,Female,Kolkata,Premium,Savings,Transfer,6917.95,101926.23,711,Yes,Home,46817.56,15.94,Closed,Medium,Home Loan,ATM,Inactive,No,3,,
1004437,10614,504437,04-10-2025,24,Female,Bengaluru,Premium,Savings,Card Payment,3957.23,19158.99,714,No,None,0,0,No Loan,Medium,Home Loan,Mobile App,Active,No,5,,
1004419,10953,504419,13-04-2024,46,Male,Hyderabad,Affluent,Fixed Deposit,Transfer,1738.11,21244.32,714,No,None,0,0,No Loan,Medium,Savings Account,ATM,Inactive,No,5,,
1002586,10227,502586,13-12-2024,41,Female,Kolkata,Affluent,Savings,Transfer,614.88,5564.9,636,No,None,0,0,No Loan,High,Personal Loan,Mobile App,Active,No,4,,
1003636,11425,503636,20-11-2025,48,Male,Jaipur,Mass Market,Current,Card Payment,2312.41,22026.83,673,No,None,0,0,No Loan,Medium,Insurance,Branch,Active,No,5,,
1000656,11078,500656,05-03-2024,30,Male,Delhi,Mass Market,Current,Deposit,2085.94,75018.09,687,No,None,0,0,No Loan,Medium,Credit Card,Mobile App,Active,No,4,,
1001293,11086,501293,26-04-2025,36,Male,Mumbai,Affluent,Savings,Card Payment,896.52,20411.75,791,No,None,0,0,No Loan,Low,Credit Card,ATM,Active,No,4,,
1004752,10030,504752,23-08-2026,47,Female,Kolkata,Mass Market,Savings,UPI Payment,3939.72,22069.08,670,No,None,0,0,No Loan,Medium,Personal Loan,ATM,Active,No,4,,
1000427,10852,500427,01-03-2025,27,,Bengaluru,High Net Worth,Current,Deposit,2417.4,63747.68,702,No,None,0,0,No Loan,Medium,Savings Account,Mobile App,Active,No,4,,
1002421,10906,502421,01-01-2026,21,Male,Mumbai,Mass Market,Savings,Card Payment,2938.71,15905.62,781,No,None,0,0,No Loan,Low,Fixed Deposit,Internet Banking,Inactive,No,5,,
1002136,10393,502136,26-08-2024,34,Female,Ahmedabad,Mass Market,Current,Deposit,14264.87,3501.6,698,No,None,0,0,No Loan,Medium,Investment,Mobile App,Active,No,4,,
1001075,10944,501075,19-02-2026,36,Male,Bengaluru,Mass Market,Savings,UPI Payment,1002.87,44792.41,646,No,None,0,0,No Loan,High,Home Loan,Internet Banking,Active,No,4,,
1004840,12213,504840,07-02-2025,40,Female,Hyderabad,Premium,Savings,Deposit,1898.98,141560.88,759,No,None,0,0,No Loan,Low,Fixed Deposit,Internet Banking,Active,No,4,,
1001323,10781,501323,07-06-2026,40,Male,Lucknow,Affluent,Savings,UPI Payment,2261.2,65649.76,698,Yes,Education,246034.16,8.03,Active,Medium,Insurance,Mobile App,Active,No,5,,
1000415,11782,500415,02-08-2025,22,Male,Chennai,Mass Market,Current,Card Payment,8182.27,293686.78,789,Yes,Education,42792.88,15.64,Active,Low,Credit Card,Mobile App,Active,No,4,,
1002485,11081,502485,26-06-2026,28,Male,Delhi,Mass Market,Savings,Card Payment,679.78,29603.97,728,No,None,0,0,No Loan,Medium,Savings Account,Branch,Active,No,3,,
1002147,10776,502147,14-01-2025,31,Other,Ahmedabad,Mass Market,Salary,ATM,1083.76,349555.75,732,No,None,0,0,No Loan,Medium,Credit Card,Mobile App,Active,Yes,3,,
1000590,10740,500590,15-12-2025,45,Female,Ahmedabad,Mass Market,Salary,Card Payment,868.46,62454.1,705,No,None,0,0,No Loan,Medium,Home Loan,Mobile App,Inactive,No,5,,
1000169,12161,500169,02-03-2025,46,Male,Ahmedabad,Premium,Savings,Withdrawal,1575.21,44006.67,715,Yes,Auto,41285.06,7.64,Defaulted,Medium,Home Loan,Mobile App,Active,No,4,,
1003519,11539,503519,10-11-2025,38,Female,Delhi,Mass Market,Current,Deposit,11472.97,12383.22,794,No,None,0,0,No Loan,Low,Fixed Deposit,Internet Banking,Active,No,4,,
1002241,10598,502241,09-03-2024,29,Male,Kolkata,Mass Market,Savings,UPI Payment,1935.75,7411.57,801,Yes,Auto,37449.67,14.26,Approved,Low,Fixed Deposit,Branch,Active,No,5,,
1000997,10763,500997,21-01-2025,24,Male,Hyderabad,Mass Market,Savings,UPI Payment,10185.08,25372.91,516,No,None,0,0,No Loan,High,Investment,ATM,Active,No,5,,
1003670,10518,503670,05-10-2024,56,Male,Jaipur,Mass Market,Savings,Withdrawal,852.58,12804.53,750,No,None,0,0,No Loan,Low,Investment,Mobile App,Active,No,5,,
1001865,11196,501865,14-09-2024,46,Female,Chennai,Premium,Savings,Deposit,9149.56,7611.13,653,No,None,0,0,No Loan,Medium,Personal Loan,Internet Banking,Active,No,4,,
1000009,10331,500009,13-04-2024,60,Male,Chennai,Mass Market,Savings,ATM,1490.86,9650.24,684,Yes,Education,100651.74,12.1,Active,Medium,Savings Account,Mobile App,Active,No,4,,
1003186,12189,503186,14-05-2026,21,Male,Pune,Mass Market,Savings,Withdrawal,1599.16,9785,724,No,None,0,0,No Loan,Medium,Personal Loan,Mobile App,Active,No,4,,
1000498,10634,500498,28-11-2024,35,Female,Hyderabad,Mass Market,Savings,Deposit,1867.2,18682.94,672,No,None,0,0,No Loan,Medium,Home Loan,Mobile App,Inactive,No,4,,
1004335,10053,504335,23-04-2024,35,Male,Bengaluru,Mass Market,Salary,Deposit,3102.61,40464.33,694,No,None,0,0,No Loan,Medium,Savings Account,Mobile App,Active,No,5,,
1000145,11401,500145,18-09-2025,28,Male,Jaipur,Affluent,Current,Deposit,5079.97,4137.37,714,No,None,0,0,No Loan,Medium,Investment,Mobile App,Active,No,5,,
1000658,10389,500658,24-10-2025,47,Female,Delhi,Mass Market,Current,Transfer,1922.37,5924.04,607,No,None,0,0,No Loan,High,Credit Card,Mobile App,Dormant,No,5,,
1002026,11134,502026,08-04-2024,36,Female,Lucknow,Affluent,Current,Withdrawal,1544.92,43220.49,731,No,None,0,0,No Loan,Medium,Insurance,Branch,Active,No,4,,
1000298,10700,500298,16-09-2024,50,Female,Delhi,Mass Market,Current,Deposit,2663.88,50276.56,694,Yes,Business,84066.45,14.27,Approved,Medium,Credit Card,Mobile App,Active,No,5,,
1003781,10331,503781,08-05-2026,32,Male,Delhi,Mass Market,Savings,UPI Payment,2977.34,18499.63,645,No,None,0,0,No Loan,High,Savings Account,ATM,Active,No,4,,
1001254,10029,501254,24-08-2026,46,Female,Kolkata,Mass Market,Savings,Deposit,543.72,231114.23,850,Yes,Auto,180162.8,7.35,Approved,Low,Personal Loan,Mobile App,Active,No,5,,
1000152,11435,500152,20-01-2024,28,Female,Lucknow,Mass Market,Savings,Transfer,3054.42,47429.28,822,No,None,0,0,No Loan,Low,Personal Loan,Mobile App,Inactive,No,5,,
1001744,10129,501744,15-05-2026,29,Female,Mumbai,Premium,Savings,ATM,5178.13,13408.28,538,No,None,0,0,No Loan,High,Investment,ATM,Inactive,Yes,3,,
1002628,12296,502628,02-07-2024,31,Male,Kolkata,Mass Market,Salary,Transfer,4975.24,7821.12,686,No,None,0,0,No Loan,Medium,Fixed Deposit,Internet Banking,Inactive,No,4,,
1001198,11751,501198,19-06-2024,40,Male,Lucknow,Affluent,Salary,Card Payment,16528.68,55388.79,764,No,None,0,0,No Loan,Low,Fixed Deposit,ATM,Active,No,5,,
1003228,11037,503228,15-04-2025,22,Female,Kolkata,Mass Market,Savings,Withdrawal,1366.66,140553.45,693,No,None,0,0,No Loan,Medium,Credit Card,Mobile App,Active,No,3,,
1003162,10991,503162,20-06-2024,40,Female,,Mass Market,Current,UPI Payment,2508.66,50249.11,688,No,None,0,0,No Loan,Medium,Savings Account,Phone Banking,Active,No,5,,
1004835,10228,504835,28-03-2024,44,Female,Bengaluru,Mass Market,Savings,Card Payment,1935.83,11460.43,681,No,None,0,0,No Loan,Medium,Investment,Internet Banking,Inactive,No,5,,
1003409,11630,503409,19-03-2024,21,Female,Jaipur,Premium,Savings,Card Payment,2984.25,222463.81,678,Yes,Business,116296.36,15.3,Closed,Medium,Insurance,Mobile App,Inactive,No,4,,
1001393,12404,501393,02-06-2024,40,Male,Kolkata,Mass Market,Savings,ATM,8263.41,19582.5,734,No,None,0,0,No Loan,Medium,Insurance,Phone Banking,Active,No,5,,
1003941,11031,503941,27-01-2026,36,Female,Delhi,Affluent,Salary,UPI Payment,4128.03,5521.92,725,No,None,0,0,No Loan,Medium,Credit Card,Mobile App,Active,No,5,,
1001414,11257,501414,26-07-2025,27,Male,Delhi,Affluent,Savings,Withdrawal,1802.26,75752.39,703,No,None,0,0,No Loan,Medium,Home Loan,ATM,Active,Yes,3,,
1001540,12140,501540,02-06-2024,21,Male,Ahmedabad,Affluent,Savings,Card Payment,11334.94,70763.03,704,No,None,0,0,No Loan,Medium,Home Loan,Internet Banking,Active,No,4,,
1002588,11396,502588,18-04-2025,42,Female,Mumbai,Affluent,Salary,UPI Payment,7496.29,26457.91,726,Yes,Home,58225.5,8.1,Active,Medium,Investment,Branch,Active,No,4,,
1001706,11275,501706,02-06-2024,33,Male,Jaipur,Mass Market,Savings,Deposit,590.53,21686.8,637,No,None,0,0,No Loan,High,Fixed Deposit,Mobile App,Active,No,5,,
1003833,10121,503833,14-06-2024,37,,Lucknow,Mass Market,Current,Card Payment,7277.91,38218.56,669,No,None,0,0,No Loan,Medium,Fixed Deposit,Internet Banking,Active,No,5,,
1002999,12321,502999,05-12-2025,47,Male,Jaipur,Mass Market,Savings,UPI Payment,13299.28,24326.35,618,No,None,0,0,No Loan,High,Fixed Deposit,Internet Banking,Active,No,4,,
1004530,10948,504530,22-03-2025,21,Female,Hyderabad,Affluent,Savings,Transfer,2007.3,17180.03,740,Yes,Auto,91520.16,7.82,Closed,Medium,Personal Loan,Internet Banking,Active,No,4,,
1004260,11362,504260,09-05-2024,51,Male,Ahmedabad,Affluent,Savings,Transfer,4719.02,78160.78,713,Yes,Auto,32737.1,12.97,Approved,Medium,Fixed Deposit,ATM,Active,No,4,,
1003610,12331,503610,27-01-2026,26,Female,Chennai,Mass Market,Salary,Card Payment,4203.42,2450.02,685,No,None,0,0,No Loan,Medium,Fixed Deposit,Mobile App,Inactive,No,5,,
1001445,12429,501445,10-10-2024,45,Female,Pune,Mass Market,Savings,Withdrawal,1385.45,81909.5,726,Yes,Auto,69860.83,8.66,Approved,Medium,Home Loan,ATM,Active,Yes,2,,
1000101,10503,500101,13-07-2026,48,Male,Ahmedabad,Affluent,Salary,Transfer,1592.55,16734.26,678,No,None,0,0,No Loan,Medium,Insurance,Mobile App,Active,No,5,,
1002820,11357,502820,11-09-2024,45,Female,Jaipur,Mass Market,Savings,UPI Payment,6946.6,3759.53,680,Yes,Personal,228395.52,8.72,Active,Medium,Credit Card,Internet Banking,Active,No,4,,
1001205,10489,501205,30-06-2024,35,Male,Delhi,Mass Market,Salary,Withdrawal,3194.14,3976.33,685,No,None,0,0,No Loan,Medium,Personal Loan,Mobile App,Active,No,3,,
1001324,10893,501324,29-11-2025,38,Male,Hyderabad,Affluent,Current,Transfer,1556.97,17366.14,690,No,None,0,0,No Loan,Medium,Credit Card,Internet Banking,Active,No,4,,
1001026,10990,501026,13-07-2025,25,Female,Bengaluru,Mass Market,Fixed Deposit,Withdrawal,1589.36,10833.3,723,Yes,Personal,123564.38,12.88,Closed,Medium,Credit Card,Internet Banking,Active,No,5,,
1004059,12016,504059,31-07-2024,43,Male,Jaipur,Premium,Savings,Transfer,1115.72,10003.45,726,Yes,Business,38483.07,11.11,Closed,Medium,Investment,Internet Banking,Active,Yes,3,,
1001616,11231,501616,11-09-2025,33,Male,Lucknow,Affluent,Current,Transfer,4513.43,6414.05,732,No,None,0,0,No Loan,Medium,Investment,Mobile App,Active,No,4,,
1002388,10922,502388,14-10-2024,38,Female,Bengaluru,High Net Worth,Current,Deposit,2216.28,50616.75,645,No,None,0,0,No Loan,High,Insurance,ATM,Active,No,4,,
1001753,11143,501753,03-10-2025,58,Male,Pune,Mass Market,Savings,Transfer,3039.15,48402.89,740,No,None,0,0,No Loan,Medium,Insurance,Mobile App,Active,No,5,,
1004999,10195,504999,15-11-2024,21,Female,Kolkata,Mass Market,Current,Transfer,3660.36,20260.75,662,No,None,0,0,No Loan,Medium,Home Loan,Internet Banking,Active,No,4,,
1001232,10131,501232,25-04-2026,54,Male,Pune,Mass Market,Savings,Withdrawal,5544.48,1500.42,740,No,None,0,0,No Loan,Medium,Personal Loan,Internet Banking,Active,No,5,,
1004422,11292,504422,26-09-2025,30,Female,Mumbai,Mass Market,Savings,UPI Payment,3591.16,197786.66,741,Yes,Personal,54302.96,12,Closed,Medium,Savings Account,Internet Banking,Inactive,No,3,,
1003012,11890,503012,23-10-2024,40,Male,Jaipur,Mass Market,Salary,Withdrawal,1308.64,16694.68,653,No,None,0,0,No Loan,Medium,Insurance,ATM,Active,No,5,,
1002506,11092,502506,14-02-2024,52,Male,Chennai,Affluent,Savings,Card Payment,2711.55,46593.17,792,Yes,Education,204730.22,10.13,Active,Low,Personal Loan,Mobile App,Active,No,4,,
1004382,10781,504382,26-01-2025,27,Female,Jaipur,Affluent,Salary,Withdrawal,2007.37,35716.74,708,No,None,0,0,No Loan,Medium,Personal Loan,Branch,Active,Yes,4,,
1001211,10401,501211,08-12-2025,39,Male,Chennai,Affluent,Savings,Deposit,2721.49,19773.58,670,Yes,Auto,21105.73,12.67,Active,Medium,Investment,Internet Banking,Active,No,4,,
1003945,10821,503945,09-07-2025,44,Male,Chennai,Mass Market,Current,Withdrawal,5365.85,71683.64,678,No,None,0,0,No Loan,Medium,Personal Loan,Mobile App,Active,Yes,5,,
1001913,11604,501913,02-03-2026,31,Female,Jaipur,Premium,Current,Withdrawal,5312.73,37536.85,665,Yes,Home,150512.95,10.3,Active,Medium,Investment,Branch,Active,No,4,,
1003527,10420,503527,04-09-2024,48,Male,Mumbai,Affluent,Savings,Transfer,20883.61,15704.67,667,No,None,0,0,No Loan,Medium,Home Loan,Mobile App,Active,No,4,,
1002528,11815,502528,18-11-2025,38,Male,Ahmedabad,Mass Market,Savings,UPI Payment,4395.21,30733.38,716,No,None,0,0,No Loan,Medium,Credit Card,Internet Banking,Inactive,Yes,3,,
1002606,11441,502606,23-11-2025,36,Male,Kolkata,Affluent,Current,Deposit,5494.4,268380.84,670,No,None,0,0,No Loan,Medium,Insurance,Internet Banking,Active,No,5,,
1003984,10082,503984,17-11-2025,42,Male,Lucknow,Affluent,Current,Deposit,6417.91,14848.94,646,No,None,0,0,No Loan,High,Credit Card,Internet Banking,Active,No,5,,
1000473,11904,500473,14-09-2025,23,Female,Mumbai,Mass Market,Savings,UPI Payment,7284.22,125307.17,,No,None,0,0,No Loan,Low,Insurance,Branch,Inactive,No,5,,
1002844,10594,502844,03-06-2024,48,Male,Pune,Mass Market,Fixed Deposit,UPI Payment,3681.69,32567.28,659,No,None,0,0,No Loan,Medium,Fixed Deposit,Internet Banking,Active,No,5,,
1004215,10465,504215,18-06-2026,36,Male,Ahmedabad,Mass Market,Savings,Card Payment,10182,28573.48,825,No,None,0,0,No Loan,Low,Insurance,Phone Banking,Active,Yes,3,,
1004081,10690,504081,08-08-2024,63,Female,Delhi,Mass Market,Current,Card Payment,3871.54,59475.66,574,Yes,Home,26553.82,8.1,Closed,High,Credit Card,Mobile App,Active,No,4,,
1003596,11908,503596,28-02-2026,41,Male,Bengaluru,Mass Market,Current,Deposit,2104.99,7877.33,615,No,None,0,0,No Loan,High,Fixed Deposit,Internet Banking,Active,No,5,,
1001256,12033,501256,10-04-2026,49,Female,Delhi,Affluent,Savings,ATM,10672.5,8492.66,754,No,None,0,0,No Loan,Low,Savings Account,Mobile App,Active,No,5,,
1004773,12453,504773,20-05-2024,32,Male,Bengaluru,Premium,Salary,Withdrawal,701.64,81670.87,793,No,None,0,0,No Loan,Low,Investment,Mobile App,Active,No,5,,
1001748,10517,501748,30-04-2024,47,Male,Lucknow,Mass Market,Salary,Deposit,8124.47,36572.84,589,No,None,0,0,No Loan,High,Fixed Deposit,Internet Banking,Active,No,5,,
1003917,12378,503917,24-04-2025,28,Male,Chennai,Mass Market,Savings,Card Payment,2056.9,13203.11,645,Yes,Business,303765.57,12.57,Active,High,Savings Account,Internet Banking,Active,No,5,,
1004979,10280,504979,28-06-2025,50,Female,Lucknow,High Net Worth,Savings,Deposit,98937.07,119013.82,762,No,None,0,0,No Loan,Low,Savings Account,Branch,Active,No,4,,
1003297,10973,503297,28-05-2026,36,Male,,High Net Worth,Salary,Card Payment,3145.51,17323.64,756,No,None,0,0,No Loan,Low,Investment,ATM,Active,No,4,,
1003265,11816,503265,18-07-2025,29,Male,Lucknow,High Net Worth,Fixed Deposit,Card Payment,590.8,4310.86,589,No,None,0,0,No Loan,High,Fixed Deposit,Mobile App,Active,No,5,,
1000249,11920,500249,19-01-2026,30,Male,Ahmedabad,Mass Market,Salary,Deposit,8228.5,22752.9,783,No,None,0,0,No Loan,Low,Investment,Mobile App,Active,No,5,,
1000034,11268,500034,05-03-2026,27,Female,Delhi,Mass Market,Current,Card Payment,893.22,14125.23,747,No,None,0,0,No Loan,Medium,Savings Account,Internet Banking,Active,Yes,2,,
1002797,10892,502797,14-09-2024,37,Male,Bengaluru,Mass Market,Savings,Deposit,2029.55,6223.36,677,No,None,0,0,No Loan,Medium,Savings Account,Phone Banking,Inactive,No,4,,
1003684,10208,503684,21-03-2025,46,Male,Lucknow,Affluent,Salary,Card Payment,3558.52,44853.02,768,No,None,0,0,No Loan,Low,Home Loan,Mobile App,Inactive,No,5,,
1000506,11198,500506,11-02-2025,30,Female,Jaipur,Mass Market,Current,UPI Payment,3080.68,84378.87,658,No,None,0,0,No Loan,Medium,Fixed Deposit,Branch,Active,Yes,3,,
1003081,10542,503081,12-07-2025,34,Male,Jaipur,Mass Market,Current,UPI Payment,682.23,4828.61,708,No,None,0,0,No Loan,Medium,Investment,Internet Banking,Active,No,5,,
1000894,10616,500894,04-06-2026,35,Female,Hyderabad,Affluent,Salary,Deposit,3931.41,13997.37,787,No,None,0,0,No Loan,Low,Investment,Internet Banking,Active,No,5,,
1000627,10476,500627,13-02-2025,21,Male,Kolkata,Premium,Savings,Withdrawal,8237.76,78778.1,658,No,None,0,0,No Loan,Medium,Insurance,Branch,Active,No,3,,
1003190,11996,503190,03-06-2025,23,Female,Bengaluru,Mass Market,Savings,Transfer,3867.24,33243.6,625,No,None,0,0,No Loan,High,Investment,Internet Banking,Dormant,No,5,,
1001673,10261,501673,02-09-2024,24,Female,Ahmedabad,Premium,Savings,UPI Payment,2846.17,26384.51,687,No,None,0,0,No Loan,Medium,Insurance,Mobile App,Active,No,4,,
1002518,10447,502518,20-08-2026,21,Male,Jaipur,Mass Market,Savings,Card Payment,1228.02,133559.77,798,Yes,Education,7878.09,15.11,Closed,Low,Personal Loan,Mobile App,Inactive,No,4,,
1002723,11791,502723,11-07-2026,37,Female,Lucknow,Mass Market,Salary,Card Payment,6221.56,171195.65,689,Yes,Business,79074.49,9.24,Closed,Medium,Home Loan,Mobile App,Active,No,5,,
1003040,10715,503040,06-07-2024,29,Female,Lucknow,Premium,Savings,Deposit,1851.43,29056.66,695,Yes,Personal,38395.84,14.14,Closed,Medium,Credit Card,ATM,Dormant,No,4,,
1001872,10521,501872,13-03-2026,21,Female,Kolkata,Affluent,Savings,UPI Payment,970.36,68925.2,612,No,None,0,0,No Loan,High,Personal Loan,ATM,Active,No,5,,
1002852,11794,502852,25-06-2026,28,Male,Kolkata,Mass Market,Fixed Deposit,Withdrawal,1711.92,52535.16,671,No,None,0,0,No Loan,Medium,Credit Card,Mobile App,Dormant,No,4,,
1000970,11793,500970,04-08-2026,39,Male,Bengaluru,Mass Market,Savings,Deposit,3476.86,694951.04,721,No,None,0,0,No Loan,Medium,Credit Card,ATM,Active,No,3,,
1000417,11632,500417,22-12-2025,51,Female,Pune,Mass Market,Savings,Card Payment,1559.11,22745.83,633,No,None,0,0,No Loan,High,Personal Loan,ATM,Dormant,No,5,,
1001361,10318,501361,20-06-2026,35,Male,Hyderabad,Premium,Savings,Deposit,2769.67,21434.71,732,No,None,0,0,No Loan,Medium,Home Loan,Internet Banking,Active,No,4,,
1000231,11683,500231,16-01-2026,21,Female,Mumbai,Affluent,Savings,ATM,1950.55,11461.58,849,No,None,0,0,No Loan,Low,Investment,Internet Banking,Dormant,No,5,,
1004871,11874,504871,21-03-2026,24,Female,Lucknow,Mass Market,Current,Withdrawal,1647.36,48291.28,592,Yes,Business,165583.69,11.37,Defaulted,High,Credit Card,Mobile App,Active,No,4,,
1003660,12386,503660,24-06-2025,30,Female,Lucknow,Premium,Salary,Deposit,2552.76,13963.37,719,No,None,0,0,No Loan,Medium,Insurance,Branch,Inactive,Yes,2,,
1000545,11959,500545,16-03-2025,23,Female,Delhi,Affluent,Savings,Transfer,1061.48,39879.55,784,No,None,0,0,No Loan,Low,Investment,Phone Banking,Active,Yes,2,,
1001245,10546,501245,22-07-2026,35,Male,Delhi,Mass Market,Savings,Card Payment,6019.67,17010.76,692,No,None,0,0,No Loan,Medium,Personal Loan,Mobile App,Active,No,5,,
1003318,10393,503318,03-08-2026,28,Female,Lucknow,Mass Market,Fixed Deposit,Card Payment,3170.97,16961.11,733,No,None,0,0,No Loan,Medium,Home Loan,Phone Banking,Active,Yes,4,,
1000995,10955,500995,04-02-2024,28,Male,Pune,Affluent,Salary,Deposit,434.93,77682.77,736,No,None,0,0,No Loan,Medium,Home Loan,Branch,Inactive,No,4,,
1001621,10159,501621,09-07-2025,21,Male,Mumbai,Mass Market,Fixed Deposit,Transfer,557.45,14513.03,626,No,None,0,0,No Loan,High,Home Loan,Internet Banking,Active,No,4,,
1001757,10303,501757,15-05-2026,41,Male,Mumbai,Mass Market,Savings,UPI Payment,9140.76,3452.95,663,No,None,0,0,No Loan,Medium,Fixed Deposit,Mobile App,Inactive,No,4,,
1004821,11861,504821,20-03-2026,51,Female,Jaipur,Premium,Current,UPI Payment,3006.73,7897.68,768,No,None,0,0,No Loan,Low,Fixed Deposit,Internet Banking,Active,No,5,,
1001341,11561,501341,02-01-2024,33,Male,Hyderabad,Mass Market,Savings,ATM,3514.56,8710.61,598,No,None,0,0,No Loan,High,Home Loan,ATM,Active,No,3,,
1001819,10891,501819,16-07-2025,45,Female,Delhi,Affluent,Savings,Card Payment,4538.05,60848.5,583,Yes,Home,48152.2,13.79,Defaulted,High,Personal Loan,Branch,Inactive,No,3,,
1000813,11871,500813,07-06-2026,43,Female,Jaipur,Affluent,Savings,Card Payment,1629.7,207569.97,723,Yes,Business,95269.19,12.12,Active,Medium,Personal Loan,Mobile App,Active,No,4,,
1003510,10825,503510,13-01-2025,48,Other,Delhi,Premium,Savings,Deposit,2268.87,125558.95,706,No,None,0,0,No Loan,Medium,Savings Account,ATM,Active,No,5,,
1003910,10412,503910,24-08-2024,33,Female,Pune,Mass Market,Savings,UPI Payment,2033.19,15000.27,726,No,None,0,0,No Loan,Medium,Fixed Deposit,Mobile App,Active,Yes,3,,
1003009,12047,503009,15-03-2024,30,Female,Kolkata,Mass Market,Salary,Deposit,1750.44,10597.34,773,No,None,0,0,No Loan,Low,Fixed Deposit,ATM,Dormant,Yes,3,,
1003969,10429,503969,09-09-2025,35,Male,Jaipur,Mass Market,Savings,ATM,5976.21,76919.63,714,No,None,0,0,No Loan,Medium,Insurance,Mobile App,Active,Yes,1,,
1004994,10440,504994,16-03-2025,32,Female,Ahmedabad,Affluent,Savings,UPI Payment,1399.15,47978.14,745,Yes,Personal,115663.13,10.97,Active,Medium,Insurance,Mobile App,Active,Yes,5,,
1003621,11538,503621,17-12-2025,45,Female,Delhi,Mass Market,Salary,Card Payment,3322.77,78571.98,791,Yes,Business,31239.93,9.3,Active,Low,Home Loan,Mobile App,Active,Yes,4,,
1001085,10082,501085,22-03-2024,43,Female,Pune,Mass Market,Salary,Card Payment,3051.08,88775.72,750,No,None,0,0,No Loan,Low,Personal Loan,Mobile App,Active,No,4,,
1001104,11388,501104,03-04-2024,39,Female,Hyderabad,Mass Market,Savings,UPI Payment,2343.07,12061.25,765,Yes,Business,89696.71,15.75,Approved,Low,Fixed Deposit,Mobile App,Active,Yes,3,,
1000932,11933,500932,14-08-2025,28,Male,Ahmedabad,Affluent,Savings,UPI Payment,1524.17,33119.96,720,Yes,Business,72956.86,13.82,Closed,Medium,Fixed Deposit,Phone Banking,Active,No,5,,
1003059,12491,503059,18-04-2024,42,Male,Kolkata,Mass Market,Savings,ATM,3538.7,18705.64,757,No,None,0,0,No Loan,Low,Investment,ATM,Active,No,,,
1003879,11309,503879,28-03-2026,32,Female,Jaipur,Mass Market,Current,Deposit,3349.86,15835.93,694,Yes,Education,55110.77,11.19,Active,Medium,Home Loan,Mobile App,Active,No,4,,
1001145,10693,501145,21-09-2024,32,Male,Ahmedabad,Affluent,Savings,ATM,1419.16,32812.99,637,No,None,0,0,No Loan,High,Fixed Deposit,Internet Banking,Active,No,4,,
1000423,12306,500423,25-03-2025,25,Female,Mumbai,Mass Market,Current,UPI Payment,2923.91,78028.6,,No,None,0,0,No Loan,Medium,Credit Card,Mobile App,Active,No,3,,
1001437,12354,501437,16-12-2025,59,Female,Chennai,Mass Market,Current,Deposit,3398.27,54932.05,678,No,None,0,0,No Loan,Medium,Home Loan,Branch,Active,No,4,,
1000725,11145,500725,29-07-2026,52,Male,Chennai,Affluent,Salary,ATM,4134.42,45152.82,660,No,None,0,0,No Loan,Medium,Home Loan,Mobile App,Active,No,4,,
1001418,10572,501418,01-06-2025,29,Male,Mumbai,Mass Market,Savings,Card Payment,1554.9,22319.3,742,No,None,0,0,No Loan,Medium,Savings Account,Internet Banking,Active,No,5,,
1003738,10176,503738,06-03-2024,29,Male,Chennai,High Net Worth,Savings,Withdrawal,4444.04,46652.6,743,Yes,Auto,281609.83,10.69,Defaulted,Medium,Insurance,Mobile App,Active,No,4,,
1003567,10167,503567,10-05-2026,38,Female,Lucknow,Mass Market,Salary,Deposit,2307.93,8861.02,747,No,None,0,0,No Loan,Medium,Personal Loan,Mobile App,Active,No,5,,
1000927,11858,500927,19-08-2024,35,Female,Hyderabad,Mass Market,Salary,Transfer,1111.49,93489.14,729,No,None,0,0,No Loan,Medium,Investment,Mobile App,Active,No,4,,
1002291,10314,502291,10-12-2025,33,Male,Delhi,Mass Market,Savings,ATM,2956.16,13954.14,685,No,None,0,0,No Loan,Medium,Credit Card,Mobile App,Active,No,5,,
1000150,10710,500150,12-07-2026,32,Male,Pune,Mass Market,Savings,Card Payment,2712.03,251217.33,717,No,None,0,0,No Loan,Medium,Personal Loan,ATM,Active,No,5,,
1004090,11938,504090,14-12-2025,44,Female,Delhi,Mass Market,Salary,Transfer,6375.02,39563,720,No,None,0,0,No Loan,Medium,Home Loan,Branch,Inactive,No,4,,
1003102,10910,503102,28-02-2024,21,Male,Bengaluru,Mass Market,Current,Card Payment,7636.46,30460.94,663,No,None,0,0,No Loan,Medium,Personal Loan,Mobile App,Active,No,3,,
1004093,10893,504093,01-07-2024,40,Male,Chennai,Mass Market,Current,Card Payment,10176.05,6005.14,648,No,None,0,0,No Loan,High,Insurance,Mobile App,Inactive,No,5,,
1000013,11686,500013,18-12-2025,50,Female,Pune,Mass Market,Current,Transfer,4107.49,29062.19,633,Yes,Education,53659.47,14.55,Closed,High,Fixed Deposit,Mobile App,Active,No,5,,
1000469,11822,500469,29-01-2024,21,Male,Pune,Mass Market,Current,Card Payment,8423.46,7256.04,742,Yes,Auto,50033.86,9.53,Active,Medium,Insurance,Internet Banking,Active,No,3,,
1003264,10558,503264,11-02-2025,35,Other,Kolkata,Affluent,Salary,Card Payment,1564.14,17259.79,791,No,None,0,0,No Loan,Low,Home Loan,Mobile App,Active,No,5,,
1003874,12473,503874,26-03-2024,59,Male,Mumbai,Affluent,Savings,Card Payment,1741.54,12278.99,673,Yes,Personal,47349.12,13.07,Active,Medium,Savings Account,Internet Banking,Active,No,4,,
1001894,10673,501894,09-06-2024,41,Male,Jaipur,Mass Market,Savings,Card Payment,3760.06,9977.13,798,No,None,0,0,No Loan,Low,Fixed Deposit,Internet Banking,Active,No,4,,
1003705,10073,503705,21-04-2026,53,Female,Jaipur,Premium,Savings,UPI Payment,3457.99,73389.21,698,No,None,0,0,No Loan,Medium,Investment,ATM,Active,No,4,,
1001438,10704,501438,25-02-2024,34,Female,Chennai,Mass Market,Savings,Transfer,1864.46,22313.05,725,No,None,0,0,No Loan,Medium,Personal Loan,Mobile App,Active,No,5,,
1001860,11108,501860,29-07-2025,50,Female,Pune,Mass Market,Savings,Deposit,13374.06,7111.73,781,No,None,0,0,No Loan,Low,Fixed Deposit,ATM,Active,No,4,,
1001841,10373,501841,09-10-2024,44,Male,Hyderabad,Mass Market,Current,Transfer,1042.81,75624.48,707,Yes,Personal,57399.41,12.57,Active,Medium,Credit Card,Mobile App,Active,No,5,,
1003659,11816,503659,18-04-2025,28,Female,Pune,Affluent,Savings,Deposit,862.04,31807.58,726,Yes,Auto,32391.42,9.23,Active,Medium,Personal Loan,Mobile App,Active,No,4,,
1002105,12010,502105,13-05-2026,40,Male,Jaipur,Mass Market,Savings,Withdrawal,4575.55,20542.18,749,No,None,0,0,No Loan,Medium,Credit Card,Mobile App,Inactive,No,5,,
1003612,11000,503612,18-07-2024,35,Female,Kolkata,Premium,Savings,Withdrawal,3144.68,10235.99,615,Yes,Education,149379.01,13.49,Active,High,Home Loan,Mobile App,Active,No,4,,
1000812,10004,500812,02-09-2025,52,Male,Jaipur,Mass Market,Salary,Transfer,5543.74,17484.38,678,No,None,0,0,No Loan,Medium,Credit Card,Mobile App,Active,No,5,,
1002664,10501,502664,01-08-2024,21,Female,Lucknow,Mass Market,Savings,ATM,1895.35,68832.25,802,No,None,0,0,No Loan,Low,Savings Account,Mobile App,Active,No,5,,
1001269,10389,501269,28-02-2025,45,Female,Jaipur,Mass Market,Savings,Withdrawal,1193.53,34872.81,768,No,None,0,0,No Loan,Low,Home Loan,Mobile App,Active,No,4,,
1001962,10237,501962,24-04-2026,47,Male,Pune,Mass Market,Fixed Deposit,Card Payment,1512.63,93093.32,774,Yes,Personal,47051.25,11.61,Closed,Low,Insurance,Mobile App,Active,No,5,,
1003707,10560,503707,09-12-2024,28,Female,Lucknow,Mass Market,Fixed Deposit,Withdrawal,3964.4,69751.55,800,No,None,0,0,No Loan,Low,Fixed Deposit,Branch,Active,No,4,,
1002878,11999,502878,27-10-2025,48,Female,Pune,Affluent,Current,Deposit,2042.51,62974.57,695,No,None,0,0,No Loan,Medium,Investment,Branch,Active,No,5,,
1004545,11687,504545,30-03-2025,47,Male,Mumbai,Mass Market,Savings,UPI Payment,1533.49,27007.99,716,No,None,0,0,No Loan,Medium,Credit Card,Internet Banking,Active,No,3,,
1004264,11880,504264,17-09-2025,27,Female,Mumbai,Mass Market,Salary,Transfer,5563.21,35007.91,850,No,None,0,0,No Loan,Low,Personal Loan,Mobile App,Active,Yes,5,,
1000394,10154,500394,08-02-2026,30,Female,Lucknow,Mass Market,Savings,Withdrawal,2135.09,261387.84,,No,None,0,0,No Loan,Low,Insurance,Mobile App,Active,No,4,,
1002631,11959,502631,25-04-2024,30,Female,Mumbai,Mass Market,Current,Card Payment,6846.5,34619.88,709,No,None,0,0,No Loan,Medium,Insurance,ATM,Active,Yes,4,,
1000585,11372,500585,30-08-2026,29,Male,Hyderabad,Mass Market,Savings,UPI Payment,6153.66,13173.33,694,No,None,0,0,No Loan,Medium,Personal Loan,Internet Banking,Active,No,3,,
1004965,10788,504965,20-07-2024,56,Female,Jaipur,Affluent,Current,Transfer,5725.33,25026.35,763,No,None,0,0,No Loan,Low,Personal Loan,Mobile App,Active,No,4,,
1000492,11168,500492,28-11-2024,40,Female,Delhi,Premium,Savings,Deposit,3291.29,30355.56,734,No,None,0,0,No Loan,Medium,Insurance,ATM,Inactive,No,5,,
1002651,10460,502651,11-12-2025,30,Male,Hyderabad,Premium,Current,Withdrawal,1711.33,34085.65,613,Yes,Education,62048.63,10.74,Active,High,Savings Account,Phone Banking,Active,No,3,,
1003041,10704,503041,25-02-2024,32,Female,Kolkata,Premium,Current,UPI Payment,814.59,173695.79,635,No,None,0,0,No Loan,High,Investment,ATM,Active,No,5,,
1000133,10796,500133,21-02-2024,56,Male,Chennai,Mass Market,Current,Transfer,3554.3,23436.49,834,No,None,0,0,No Loan,Low,Fixed Deposit,ATM,Inactive,No,5,,
1001589,10809,501589,09-05-2026,35,Male,Ahmedabad,Affluent,Current,Card Payment,4811.58,45931.89,586,No,None,0,0,No Loan,High,Savings Account,Mobile App,Active,No,5,,
1001739,11970,501739,18-02-2026,51,Female,Jaipur,Mass Market,Current,Deposit,1855.74,70976.26,588,No,None,0,0,No Loan,High,Personal Loan,Phone Banking,Active,No,5,,
1004986,11174,504986,28-01-2025,30,Male,Bengaluru,Affluent,Salary,ATM,1813.39,4067.38,668,No,None,0,0,No Loan,Medium,Savings Account,Internet Banking,Active,No,4,,
1001019,10342,501019,13-06-2024,39,Female,Pune,Mass Market,Current,UPI Payment,7681.68,39479.62,766,Yes,Personal,127413.28,12.13,Active,Low,Savings Account,Mobile App,Active,No,4,,
1004379,11800,504379,22-08-2026,38,Female,Chennai,Affluent,Savings,Withdrawal,4600.61,90917.57,758,No,None,0,0,No Loan,Low,Insurance,ATM,Active,No,4,,
1004703,12221,504703,04-06-2024,54,Female,Bengaluru,Premium,Fixed Deposit,Transfer,1963.8,112500.09,670,No,None,0,0,No Loan,Medium,Home Loan,Phone Banking,Active,No,5,,
1002308,11829,502308,24-08-2024,21,Male,Bengaluru,Premium,Savings,Deposit,992.65,22092.83,629,Yes,Auto,52306.05,7.16,Closed,High,Home Loan,Branch,Active,Yes,3,,
1000288,11244,500288,17-01-2026,45,Male,Jaipur,Mass Market,Salary,ATM,926.84,25998.59,688,No,None,0,0,No Loan,Medium,Personal Loan,Mobile App,Active,No,5,,
1002211,10783,502211,29-06-2025,35,Male,Mumbai,Premium,Savings,Deposit,2684.36,6508.64,668,No,None,0,0,No Loan,Medium,Personal Loan,Branch,Active,No,5,,
1003130,12369,503130,01-02-2024,53,Male,Jaipur,Affluent,Savings,Card Payment,2720.13,18455.1,731,No,None,0,0,No Loan,Medium,Credit Card,Internet Banking,Active,No,3,,
1004576,10960,504576,16-08-2024,37,Male,Mumbai,Affluent,Current,Transfer,837.36,25149.71,763,No,None,0,0,No Loan,Low,Investment,Internet Banking,Dormant,No,3,,
1001407,10448,501407,01-02-2024,31,Female,Lucknow,Premium,Savings,Deposit,3972.78,66277.51,759,No,None,0,0,No Loan,Low,Investment,Internet Banking,Inactive,No,4,,
1002367,11583,502367,26-08-2026,45,Male,Hyderabad,Premium,Savings,ATM,4386.39,15164.7,850,No,None,0,0,No Loan,Low,Investment,Internet Banking,Active,No,4,,
1002292,12257,502292,26-02-2024,24,Female,Delhi,Affluent,Savings,Card Payment,7332.03,8817.42,629,No,None,0,0,No Loan,High,Investment,Internet Banking,Active,No,4,,
1000950,12071,500950,13-05-2024,52,Other,Bengaluru,Affluent,Savings,Deposit,1944.48,32986.47,738,No,None,0,0,No Loan,Medium,Credit Card,Phone Banking,Active,No,4,,
1003478,12202,503478,24-01-2026,30,Male,Lucknow,Premium,Savings,Card Payment,1293.03,9719.67,688,No,None,0,0,No Loan,Medium,Investment,Mobile App,Active,No,5,,
1003887,10450,503887,24-09-2025,35,Female,Lucknow,Mass Market,Savings,Withdrawal,8124.8,8285.4,811,No,None,0,0,No Loan,Low,Fixed Deposit,Mobile App,Active,No,5,,
1003405,12410,503405,15-05-2025,39,Female,Jaipur,Mass Market,Salary,Deposit,2416.88,50710.89,627,No,None,0,0,No Loan,High,Credit Card,Mobile App,Active,No,5,,
1002296,11779,502296,14-05-2026,36,Female,Hyderabad,Mass Market,Savings,Transfer,887.08,50824.3,835,No,None,0,0,No Loan,Low,Savings Account,Internet Banking,Active,Yes,5,,
1004224,10945,504224,22-08-2024,21,Male,Jaipur,Affluent,Salary,Deposit,3292.12,25597.56,723,No,None,0,0,No Loan,Medium,Personal Loan,ATM,Dormant,No,5,,
1004612,10496,504612,01-04-2024,29,Female,Mumbai,Affluent,Savings,Card Payment,3452.16,71324.9,765,Yes,Education,17519.66,10.47,Active,Low,Personal Loan,Internet Banking,Active,No,4,,
1004486,10137,504486,23-03-2024,45,Female,Chennai,Mass Market,Savings,ATM,992.64,37946.05,697,No,None,0,0,No Loan,Medium,Personal Loan,Branch,Inactive,No,5,,
1004340,10720,504340,14-06-2025,21,Female,Ahmedabad,Mass Market,Savings,Card Payment,15485.6,47992.52,850,No,None,0,0,No Loan,Low,Insurance,Mobile App,Dormant,No,4,,
1002222,11749,502222,28-01-2025,21,Male,Mumbai,Affluent,Salary,UPI Payment,15718.55,93459.5,588,No,None,0,0,No Loan,High,Insurance,Branch,Active,Yes,1,,
1001042,12162,501042,10-06-2026,21,Female,Pune,Affluent,Savings,Withdrawal,1705.52,186003.95,687,Yes,Business,155453.89,9.05,Active,Medium,Savings Account,Mobile App,Inactive,No,5,,
1003846,10069,503846,16-08-2024,57,Male,Delhi,Premium,Salary,Transfer,8701.27,205142.07,760,No,None,0,0,No Loan,Low,Credit Card,Internet Banking,Active,No,4,,
1004339,11261,504339,26-07-2024,30,Male,Delhi,Mass Market,Savings,Card Payment,5813.46,89764.02,818,No,None,0,0,No Loan,Low,Investment,Mobile App,Active,Yes,3,,
1003883,11943,503883,16-09-2024,46,Female,Chennai,Affluent,Savings,UPI Payment,1949.22,7325.66,812,Yes,Personal,74946.3,14.21,Defaulted,Low,Investment,Mobile App,Active,No,3,,
1002305,11930,502305,18-11-2024,48,Female,Jaipur,Mass Market,Savings,UPI Payment,1515.04,31534.28,700,Yes,Home,11458.55,13.21,Approved,Medium,Insurance,Branch,Active,No,4,,
1004403,10565,504403,08-08-2024,33,Male,Lucknow,Affluent,Savings,Card Payment,1461.07,8155.04,757,No,None,0,0,No Loan,Low,Home Loan,Mobile App,Active,No,4,,
1000430,12428,500430,03-07-2024,32,Female,Hyderabad,Affluent,Savings,Deposit,12978.18,52535.42,662,No,None,0,0,No Loan,Medium,Home Loan,Mobile App,Active,No,4,,
1001045,10831,501045,24-10-2025,48,Female,Pune,Affluent,Savings,ATM,1392.35,42411.23,697,No,None,0,0,No Loan,Medium,Fixed Deposit,ATM,Active,No,3,,
1001808,11178,501808,09-07-2025,57,Male,Lucknow,Mass Market,Salary,UPI Payment,3645.98,256252.12,662,No,None,0,0,No Loan,Medium,Personal Loan,Internet Banking,Active,No,4,,
1004953,11577,504953,23-11-2024,40,Female,Bengaluru,Mass Market,Salary,ATM,2394.63,96297.4,678,Yes,Business,23854.97,9.88,Active,Medium,Savings Account,Internet Banking,Active,No,4,,
1003655,10128,503655,29-02-2024,29,Female,Lucknow,Affluent,Current,Transfer,608.5,39607.2,801,No,None,0,0,No Loan,Low,Savings Account,Mobile App,Active,No,5,,
1000830,10724,500830,04-04-2024,23,Male,Hyderabad,Premium,Savings,ATM,3931.39,5260.52,710,No,None,0,0,No Loan,Medium,Insurance,Mobile App,Active,No,3,,
1002978,11578,502978,06-05-2025,43,Male,Mumbai,Affluent,Savings,Withdrawal,4677.51,8968.85,801,Yes,Personal,84901.62,15.59,Active,Low,Fixed Deposit,Internet Banking,Active,No,4,,
1001719,11009,501719,09-06-2025,27,Female,Chennai,Mass Market,Savings,UPI Payment,3356.63,69224.33,521,No,None,0,0,No Loan,High,Credit Card,Branch,Active,No,4,,
1000466,12327,500466,04-12-2024,30,Male,Jaipur,Affluent,Salary,Deposit,5550.87,57422.04,685,No,None,0,0,No Loan,Medium,Fixed Deposit,Mobile App,Active,No,5,,
1003961,12384,503961,06-03-2026,30,Female,Bengaluru,Mass Market,Savings,Transfer,7338.86,19951.96,645,No,None,0,0,No Loan,High,Fixed Deposit,Mobile App,Active,No,5,,
1001372,10216,501372,04-03-2026,39,Male,Chennai,Mass Market,Current,ATM,1792.19,6184.27,730,No,None,0,0,No Loan,Medium,Investment,Internet Banking,Active,No,5,,
1001457,10039,501457,13-01-2024,23,Male,Hyderabad,Premium,Current,Withdrawal,687.57,47916.26,735,No,None,0,0,No Loan,Medium,Personal Loan,Mobile App,Active,No,4,,
1001188,12323,501188,16-04-2025,33,Male,Jaipur,Affluent,Savings,Deposit,2668.52,17916.3,742,No,None,0,0,No Loan,Medium,Personal Loan,Mobile App,Active,No,4,,
1003163,11265,503163,18-08-2024,37,Male,Mumbai,Affluent,Savings,Transfer,1362.78,27449.37,819,Yes,Auto,16758.76,12.21,Active,Low,Home Loan,ATM,Active,Yes,2,,
1004646,11004,504646,17-12-2025,42,Male,Pune,Mass Market,Savings,ATM,4271.16,9760.57,762,No,None,0,0,No Loan,Low,Personal Loan,Internet Banking,Active,No,5,,
1000678,11359,500678,23-03-2026,49,Male,Mumbai,Mass Market,Savings,Withdrawal,1146.77,113576.25,620,No,None,0,0,No Loan,High,Investment,Mobile App,Active,No,5,,
1000487,11391,500487,26-03-2025,44,Male,Pune,Affluent,Current,UPI Payment,702.39,31435.51,761,No,None,0,0,No Loan,Low,Home Loan,Internet Banking,Active,No,5,,
1002232,11928,502232,30-05-2026,35,Male,Kolkata,Affluent,Current,Withdrawal,4710.97,102139.26,,No,None,0,0,No Loan,High,Savings Account,Mobile App,Active,No,5,,
1001039,10194,501039,18-02-2025,34,Male,Jaipur,Mass Market,Salary,Card Payment,2549.99,15208.79,850,Yes,Home,55744.42,7.32,Active,Low,Credit Card,Branch,Inactive,No,5,,
1000764,10714,500764,13-05-2025,25,Male,Ahmedabad,Mass Market,Savings,ATM,5016.48,94247.59,835,No,None,0,0,No Loan,Low,Investment,ATM,Active,No,4,,
1002956,10124,502956,07-02-2025,37,Male,Bengaluru,Premium,Savings,UPI Payment,1672.95,3598.9,647,Yes,Education,22981.81,13.9,Active,High,Savings Account,ATM,Active,No,5,,
1003656,11846,503656,06-11-2024,37,Male,Bengaluru,Mass Market,Savings,Withdrawal,4300.13,3863.66,770,No,None,0,0,No Loan,Low,Home Loan,Mobile App,Active,Yes,3,,
1003755,12425,503755,24-08-2024,37,Female,Pune,Premium,Savings,Transfer,3647.94,12618.25,688,Yes,Education,107562.59,15.85,Approved,Medium,Personal Loan,Branch,Active,Yes,3,,
1003652,10215,503652,30-05-2025,40,,Bengaluru,Mass Market,Salary,Card Payment,4019.1,49436.95,632,No,None,0,0,No Loan,High,Personal Loan,Internet Banking,Active,No,5,,
1000766,11977,500766,02-10-2025,46,Female,Delhi,Premium,Savings,UPI Payment,2951.97,5214.51,741,Yes,Business,33179.93,12.42,Active,Medium,Insurance,ATM,Inactive,No,5,,
1004271,11290,504271,07-04-2025,22,Male,Jaipur,Mass Market,Salary,Deposit,9295.43,89130.95,733,Yes,Personal,74838.65,15.49,Active,Medium,Insurance,Internet Banking,Active,No,4,,
1000291,12147,500291,18-07-2026,45,Male,Chennai,Mass Market,Salary,Deposit,4725.17,74921.74,662,No,None,0,0,No Loan,Medium,Credit Card,Mobile App,Active,No,4,,
1002120,10183,502120,20-10-2024,23,Female,Jaipur,Premium,Salary,UPI Payment,1294.78,31510.29,720,No,None,0,0,No Loan,Medium,Investment,Mobile App,Inactive,No,4,,
1003540,10310,503540,28-12-2025,39,Male,Mumbai,Mass Market,Salary,Withdrawal,886.81,21008.08,819,Yes,Business,54512.95,9.94,Active,Low,Investment,Branch,Active,Yes,4,,
1000253,11705,500253,15-11-2025,37,Male,Ahmedabad,Affluent,Savings,UPI Payment,2186.16,33570.3,638,Yes,Education,47124.84,13.52,Closed,High,Credit Card,ATM,Active,No,5,,
1003261,11674,503261,26-01-2024,21,Female,Mumbai,Mass Market,Savings,Transfer,1173.04,21765.99,683,No,None,0,0,No Loan,Medium,Investment,ATM,Inactive,No,5,,
1000351,12492,500351,30-03-2025,51,Female,Mumbai,Premium,Savings,Card Payment,2657.95,55803.42,636,Yes,Education,34053.76,8.31,Closed,High,Savings Account,Internet Banking,Active,No,4,,
1003708,10745,503708,02-05-2026,21,Female,Chennai,Affluent,Savings,UPI Payment,2078.72,19286.97,643,No,None,0,0,No Loan,High,Investment,Branch,Active,No,5,,
1003204,11809,503204,01-08-2025,50,,Mumbai,Mass Market,Salary,Withdrawal,2513.27,17101.08,700,No,None,0,0,No Loan,Medium,Credit Card,Phone Banking,Active,No,5,,
1001740,10892,501740,20-05-2026,21,Male,Lucknow,Affluent,Savings,Card Payment,1879.09,20874.93,681,No,None,0,0,No Loan,Medium,Home Loan,Mobile App,Active,No,4,,
1000677,10166,500677,08-05-2026,27,Male,Delhi,Affluent,Savings,UPI Payment,2510.84,32038.49,794,No,None,0,0,No Loan,Low,Credit Card,ATM,Dormant,No,4,,
1000091,10419,500091,11-07-2025,31,Female,Lucknow,Mass Market,Savings,Transfer,1727.66,41918.74,677,No,None,0,0,No Loan,Medium,Home Loan,Internet Banking,Dormant,No,5,,
1003827,10875,503827,24-03-2024,37,Female,Ahmedabad,Affluent,Savings,Deposit,2665.89,28435.97,804,No,None,0,0,No Loan,Low,Credit Card,ATM,Active,No,3,,
1004881,12183,504881,27-07-2026,21,Female,Kolkata,Mass Market,Savings,Transfer,1032.42,58192.35,751,No,None,0,0,No Loan,Low,Savings Account,Internet Banking,Active,No,5,,
1004119,11259,504119,22-07-2025,45,Male,Bengaluru,Mass Market,Savings,ATM,1248.92,16764.3,748,No,None,0,0,No Loan,Medium,Personal Loan,Branch,Active,No,5,,
1003056,10840,503056,17-06-2025,50,Male,Lucknow,Affluent,Savings,Deposit,3692.94,30092.67,828,No,None,0,0,No Loan,Low,Fixed Deposit,Branch,Active,No,5,,
1000027,11083,500027,11-11-2025,21,Male,Mumbai,Affluent,Savings,Deposit,9145.67,17030.74,697,No,None,0,0,No Loan,Medium,Credit Card,Internet Banking,Active,Yes,4,,
1003717,12314,503717,30-05-2026,37,Male,Kolkata,Premium,Savings,Deposit,18265.43,23193.22,711,No,None,0,0,No Loan,Medium,Personal Loan,Mobile App,Active,No,5,,
1004898,11908,504898,09-09-2024,21,Male,Mumbai,Affluent,Savings,Transfer,4099.25,20910.27,735,No,None,0,0,No Loan,Medium,Savings Account,Mobile App,Active,No,4,,
1000722,11837,500722,05-09-2024,35,Male,Pune,Mass Market,Savings,UPI Payment,7114.11,16387.99,750,Yes,Education,63440.5,9.83,Active,Low,Credit Card,ATM,Active,No,4,,
1002064,11123,502064,04-01-2024,21,Male,Chennai,Mass Market,Salary,ATM,1280.24,7325.31,742,No,None,0,0,No Loan,Medium,Credit Card,Mobile App,Active,Yes,3,,
1003964,11223,503964,24-07-2024,44,Male,,Affluent,Current,UPI Payment,2657.08,38086.42,730,Yes,Auto,90433.7,13.15,Active,Medium,Personal Loan,ATM,Active,No,3,,
1002471,10573,502471,28-03-2024,43,Female,Mumbai,Premium,Savings,Deposit,1892.67,11562.87,693,No,None,0,0,No Loan,Medium,Savings Account,Mobile App,Active,Yes,4,,
1002318,11081,502318,05-01-2025,40,Female,Chennai,Affluent,Salary,UPI Payment,18169.16,22678.12,683,No,None,0,0,No Loan,Medium,Investment,Internet Banking,Active,No,5,,
1002859,11997,502859,30-04-2025,48,Female,Ahmedabad,Mass Market,Salary,Withdrawal,2839.76,21634.35,734,Yes,Home,263770.16,14.83,Active,Medium,Fixed Deposit,Phone Banking,Active,No,3,,
1000878,11253,500878,27-07-2024,21,Male,Hyderabad,Mass Market,Savings,Transfer,4308.58,10510.27,601,No,None,0,0,No Loan,High,Insurance,Mobile App,Active,No,3,,
1003317,11128,503317,14-06-2026,28,Female,Kolkata,Mass Market,Savings,Transfer,3885.42,53491.07,657,No,None,0,0,No Loan,Medium,Fixed Deposit,ATM,Active,No,3,,
1003789,11574,503789,06-02-2024,42,Female,Kolkata,Affluent,Salary,Transfer,1401.22,23625.53,664,No,None,0,0,No Loan,Medium,Fixed Deposit,Branch,Active,No,4,,
1000255,11604,500255,13-09-2025,21,Male,Mumbai,Mass Market,Savings,Transfer,2768.65,29783.49,668,No,None,0,0,No Loan,Medium,Insurance,Mobile App,Active,No,4,,
1004822,10090,504822,12-05-2024,21,Female,Chennai,Affluent,Salary,Withdrawal,5213.49,12112.56,712,Yes,Auto,95753.34,15.53,Active,Medium,Investment,Mobile App,Active,No,5,,
1004796,10239,504796,21-07-2024,25,Female,Bengaluru,Affluent,Salary,UPI Payment,4622.81,26764.49,696,Yes,Education,166759.75,15.05,Closed,Medium,Personal Loan,Internet Banking,Active,No,4,,
1004249,10192,504249,01-04-2025,34,Female,Pune,Affluent,Current,Deposit,7327.78,22205.43,581,No,None,0,0,No Loan,High,Insurance,Internet Banking,Active,No,5,,
1004321,11613,504321,25-08-2024,35,Male,Mumbai,Mass Market,Savings,Card Payment,9753.04,16036.42,720,No,None,0,0,No Loan,Medium,Investment,Mobile App,Active,No,5,,
1004734,10779,504734,15-03-2026,21,Male,Jaipur,Mass Market,Savings,Withdrawal,3341.97,57463.96,499,Yes,Home,99398.07,7.99,Active,High,Credit Card,Internet Banking,Inactive,No,3,,
1002100,11912,502100,09-03-2024,28,Female,Hyderabad,Mass Market,Salary,Card Payment,975.66,44070.47,745,No,None,0,0,No Loan,Medium,Savings Account,ATM,Active,No,5,,
1004740,10225,504740,22-05-2026,31,Female,Chennai,Mass Market,Savings,Transfer,3522.88,13081.33,747,No,None,0,0,No Loan,Medium,Credit Card,Mobile App,Active,No,4,,
1003981,10732,503981,23-11-2024,42,Male,Hyderabad,Affluent,Salary,UPI Payment,2847.97,7951.62,647,No,None,0,0,No Loan,High,Credit Card,Branch,Active,No,5,,
1002535,10008,502535,17-05-2024,37,Male,Pune,Affluent,Savings,Withdrawal,20835,53957.74,673,Yes,Business,99988.99,7.59,Active,Medium,Fixed Deposit,Mobile App,Active,No,3,,
1004658,11341,504658,28-04-2026,33,Female,Pune,Premium,Current,ATM,10420.3,74774.51,715,No,None,0,0,No Loan,Medium,Savings Account,Mobile App,Inactive,Yes,3,,
1000316,11410,500316,25-04-2026,50,Female,Mumbai,Affluent,Fixed Deposit,UPI Payment,1224.03,10571.58,632,No,None,0,0,No Loan,High,Investment,Internet Banking,Active,No,4,,
1001262,10272,501262,12-10-2024,59,Female,Hyderabad,Premium,Salary,Transfer,724.54,65849.52,656,No,None,0,0,No Loan,Medium,Investment,Branch,Active,No,3,,
1000842,11918,500842,29-04-2025,53,Female,Lucknow,Premium,Current,UPI Payment,178.56,41819.36,787,No,None,0,0,No Loan,Low,Insurance,Mobile App,Inactive,No,4,,
1002744,10659,502744,14-12-2024,26,Female,Ahmedabad,Mass Market,Salary,Deposit,1364.88,22265.86,685,Yes,Home,76922.34,15.94,Active,Medium,Credit Card,Internet Banking,Active,No,4,,
1000554,10929,500554,12-04-2025,35,Other,Jaipur,Affluent,Current,UPI Payment,2307.35,39302.1,815,No,None,0,0,No Loan,Low,Home Loan,Mobile App,Active,No,5,,
1002023,10164,502023,24-11-2025,41,Male,Pune,Mass Market,Savings,UPI Payment,1734.99,11309.49,836,No,None,0,0,No Loan,Low,Home Loan,ATM,Active,No,5,,
1003132,10437,503132,19-06-2024,42,Male,Lucknow,Mass Market,Fixed Deposit,Deposit,4554.54,33831.39,,Yes,Personal,126250.61,14.76,Active,Medium,Home Loan,Branch,Active,No,5,,
1000070,12344,500070,22-05-2025,31,Female,Pune,Mass Market,Savings,UPI Payment,2181.46,79562.51,743,Yes,Auto,66595.46,13.68,Defaulted,Medium,Fixed Deposit,ATM,Inactive,Yes,2,,
1003605,10993,503605,12-04-2025,21,Female,Lucknow,Mass Market,Savings,UPI Payment,4591.42,40993.72,571,No,None,0,0,No Loan,High,Investment,Branch,Active,No,5,,
1000747,12126,500747,01-06-2024,29,Male,Pune,Premium,Current,Deposit,639.9,210489.83,606,No,None,0,0,No Loan,High,Investment,ATM,Active,No,3,,
1002424,10205,502424,02-08-2026,21,Male,Ahmedabad,Premium,Current,Withdrawal,2577.72,2399.3,655,No,None,0,0,No Loan,Medium,Home Loan,Phone Banking,Active,No,5,,
1004457,11030,504457,09-04-2026,49,Male,Hyderabad,Mass Market,Current,Deposit,3251.68,16392.19,714,No,None,0,0,No Loan,Medium,Savings Account,Mobile App,Dormant,No,5,,
1001703,11743,501703,02-04-2024,47,Female,Kolkata,Affluent,Savings,Deposit,18196.35,41095.44,798,No,None,0,0,No Loan,Low,Credit Card,Internet Banking,Active,No,4,,
1003122,11314,503122,26-09-2024,35,Male,Bengaluru,Affluent,Current,ATM,2883.37,12182.06,739,No,None,0,0,No Loan,Medium,Home Loan,ATM,Active,No,5,,
1004694,12419,504694,20-01-2026,25,Male,Delhi,Mass Market,Salary,Withdrawal,1227.5,53968.29,759,No,None,0,0,No Loan,Low,Home Loan,Branch,Inactive,No,4,,
1000590,10740,500590,15-12-2025,45,Female,Ahmedabad,Mass Market,Salary,Card Payment,868.46,62454.1,705,No,None,0,0,No Loan,Medium,Home Loan,Mobile App,Inactive,No,5,,
1003354,12325,503354,08-03-2026,26,Male,Mumbai,Affluent,Savings,UPI Payment,9203.28,34152.79,702,No,None,0,0,No Loan,Medium,Home Loan,Internet Banking,Active,No,5,,
1002068,10190,502068,14-03-2026,45,Male,Jaipur,Mass Market,Savings,Withdrawal,4101.37,21806.75,609,No,None,0,0,No Loan,High,Fixed Deposit,Internet Banking,Inactive,No,5,,
1003649,11165,503649,31-10-2024,42,Male,Chennai,Affluent,Current,UPI Payment,5474.53,6398.11,729,No,None,0,0,No Loan,Medium,Home Loan,Mobile App,Active,No,5,,
1003996,10206,503996,20-04-2025,21,Female,Hyderabad,Affluent,Savings,Card Payment,793.42,32225.56,730,No,None,0,0,No Loan,Medium,Credit Card,ATM,Active,No,3,,
1002154,12149,502154,22-06-2025,26,Male,Chennai,Mass Market,Current,UPI Payment,2273.64,10337.56,693,Yes,Home,79021.95,15.44,Active,Medium,Insurance,Internet Banking,Active,No,4,,
1001840,10964,501840,24-10-2024,52,Male,Mumbai,Mass Market,Current,Deposit,4292.72,53175.12,666,Yes,Business,58431.43,15.91,Closed,Medium,Credit Card,ATM,Active,No,4,,
1000388,10897,500388,24-06-2025,31,Male,Lucknow,Mass Market,Salary,Deposit,3175.37,17895.42,796,No,None,0,0,No Loan,Low,Credit Card,Internet Banking,Active,No,5,,
1002469,10593,502469,08-03-2024,46,Other,Pune,Mass Market,Savings,Deposit,9598.63,53605.13,725,No,None,0,0,No Loan,Medium,Investment,Mobile App,Active,No,4,,
1003703,11743,503703,09-07-2026,38,Male,Bengaluru,Premium,Salary,UPI Payment,3424.08,113175.5,652,No,None,0,0,No Loan,Medium,Fixed Deposit,Internet Banking,Dormant,No,5,,
1003932,10245,503932,16-08-2024,36,Male,Delhi,Affluent,Fixed Deposit,ATM,1792.85,7439.69,761,No,None,0,0,No Loan,Low,Personal Loan,Internet Banking,Active,No,5,,
1003719,10662,503719,07-01-2024,54,Female,Mumbai,Premium,Savings,Transfer,805.69,16969.03,629,No,None,0,0,No Loan,High,Personal Loan,Internet Banking,Inactive,No,5,,
1001371,11286,501371,27-01-2024,28,Male,Delhi,Mass Market,Salary,Transfer,2994.46,65650.75,630,No,None,0,0,No Loan,High,Investment,ATM,Inactive,No,4,,
1000411,11758,500411,12-08-2026,45,Male,Kolkata,Affluent,Savings,ATM,684,9002.97,572,No,None,0,0,No Loan,High,Personal Loan,ATM,Active,Yes,2,,
1001439,10687,501439,20-12-2025,36,Female,Kolkata,Affluent,Salary,UPI Payment,872.61,91572.03,715,No,None,0,0,No Loan,Medium,Insurance,Internet Banking,Active,No,4,,
1000110,11029,500110,06-07-2024,36,Female,Chennai,Affluent,Fixed Deposit,UPI Payment,4432.74,89237.98,655,No,None,0,0,No Loan,Medium,Savings Account,Mobile App,Inactive,No,5,,
1004057,12109,504057,05-02-2026,36,Male,Jaipur,Premium,Fixed Deposit,Transfer,1275.53,3445.66,666,No,None,0,0,No Loan,Medium,Home Loan,Branch,Active,No,5,,
1001136,11773,501136,29-03-2026,32,Female,Mumbai,Mass Market,Savings,Withdrawal,4391.18,27477.13,797,Yes,Business,49414.01,11.46,Approved,Low,Home Loan,ATM,Inactive,No,5,,
1002128,11769,502128,17-07-2024,21,Female,Hyderabad,Premium,Fixed Deposit,UPI Payment,804.65,6956.24,688,No,None,0,0,No Loan,Medium,Insurance,Phone Banking,Dormant,No,4,,
1002610,10041,502610,29-04-2024,29,Female,Ahmedabad,Affluent,Current,Deposit,1293.59,24286.79,815,Yes,Education,78601.48,15.07,Closed,Low,Credit Card,Mobile App,Active,Yes,3,,
1000692,10205,500692,07-10-2025,49,Female,,Mass Market,Salary,UPI Payment,8138.05,10312.84,655,Yes,Personal,54688.33,9.44,Active,Medium,Investment,ATM,Active,No,5,,
1001579,12431,501579,14-07-2025,33,Male,Hyderabad,Mass Market,Current,Withdrawal,1973.16,40949.43,560,No,None,0,0,No Loan,High,Fixed Deposit,Mobile App,Active,No,3,,
1002963,10077,502963,27-07-2024,45,Female,Hyderabad,Premium,Current,Withdrawal,509.17,53563.54,748,Yes,Education,27308.88,10.97,Approved,Medium,Personal Loan,Internet Banking,Active,No,4,,
1004142,11924,504142,12-10-2025,40,Male,Kolkata,Premium,Current,Transfer,6796.83,7237.57,787,No,None,0,0,No Loan,Low,Investment,Mobile App,Active,No,5,,
1003706,10481,503706,20-07-2024,44,Male,Pune,Mass Market,Savings,UPI Payment,3237.5,133300.01,670,Yes,Auto,201184.82,14.81,Approved,Medium,Credit Card,Internet Banking,Active,No,3,,
1003255,10235,503255,29-03-2025,35,Female,Kolkata,Affluent,Savings,UPI Payment,1314.26,106177.73,616,Yes,Auto,33350.93,7.1,Active,High,Home Loan,Mobile App,Active,No,5,,
1004812,10141,504812,22-08-2025,31,Male,Mumbai,Mass Market,Current,UPI Payment,4943.15,170080.29,749,No,None,0,0,No Loan,Medium,Home Loan,ATM,Active,No,4,,
1000486,10851,500486,19-08-2025,57,Female,Ahmedabad,Mass Market,Salary,UPI Payment,6846.9,46139.6,738,Yes,Personal,67983.39,15.78,Active,Medium,Savings Account,Branch,Active,Yes,3,,
1000556,11141,500556,25-04-2025,32,Female,Chennai,Affluent,Savings,ATM,2051.56,35081.68,699,Yes,Personal,120560.79,12.04,Active,Medium,Investment,Mobile App,Active,No,4,,
1004632,10390,504632,31-03-2026,33,Male,Mumbai,Mass Market,Current,Deposit,1004.34,9506.54,634,Yes,Home,12828.84,11.33,Defaulted,High,Credit Card,Mobile App,Active,No,5,,
1004421,11691,504421,09-03-2026,38,Female,Ahmedabad,Affluent,Savings,Withdrawal,3534.29,6936.17,778,No,None,0,0,No Loan,Low,Fixed Deposit,Phone Banking,Active,Yes,2,,
1002772,10262,502772,02-05-2024,21,Male,Hyderabad,Mass Market,Salary,UPI Payment,5368.11,23403.48,677,No,None,0,0,No Loan,Medium,Fixed Deposit,Mobile App,Active,No,3,,
1002861,10910,502861,18-07-2024,41,Male,Ahmedabad,Affluent,Savings,UPI Payment,2700.21,36612.72,797,No,None,0,0,No Loan,Low,Savings Account,Internet Banking,Active,Yes,2,,
1001109,10736,501109,26-01-2026,26,Male,Mumbai,Affluent,Savings,Transfer,2729.95,31592.37,739,No,None,0,0,No Loan,Medium,Personal Loan,Branch,Active,No,4,,
1003913,11533,503913,02-02-2025,29,Male,Lucknow,Affluent,Salary,Deposit,2517.25,15459.79,684,Yes,Auto,115732.61,11.34,Active,Medium,Investment,Branch,Active,No,5,,
1002270,12184,502270,15-06-2026,21,Male,Ahmedabad,Mass Market,Savings,Deposit,2500.22,8037.7,694,Yes,Business,108508.73,10.91,Closed,Medium,Home Loan,ATM,Active,No,4,,
1003931,11457,503931,05-05-2026,39,Female,Lucknow,Affluent,Current,ATM,1403.9,10877.26,549,Yes,Business,214646.37,7.62,Closed,High,Personal Loan,Internet Banking,Active,No,5,,
1000178,11154,500178,07-08-2024,37,Male,Delhi,Mass Market,Fixed Deposit,Card Payment,3912.22,35113.9,658,No,None,0,0,No Loan,Medium,Savings Account,Branch,Active,No,5,,
1002906,11142,502906,25-05-2025,34,Female,Delhi,Mass Market,Current,Withdrawal,1783.47,18432.98,707,Yes,Home,42626.53,9.86,Closed,Medium,Personal Loan,Mobile App,Active,No,4,,
1000916,12036,500916,26-09-2024,45,Male,Pune,Affluent,Salary,Withdrawal,1528.52,5762.23,670,Yes,Personal,38082.63,7.48,Active,Medium,Fixed Deposit,ATM,Dormant,Yes,2,,
1000081,12063,500081,23-07-2026,22,Male,Kolkata,Mass Market,Savings,ATM,4383.06,35476.94,638,No,None,0,0,No Loan,High,Insurance,Mobile App,Active,No,5,,
1003269,10387,503269,28-11-2025,42,Female,Hyderabad,Affluent,Fixed Deposit,Card Payment,2093.69,17819.97,663,No,None,0,0,No Loan,Medium,Fixed Deposit,Phone Banking,Dormant,No,5,,
1000578,11354,500578,27-08-2026,39,Male,Delhi,Affluent,Savings,Transfer,8409.8,14652.65,672,No,None,0,0,No Loan,Medium,Fixed Deposit,ATM,Active,No,4,,
1002300,10698,502300,01-03-2025,43,Female,Chennai,Affluent,Current,UPI Payment,1819.73,18305.59,710,No,None,0,0,No Loan,Medium,Fixed Deposit,Mobile App,Active,No,5,,
1003312,11103,503312,05-07-2025,57,Male,Chennai,Premium,Savings,Transfer,7384.73,78010.24,850,Yes,Personal,79469.15,7.43,Defaulted,Low,Fixed Deposit,Branch,Inactive,No,4,,
1003795,10870,503795,19-04-2026,30,Male,Bengaluru,Mass Market,Savings,Card Payment,6741.16,8668.19,749,No,None,0,0,No Loan,Medium,Home Loan,Mobile App,Active,No,4,,
1001392,12130,501392,13-07-2026,31,Female,Delhi,Mass Market,Savings,Card Payment,2615.69,22210.15,665,Yes,Education,58364.02,11.37,Active,Medium,Fixed Deposit,Internet Banking,Active,No,4,,
1000222,10624,500222,25-09-2025,62,Male,Bengaluru,Mass Market,Salary,UPI Payment,1597.64,102686.02,711,No,None,0,0,No Loan,Medium,Investment,Branch,Active,No,4,,
1000094,11797,500094,13-06-2026,31,Male,Delhi,Mass Market,Fixed Deposit,ATM,4527.66,47367.05,790,No,None,0,0,No Loan,Low,Fixed Deposit,ATM,Active,No,3,,
1003647,10452,503647,25-11-2024,34,Male,Ahmedabad,Mass Market,Current,UPI Payment,49321.81,36033.45,683,No,None,0,0,No Loan,Medium,Insurance,Internet Banking,Active,No,4,,
1004360,11961,504360,26-07-2026,42,Female,Chennai,Mass Market,Savings,Deposit,2251.39,69955.81,710,No,None,0,0,No Loan,Medium,Insurance,Branch,Active,No,5,,
1000843,10139,500843,23-05-2025,33,Female,Ahmedabad,Mass Market,Savings,UPI Payment,3495.92,25546.14,775,No,None,0,0,No Loan,Low,Home Loan,ATM,Inactive,No,3,,
1000539,11082,500539,25-04-2026,47,Male,Chennai,Mass Market,Savings,Withdrawal,5892.48,27868.26,693,No,None,0,0,No Loan,Medium,Savings Account,Mobile App,Active,No,,,
1003015,11709,503015,24-08-2026,47,Male,Mumbai,Premium,Savings,UPI Payment,2942.03,17726.27,780,No,None,0,0,No Loan,Low,Home Loan,ATM,Active,Yes,4,,
1001435,10474,501435,29-03-2026,37,Male,Lucknow,Mass Market,Savings,UPI Payment,2791.64,13910.96,699,No,None,0,0,No Loan,Medium,Credit Card,Mobile App,Inactive,No,3,,
1001056,11202,501056,15-07-2025,30,Female,Delhi,Mass Market,Savings,Deposit,7907.38,29108.26,772,No,None,0,0,No Loan,Low,Credit Card,ATM,Active,No,4,,
1003774,10802,503774,06-02-2026,33,Female,Hyderabad,Mass Market,Salary,Transfer,7027.02,26677.24,636,No,None,0,0,No Loan,High,Insurance,ATM,Active,No,4,,
1003687,12214,503687,12-01-2026,31,Male,Hyderabad,Mass Market,Savings,Card Payment,5356.33,17396.38,573,Yes,Home,163929.48,15.13,Approved,High,Personal Loan,Internet Banking,Active,No,3,,
1000811,10075,500811,22-05-2024,26,Female,Chennai,Affluent,Salary,Card Payment,1754.24,20827.06,797,No,None,0,0,No Loan,Low,Personal Loan,Internet Banking,Active,No,5,,
1002216,10488,502216,11-02-2024,49,Female,Mumbai,Mass Market,Fixed Deposit,Deposit,1372.08,46953.83,782,Yes,Personal,223605.37,15.13,Closed,Low,Investment,Internet Banking,Inactive,No,5,,
1002987,10139,502987,19-06-2025,44,Female,Hyderabad,Affluent,Current,UPI Payment,4360.93,3204.28,728,No,None,0,0,No Loan,Medium,Credit Card,ATM,Active,No,5,,
1000735,12056,500735,25-10-2025,38,Female,Jaipur,Mass Market,Salary,UPI Payment,1850.88,5751.53,773,No,None,0,0,No Loan,Low,Savings Account,Internet Banking,Active,No,4,,
1004521,11457,504521,22-11-2024,40,Male,Lucknow,Affluent,Savings,Deposit,4586.08,37320.08,748,No,None,0,0,No Loan,Medium,Personal Loan,Internet Banking,Inactive,No,4,,
1001863,11846,501863,15-10-2024,45,Male,Ahmedabad,Affluent,Savings,Deposit,1201.34,6024.47,618,Yes,Business,13399.79,15.14,Closed,High,Investment,Mobile App,Inactive,No,4,,
1004072,10161,504072,03-04-2025,35,Male,Kolkata,Mass Market,Current,ATM,22593.16,33788.57,729,Yes,Personal,187352.62,11.13,Closed,Medium,Insurance,ATM,Active,No,5,,
1000531,10091,500531,13-05-2024,35,Female,Ahmedabad,Mass Market,Salary,Card Payment,4341.83,23933.95,754,No,None,0,0,No Loan,Low,Savings Account,Mobile App,Active,No,4,,
1002923,12443,502923,06-11-2025,43,Female,Bengaluru,Affluent,Salary,Transfer,1777.57,24024.9,771,No,None,0,0,No Loan,Low,Home Loan,Branch,Active,No,4,,
1003413,12141,503413,19-02-2026,28,Female,Hyderabad,Mass Market,Current,ATM,654.19,27807.28,736,No,None,0,0,No Loan,Medium,Home Loan,Mobile App,Active,Yes,2,,
1003127,11591,503127,02-12-2024,32,Male,Kolkata,Affluent,Current,UPI Payment,2928.48,15690.49,625,Yes,Auto,16987.89,7.18,Active,High,Investment,Mobile App,Active,No,5,,
1003624,10840,503624,23-08-2025,30,Male,Ahmedabad,Mass Market,Savings,Deposit,2067.4,275164.3,736,No,None,0,0,No Loan,Medium,Insurance,Mobile App,Active,No,4,,
1004141,11586,504141,04-10-2024,44,Male,Lucknow,Affluent,Savings,UPI Payment,2884.29,201358.71,600,No,None,0,0,No Loan,High,Insurance,Mobile App,Active,Yes,2,,
1001747,11382,501747,01-08-2024,50,Female,Lucknow,Affluent,Savings,Withdrawal,3245.63,8594.77,716,Yes,Education,54873.03,11.03,Active,Medium,Home Loan,ATM,Active,No,5,,
1000684,10797,500684,10-11-2025,26,Female,Kolkata,Affluent,Salary,UPI Payment,780.98,147507.65,624,Yes,Personal,153408.04,13.03,Approved,High,Credit Card,Mobile App,Active,No,4,,
1004568,11803,504568,08-02-2025,25,Female,Bengaluru,Mass Market,Salary,Deposit,19114.17,117612.86,768,No,None,0,0,No Loan,Low,Fixed Deposit,Mobile App,Inactive,No,4,,
1001130,12075,501130,15-08-2025,39,Male,Ahmedabad,Mass Market,Current,UPI Payment,3556.59,84157.59,743,No,None,0,0,No Loan,Medium,Credit Card,ATM,Inactive,No,5,,
1004275,11964,504275,19-05-2024,31,Male,Jaipur,Affluent,Fixed Deposit,ATM,1081.69,17900.72,637,Yes,Business,69063,14.96,Active,High,Fixed Deposit,Mobile App,Active,No,5,,
1002652,10551,502652,04-07-2025,38,Male,Ahmedabad,Premium,Current,Transfer,881.51,124146.54,770,Yes,Business,49218.32,9.77,Active,Low,Insurance,Mobile App,Active,No,4,,
1000801,11161,500801,30-05-2025,43,Female,Kolkata,Affluent,Salary,Deposit,1071.37,17029.74,583,Yes,Home,27085.53,8.56,Closed,High,Home Loan,ATM,Active,No,5,,
1002118,12356,502118,14-07-2025,40,Female,Bengaluru,Affluent,Savings,UPI Payment,2421.92,46443.61,783,Yes,Education,237447.05,8.71,Closed,Low,Home Loan,Mobile App,Active,No,4,,
1003381,11163,503381,13-07-2026,37,Male,Hyderabad,Affluent,Savings,Transfer,5354.04,39732.8,670,Yes,Education,98991.39,8.14,Active,Medium,Fixed Deposit,Internet Banking,Active,No,4,,
1004267,12012,504267,11-07-2026,53,Female,Delhi,Mass Market,Savings,UPI Payment,2340.4,19700.76,827,Yes,Personal,111069.82,13.4,Approved,Low,Insurance,Mobile App,Inactive,No,4,,
1000220,12192,500220,07-01-2024,42,Male,Delhi,Mass Market,Savings,Deposit,1894.09,73063.66,702,No,None,0,0,No Loan,Medium,Investment,Internet Banking,Active,Yes,3,,
1001870,11301,501870,13-08-2024,39,Female,Mumbai,Mass Market,Current,Deposit,7358.02,45416.61,726,No,None,0,0,No Loan,Medium,Fixed Deposit,Internet Banking,Active,No,4,,
1002246,10213,502246,30-03-2026,48,Female,Lucknow,Mass Market,Savings,UPI Payment,2649.92,4944.4,801,No,None,0,0,No Loan,Low,Home Loan,Branch,Active,No,5,,
1004357,11279,504357,19-03-2024,38,Male,Jaipur,Mass Market,Savings,UPI Payment,883.2,6980.51,800,No,None,0,0,No Loan,Low,Insurance,Branch,Inactive,No,5,,
1004085,11723,504085,13-12-2025,39,Male,Mumbai,Mass Market,Salary,Card Payment,23409.48,442361.64,724,No,None,0,0,No Loan,Medium,Insurance,Branch,Active,No,5,,
1004695,10103,504695,18-09-2025,33,Male,Chennai,Mass Market,Savings,Withdrawal,750.22,139889.18,663,No,None,0,0,No Loan,Medium,Savings Account,Internet Banking,Active,No,5,,
1002678,11968,502678,26-08-2024,34,Female,Kolkata,Affluent,Savings,Deposit,897.91,54859,811,Yes,Personal,70334.49,12.06,Approved,Low,Insurance,ATM,Inactive,No,4,,
1000044,10242,500044,01-09-2024,42,Male,Bengaluru,Premium,Savings,UPI Payment,1648.9,70432.06,614,Yes,Personal,17226.67,7.75,Closed,High,Savings Account,ATM,Active,No,4,,
1002285,11755,502285,04-06-2024,42,Other,Bengaluru,Affluent,Savings,Deposit,3173.11,16203.26,743,No,None,0,0,No Loan,Medium,Insurance,ATM,Active,No,5,,
1000211,12386,500211,27-04-2024,29,Female,Kolkata,Mass Market,Current,Deposit,2518.06,120741.8,728,No,None,0,0,No Loan,Medium,Savings Account,ATM,Active,No,5,,
1001618,10903,501618,14-07-2025,47,Female,Ahmedabad,Mass Market,Savings,ATM,8989.81,5040.1,574,No,None,0,0,No Loan,High,Home Loan,Internet Banking,Active,No,5,,
1000355,11127,500355,17-03-2025,33,Male,Bengaluru,Affluent,Savings,UPI Payment,512.2,8251.47,712,No,None,0,0,No Loan,Medium,Home Loan,Branch,Dormant,No,5,,
1003810,10445,503810,10-05-2025,47,Male,Kolkata,Premium,Fixed Deposit,Card Payment,6759.8,57186.54,704,No,None,0,0,No Loan,Medium,Credit Card,Mobile App,Active,No,5,,
1002314,12250,502314,02-07-2024,55,Female,Lucknow,Mass Market,Savings,Card Payment,1658.16,27804.76,733,No,None,0,0,No Loan,Medium,Home Loan,Internet Banking,Active,No,5,,
1004564,11538,504564,26-02-2025,21,Male,Hyderabad,Mass Market,Savings,UPI Payment,5711.38,16115.35,762,Yes,Auto,28453.43,7.51,Approved,Low,Credit Card,Mobile App,Active,Yes,4,,
1000562,10815,500562,22-06-2026,28,Female,Pune,Mass Market,Salary,Card Payment,10401.62,12238.18,806,No,None,0,0,No Loan,Low,Personal Loan,Branch,Active,No,5,,
1000368,10120,500368,02-07-2026,21,Male,Pune,Affluent,Current,Transfer,687.51,30298.66,638,No,None,0,0,No Loan,High,Savings Account,Internet Banking,Active,No,4,,
1000587,10540,500587,20-04-2024,45,Male,Pune,Mass Market,Current,Deposit,2446.9,19171.72,721,No,None,0,0,No Loan,Medium,Home Loan,Mobile App,Inactive,No,4,,
1003735,12094,503735,09-10-2024,21,Female,Lucknow,Mass Market,Savings,ATM,6088.37,184324.65,820,No,None,0,0,No Loan,Low,Fixed Deposit,Internet Banking,Active,No,4,,
1002846,12460,502846,30-03-2024,35,Male,Hyderabad,Mass Market,Savings,UPI Payment,2169.92,7427.56,822,No,None,0,0,No Loan,Low,Personal Loan,Mobile App,Active,No,4,,
1000136,11364,500136,26-05-2026,28,Male,Bengaluru,Affluent,Savings,Transfer,2099.62,60439.91,709,No,None,0,0,No Loan,Medium,Home Loan,Branch,Active,No,5,,
1000804,11064,500804,04-06-2025,45,Male,Kolkata,Premium,Salary,Withdrawal,3910.98,15457.78,753,No,None,0,0,No Loan,Low,Personal Loan,Internet Banking,Dormant,No,4,,
1000048,11391,500048,20-04-2025,37,Female,Ahmedabad,Mass Market,Savings,Transfer,1069.31,44568.6,709,No,None,0,0,No Loan,Medium,Credit Card,ATM,Active,No,3,,
1003159,11099,503159,23-01-2026,38,Female,Pune,Affluent,Savings,UPI Payment,10763.65,27876.78,784,No,None,0,0,No Loan,Low,Home Loan,Mobile App,Active,No,5,,
1002322,10336,502322,21-08-2025,38,Female,Lucknow,Mass Market,Current,UPI Payment,2687.62,12044.56,608,No,None,0,0,No Loan,High,Credit Card,ATM,Active,No,5,,
1004857,12269,504857,02-03-2026,47,Male,Hyderabad,Mass Market,Savings,Card Payment,11817.93,102480.76,707,No,None,0,0,No Loan,Medium,Insurance,Branch,Inactive,No,5,,
1004684,10771,504684,15-10-2024,35,Male,Hyderabad,Affluent,Savings,Transfer,3976.75,13475.74,534,No,None,0,0,No Loan,High,Savings Account,Internet Banking,Active,No,3,,
1004976,10527,504976,05-05-2026,24,Male,Ahmedabad,Mass Market,Savings,Card Payment,1625.99,2750.33,724,No,None,0,0,No Loan,Medium,Fixed Deposit,Branch,Active,No,4,,
1001935,11736,501935,16-06-2026,24,Other,Kolkata,Mass Market,Savings,UPI Payment,7397.43,21261.08,718,No,None,0,0,No Loan,Medium,Insurance,Mobile App,Dormant,No,5,,
1000062,10202,500062,21-11-2024,29,Female,Delhi,Mass Market,Savings,UPI Payment,3996.49,168566.69,590,Yes,Education,100766.98,14.69,Approved,High,Personal Loan,Internet Banking,Inactive,No,5,,
1001768,11093,501768,02-01-2024,37,Female,Kolkata,Premium,Current,UPI Payment,534.22,2519.83,685,Yes,Auto,229764.1,15.96,Active,Medium,Home Loan,Internet Banking,Active,No,4,,
1000634,11169,500634,20-10-2024,41,Female,Pune,Premium,Salary,Transfer,3733.31,8046.84,755,No,None,0,0,No Loan,Low,Credit Card,Branch,Inactive,No,4,,
1000096,12089,500096,12-03-2025,24,Male,Chennai,Affluent,Fixed Deposit,Card Payment,1000.95,23473.29,658,No,None,0,0,No Loan,Medium,Investment,Mobile App,Active,No,5,,
1000479,11636,500479,22-06-2026,39,Male,Chennai,High Net Worth,Savings,Deposit,5189.41,88849.71,681,Yes,Education,55239.68,8.17,Active,Medium,Home Loan,Mobile App,Active,No,4,,
1001724,12290,501724,16-03-2026,32,Male,Kolkata,Affluent,Savings,UPI Payment,11726.05,96577.64,650,No,None,0,0,No Loan,Medium,Insurance,Mobile App,Inactive,Yes,2,,
1004823,10720,504823,29-01-2025,40,Female,Delhi,Affluent,Savings,Deposit,6731.44,26264.4,790,No,None,0,0,No Loan,Low,Personal Loan,Internet Banking,Active,No,3,,
1004603,11232,504603,26-08-2026,33,Female,Chennai,Mass Market,Salary,Card Payment,2569.24,68779.74,703,No,None,0,0,No Loan,Medium,Fixed Deposit,Internet Banking,Inactive,No,5,,
1001118,10805,501118,27-07-2026,37,Female,Hyderabad,Premium,Savings,Withdrawal,904.09,32564.1,732,No,None,0,0,No Loan,Medium,Investment,ATM,Inactive,No,4,,
1002777,10441,502777,01-11-2025,25,Male,Delhi,Mass Market,Current,Deposit,14660.77,185937.91,707,Yes,Home,148715.13,15.96,Active,Medium,Credit Card,Mobile App,Active,No,3,,
1004222,11333,504222,18-02-2025,29,Male,Bengaluru,Mass Market,Salary,Transfer,20743.71,43214.33,766,Yes,Auto,31185.01,15.91,Defaulted,Low,Savings Account,Mobile App,Active,No,4,,
1000323,11842,500323,20-12-2024,31,Male,Ahmedabad,Mass Market,Savings,Transfer,2015.36,58099.66,727,No,None,0,0,No Loan,Medium,Insurance,Mobile App,Dormant,No,4,,
1001294,11869,501294,13-03-2026,35,Male,Mumbai,Affluent,Current,UPI Payment,2600.13,182468.31,723,No,None,0,0,No Loan,Medium,Home Loan,ATM,Active,No,5,,
1002230,11257,502230,11-07-2024,34,Male,Jaipur,Mass Market,Current,Withdrawal,4457.51,10821.1,666,Yes,Personal,58704.08,7.98,Closed,Medium,Investment,Mobile App,Dormant,No,5,,
1001659,11526,501659,04-12-2024,34,Female,Lucknow,Affluent,Savings,Transfer,1304.76,64844.74,694,Yes,Education,25853.23,9.82,Approved,Medium,Home Loan,Branch,Active,No,4,,
1001570,10553,501570,15-02-2024,37,Male,Chennai,Premium,Savings,Deposit,1878.35,107061.88,827,No,None,0,0,No Loan,Low,Home Loan,Mobile App,Active,No,4,,
1002441,11172,502441,08-05-2025,44,Male,Ahmedabad,Affluent,Savings,ATM,542.29,15933.31,565,No,None,0,0,No Loan,High,Fixed Deposit,Internet Banking,Active,No,4,,
1002496,11728,502496,13-11-2024,21,Male,Jaipur,Mass Market,Savings,Transfer,2108.42,20482.68,667,No,None,0,0,No Loan,Medium,Investment,ATM,Active,Yes,1,,
1003679,11713,503679,24-12-2024,46,Female,Ahmedabad,Mass Market,Savings,ATM,2117.23,35848.96,804,Yes,Home,311430.44,15.36,Closed,Low,Personal Loan,Phone Banking,Active,No,3,,
1002961,12417,502961,30-07-2025,26,Male,Bengaluru,Mass Market,Salary,Deposit,2334.23,27282.35,803,No,None,0,0,No Loan,Low,Insurance,Branch,Active,No,5,,
1000292,11769,500292,30-05-2025,43,Female,Ahmedabad,Affluent,Salary,Transfer,1739.67,94433.26,655,Yes,Education,249367.13,14.19,Defaulted,Medium,Personal Loan,Mobile App,Inactive,No,5,,
1001002,11991,501002,09-10-2024,50,Female,Mumbai,Affluent,Savings,Card Payment,1066.43,17061.98,682,Yes,Auto,38174.16,7.37,Approved,Medium,Investment,Mobile App,Active,No,4,,
1002095,10386,502095,28-01-2024,52,Male,Delhi,Mass Market,Savings,Card Payment,1503.2,13239.3,729,No,None,0,0,No Loan,Medium,Insurance,Mobile App,Active,No,3,,
1000534,10039,500534,25-01-2024,56,Male,Hyderabad,Mass Market,Savings,UPI Payment,6495.86,13388.22,700,Yes,Personal,54684.48,10.35,Closed,Medium,Savings Account,Internet Banking,Active,No,4,,
1004517,10670,504517,21-08-2024,33,Male,Pune,Affluent,Salary,Card Payment,2018.79,13390.81,689,Yes,Auto,96307.13,9.59,Active,Medium,Investment,Mobile App,Active,No,5,,
1001096,10805,501096,12-12-2024,45,Female,Pune,High Net Worth,Current,UPI Payment,4445.94,31809.69,659,No,None,0,0,No Loan,Medium,Home Loan,Internet Banking,Active,No,5,,
1003793,12435,503793,14-08-2024,41,Female,Hyderabad,Mass Market,Current,Deposit,4670.73,12467.44,760,No,None,0,0,No Loan,Low,Personal Loan,ATM,Active,No,4,,
1002012,10399,502012,26-06-2026,41,Male,Kolkata,Mass Market,Savings,Deposit,880.69,16310.1,645,Yes,Business,70172.67,15.24,Active,High,Insurance,Mobile App,Active,No,5,,
1004598,11359,504598,13-06-2024,39,Male,Hyderabad,Affluent,Fixed Deposit,ATM,2091.12,24490.71,713,Yes,Home,150403.93,8.37,Closed,Medium,Credit Card,Mobile App,Active,No,4,,
1001559,10428,501559,24-05-2026,24,Female,Ahmedabad,Mass Market,Savings,UPI Payment,5488.38,64602.72,820,Yes,Education,49985.06,8.27,Closed,Low,Fixed Deposit,ATM,Active,No,5,,
1001171,12121,501171,13-11-2025,33,Female,Kolkata,Affluent,Current,UPI Payment,5089.44,10365.07,644,No,None,0,0,No Loan,High,Investment,Branch,Active,No,5,,
1004037,10616,504037,10-02-2024,32,Female,Lucknow,Mass Market,Salary,ATM,1473.54,159484.17,634,No,None,0,0,No Loan,High,Investment,ATM,Active,No,5,,
1002418,11975,502418,30-07-2026,31,Male,Mumbai,Affluent,Salary,Deposit,1865.99,78418.42,729,No,None,0,0,No Loan,Medium,Fixed Deposit,ATM,Active,No,5,,
1004064,11231,504064,28-01-2025,21,Male,Delhi,Premium,Savings,Deposit,5110.71,66460.52,734,Yes,Auto,195079.57,7,Closed,Medium,Home Loan,Mobile App,Active,No,5,,
1004722,10811,504722,10-06-2026,35,Male,Kolkata,Premium,Savings,ATM,4019.75,4013.53,631,Yes,Personal,29507.46,7.18,Defaulted,High,Credit Card,Branch,Dormant,No,4,,
1003796,11015,503796,04-07-2026,48,Female,Hyderabad,Mass Market,Salary,UPI Payment,3488.81,10163.99,757,No,None,0,0,No Loan,Low,Home Loan,Mobile App,Active,No,4,,
1002084,11509,502084,24-09-2025,39,Male,Kolkata,Affluent,Savings,Transfer,2889.64,40885.85,622,Yes,Business,289119.33,14.75,Active,High,Savings Account,Internet Banking,Inactive,No,3,,
1004622,12463,504622,10-04-2025,29,Male,Lucknow,Affluent,Salary,ATM,1268.73,136312.57,656,No,None,0,0,No Loan,Medium,Home Loan,ATM,Active,No,5,,
1001011,10662,501011,02-05-2024,43,Male,Ahmedabad,Mass Market,Salary,Deposit,838.06,13669.44,850,No,None,0,0,No Loan,Low,Home Loan,Mobile App,Inactive,No,5,,
1004779,10810,504779,13-12-2025,30,Male,Pune,Affluent,Salary,Transfer,8644.91,2079.5,640,No,None,0,0,No Loan,High,Investment,Mobile App,Active,No,5,,
1000752,11031,500752,05-05-2025,40,Male,Chennai,Mass Market,Savings,Transfer,4998.93,155299.46,747,No,None,0,0,No Loan,Medium,Investment,Internet Banking,Active,No,4,,
1003937,10071,503937,10-11-2025,29,Female,Hyderabad,Mass Market,Current,UPI Payment,4253.89,16512.56,724,No,None,0,0,No Loan,Medium,Fixed Deposit,Internet Banking,Active,No,4,,
1004730,10726,504730,03-06-2024,32,Male,Lucknow,Affluent,Savings,Withdrawal,300.3,6781.5,673,No,None,0,0,No Loan,Medium,Home Loan,Internet Banking,Active,No,5,,
1004536,10875,504536,18-06-2025,36,Male,Hyderabad,Affluent,Savings,Withdrawal,1654.66,25312,666,No,None,0,0,No Loan,Medium,Fixed Deposit,ATM,Active,No,3,,
1004931,11922,504931,13-12-2025,28,Female,Kolkata,Mass Market,Salary,Card Payment,3304.68,21317.34,689,No,None,0,0,No Loan,Medium,Home Loan,Mobile App,Active,No,4,,
1001426,10484,501426,05-07-2026,40,Female,Kolkata,Mass Market,Current,UPI Payment,1020.01,157819.13,765,Yes,Education,354371.43,11.08,Approved,Low,Fixed Deposit,Mobile App,Active,No,4,,
1001877,11657,501877,13-09-2025,55,Female,Hyderabad,Affluent,Fixed Deposit,Deposit,3601.69,25820.36,639,Yes,Education,45328.44,8.5,Closed,High,Savings Account,Internet Banking,Active,Yes,3,,
1001546,10002,501546,24-04-2025,28,Male,Chennai,Premium,Current,ATM,686.13,22462.5,794,No,None,0,0,No Loan,Low,Home Loan,Internet Banking,Active,No,,,
1004889,11877,504889,11-05-2026,38,Male,Jaipur,Affluent,Savings,UPI Payment,1647.46,73833.43,850,Yes,Personal,472375.43,11.1,Defaulted,Low,Savings Account,Mobile App,Active,Yes,1,,
1003236,10952,503236,31-01-2024,48,Male,Pune,Affluent,Savings,UPI Payment,1290.34,21045.53,692,No,None,0,0,No Loan,Medium,Credit Card,ATM,Active,No,3,,
1004163,12241,504163,09-06-2024,39,Female,Mumbai,Affluent,Salary,UPI Payment,4170.59,17132.09,750,No,None,0,0,No Loan,Low,Home Loan,Internet Banking,Active,No,5,,
1001193,10012,501193,18-01-2024,36,Female,Ahmedabad,Affluent,Current,Withdrawal,5384.18,24007.5,691,No,None,0,0,No Loan,Medium,Insurance,Internet Banking,Active,No,4,,
1002253,11068,502253,28-04-2025,35,Female,Ahmedabad,Affluent,Salary,Withdrawal,555.47,45313.57,719,No,None,0,0,No Loan,Medium,Insurance,Branch,Active,No,5,,
1002860,11290,502860,16-06-2025,43,Female,Hyderabad,Mass Market,Current,Deposit,3869.43,6699.93,583,No,None,0,0,No Loan,High,Investment,Branch,Active,No,4,,
1003455,10315,503455,01-08-2026,35,Female,Jaipur,Affluent,Savings,UPI Payment,3452.43,15753.21,721,No,None,0,0,No Loan,Medium,Home Loan,Internet Banking,Active,No,5,,
1001895,10631,501895,31-07-2026,41,Female,Hyderabad,Mass Market,Savings,Withdrawal,2466.66,37135.35,679,No,None,0,0,No Loan,Medium,Insurance,Internet Banking,Active,Yes,4,,
1000671,11359,500671,07-04-2025,35,Female,Ahmedabad,Mass Market,Current,Deposit,2366.52,9396.9,720,Yes,Home,156913.01,14.06,Active,Medium,Credit Card,ATM,Active,No,3,,
1000829,11811,500829,07-07-2024,54,Male,Hyderabad,Mass Market,Savings,Transfer,6947.99,11223.68,791,Yes,Auto,116664.49,9.5,Active,Low,Personal Loan,Mobile App,Active,No,5,,
1002145,10715,502145,28-12-2025,38,Male,Chennai,Mass Market,Salary,Deposit,4430.18,46400.77,680,No,None,0,0,No Loan,Medium,Credit Card,Internet Banking,Active,No,4,,
1001700,11848,501700,09-01-2024,37,Male,Lucknow,Affluent,Savings,UPI Payment,3032.88,125738.18,771,No,None,0,0,No Loan,Low,Fixed Deposit,Internet Banking,Active,No,4,,
1000908,10198,500908,26-12-2024,29,,Lucknow,Affluent,Salary,UPI Payment,2457.82,4350.05,834,Yes,Education,10486.37,13.57,Approved,Low,Credit Card,Mobile App,Active,No,4,,
1002175,12398,502175,12-05-2026,40,,Bengaluru,Mass Market,Savings,UPI Payment,2178.83,28658.75,745,No,None,0,0,No Loan,Medium,Savings Account,Phone Banking,Active,Yes,3,,
1000071,10338,500071,31-12-2025,37,Male,Kolkata,Mass Market,Savings,Deposit,4270.82,5296.22,748,No,None,0,0,No Loan,Medium,Insurance,Phone Banking,Active,No,4,,
1000912,11472,500912,06-05-2025,34,Male,Hyderabad,Mass Market,Salary,Card Payment,4910.01,9527.28,740,No,None,0,0,No Loan,Medium,Fixed Deposit,ATM,Active,No,5,,
1003866,11201,503866,21-10-2024,48,Female,Lucknow,Mass Market,Savings,Card Payment,3932.41,106489.36,734,No,None,0,0,No Loan,Medium,Credit Card,Internet Banking,Active,No,4,,
1002621,10289,502621,06-06-2026,39,Male,Kolkata,High Net Worth,Fixed Deposit,UPI Payment,2119.73,6578.83,723,No,None,0,0,No Loan,Medium,Savings Account,Phone Banking,Active,Yes,4,,
1003253,11089,503253,11-03-2024,48,Male,Delhi,Premium,Savings,UPI Payment,12284.49,28698.65,658,No,None,0,0,No Loan,Medium,Savings Account,ATM,Active,No,5,,
1004225,10925,504225,04-05-2026,38,Male,Mumbai,Affluent,Savings,Card Payment,4642.13,13508.33,837,No,None,0,0,No Loan,Low,Insurance,Internet Banking,Active,Yes,4,,
1002754,11847,502754,06-01-2025,45,Female,Bengaluru,Mass Market,Fixed Deposit,Deposit,440.94,41872.29,563,No,None,0,0,No Loan,High,Credit Card,ATM,Inactive,Yes,2,,
1000839,10320,500839,26-04-2024,37,Male,Pune,Mass Market,Fixed Deposit,Card Payment,8176.92,43574.55,804,No,None,0,0,No Loan,Low,Credit Card,Mobile App,Active,No,5,,
1001613,10445,501613,03-04-2025,37,Female,Ahmedabad,Affluent,Savings,UPI Payment,741.01,13430.42,749,No,None,0,0,No Loan,Medium,Personal Loan,Mobile App,Active,Yes,1,,
1001150,11320,501150,26-12-2025,38,Male,Kolkata,Affluent,Savings,Deposit,547.65,30236.59,731,Yes,Home,110354.52,12.18,Active,Medium,Credit Card,Mobile App,Active,No,5,,
1003535,10206,503535,23-09-2024,33,Female,Jaipur,Mass Market,Salary,Withdrawal,8539.59,61093.39,757,Yes,Business,168061.39,11.24,Approved,Low,Fixed Deposit,Internet Banking,Active,No,5,,
1001076,12002,501076,01-01-2024,32,Male,Kolkata,Mass Market,Fixed Deposit,Transfer,3697.77,68497.91,746,No,None,0,0,No Loan,Medium,Fixed Deposit,ATM,Active,No,5,,
1002452,11106,502452,15-06-2024,41,Male,Mumbai,Affluent,Salary,Deposit,2526.04,52050.83,694,Yes,Auto,50092.61,13.33,Active,Medium,Investment,Mobile App,Active,No,5,,
1002795,10555,502795,03-08-2025,36,Male,Mumbai,Mass Market,Current,UPI Payment,1424.32,43136.45,602,Yes,Auto,163106.82,10.63,Active,High,Savings Account,Internet Banking,Active,No,4,,
1002821,12175,502821,23-08-2024,29,Female,Hyderabad,High Net Worth,Savings,UPI Payment,4776.45,6175.73,788,Yes,Personal,112343.9,7.98,Closed,Low,Credit Card,Mobile App,Active,No,3,,
1002022,11313,502022,25-01-2026,34,Female,Delhi,High Net Worth,Savings,UPI Payment,1457.47,48943.53,669,No,None,0,0,No Loan,Medium,Fixed Deposit,Mobile App,Active,No,5,,
1003769,12041,503769,05-01-2026,55,Male,Delhi,Mass Market,Savings,Transfer,5356.74,20752.01,691,No,None,0,0,No Loan,Medium,Personal Loan,ATM,Active,No,5,,
1001306,12307,501306,06-08-2024,45,Male,Mumbai,Affluent,Savings,UPI Payment,1449.22,6738.75,762,No,None,0,0,No Loan,Low,Credit Card,ATM,Inactive,No,4,,
1003672,11436,503672,04-07-2024,45,Female,Kolkata,Mass Market,Savings,Deposit,3045.75,15088.03,742,No,None,0,0,No Loan,Medium,Savings Account,Internet Banking,Active,No,5,,
1001889,12290,501889,18-05-2024,25,Male,Chennai,Mass Market,Salary,UPI Payment,4007.16,80656.19,691,No,None,0,0,No Loan,Medium,Investment,Branch,Inactive,No,5,,
1003251,10822,503251,10-06-2024,48,Female,Lucknow,Affluent,Salary,UPI Payment,5348.99,33004.75,705,Yes,Auto,77076.35,9.36,Active,Medium,Home Loan,Mobile App,Active,No,5,,
1002373,10837,502373,25-05-2024,50,Male,Pune,Affluent,Savings,Deposit,3655.97,31792.37,695,No,None,0,0,No Loan,Medium,Home Loan,Internet Banking,Active,No,5,,
1002909,11944,502909,30-08-2026,34,Female,Hyderabad,Mass Market,Savings,UPI Payment,5303.09,6333.05,785,No,None,0,0,No Loan,Low,Personal Loan,ATM,Active,No,5,,
1003797,11912,503797,30-06-2024,30,Male,Delhi,Mass Market,Savings,Card Payment,2211.16,535882.77,798,No,None,0,0,No Loan,Low,Insurance,Mobile App,Active,Yes,1,,
1001633,11274,501633,24-07-2026,45,Female,Lucknow,Affluent,Savings,Deposit,4204.04,18001.95,704,No,None,0,0,No Loan,Medium,Home Loan,Branch,Active,No,4,,
1002243,10235,502243,27-11-2025,21,Other,Hyderabad,Mass Market,Savings,UPI Payment,11939.68,5579.84,764,No,None,0,0,No Loan,Low,Insurance,Mobile App,Active,No,5,,
1004853,10471,504853,12-05-2026,38,Male,Mumbai,Mass Market,Salary,Withdrawal,2132.77,42874.37,677,No,None,0,0,No Loan,Medium,Personal Loan,Internet Banking,Active,No,5,,
1003918,11960,503918,08-10-2025,46,Male,Jaipur,High Net Worth,Fixed Deposit,Transfer,5599.34,43743.19,,Yes,Home,87985.49,12.92,Active,Medium,Home Loan,Mobile App,Active,Yes,4,,
1003543,11823,503543,26-02-2025,55,Male,Bengaluru,Mass Market,Savings,UPI Payment,326.84,46046.03,694,No,None,0,0,No Loan,Medium,Investment,Branch,Active,No,5,,
1003581,10561,503581,06-01-2026,37,Female,Pune,Mass Market,Fixed Deposit,Deposit,2696.95,7178.81,768,Yes,Business,79969.05,12.77,Active,Low,Credit Card,Mobile App,Active,No,4,,
1004928,10195,504928,23-05-2026,37,Male,Mumbai,Mass Market,Salary,Deposit,11532.84,40409.02,717,No,None,0,0,No Loan,Medium,Insurance,Internet Banking,Active,No,5,,
1004890,11213,504890,19-02-2025,40,Female,Hyderabad,Affluent,Fixed Deposit,Card Payment,2733.68,130738.19,761,Yes,Business,130834.78,11.74,Closed,Low,Savings Account,Mobile App,Inactive,No,5,,
1000643,10488,500643,19-03-2025,50,Male,Mumbai,Mass Market,Salary,Deposit,3170.39,41494.69,601,Yes,Business,73416.7,14.35,Active,High,Investment,ATM,Active,No,5,,
1002975,11403,502975,26-11-2024,25,Female,Pune,Mass Market,Current,Deposit,3110.78,30626.94,786,Yes,Personal,169299.56,14.71,Closed,Low,Savings Account,ATM,Active,No,4,,
1003615,11507,503615,30-07-2024,41,Female,Mumbai,Affluent,Savings,Transfer,3050.7,275590.77,641,Yes,Education,23548.89,8.15,Closed,High,Investment,Mobile App,Active,No,5,,
1003811,10363,503811,09-04-2024,44,Male,Chennai,Mass Market,Salary,Transfer,4763.55,36971.86,673,No,None,0,0,No Loan,Medium,Investment,Internet Banking,Active,No,4,,
1000234,10404,500234,21-06-2025,35,Male,Kolkata,Mass Market,Salary,UPI Payment,6827.63,150656.02,614,No,None,0,0,No Loan,High,Insurance,Mobile App,Active,No,5,,
1004577,11469,504577,19-08-2026,47,Male,Bengaluru,Mass Market,Current,UPI Payment,7931.47,17794.33,752,Yes,Home,107678.4,13.76,Active,Low,Savings Account,Internet Banking,Inactive,No,5,,
1001610,11738,501610,08-03-2024,27,Male,Hyderabad,Affluent,Salary,Withdrawal,7870.5,28574.55,722,No,None,0,0,No Loan,Medium,Insurance,Branch,Active,No,5,,
1000416,12490,500416,09-06-2026,45,Male,Chennai,Affluent,Savings,Card Payment,15320.42,18574.05,645,Yes,Education,84159.43,11.99,Closed,High,Insurance,ATM,Active,No,3,,
1002472,12076,502472,04-08-2024,27,Female,Kolkata,Affluent,Current,UPI Payment,3851.35,42270.44,806,Yes,Auto,36920.39,9.11,Active,Low,Fixed Deposit,Mobile App,Active,No,4,,
1000654,10268,500654,09-07-2026,37,Male,Delhi,Premium,Salary,Withdrawal,1557.43,23778.11,671,No,None,0,0,No Loan,Medium,Investment,Mobile App,Active,No,5,,
1003623,10313,503623,04-07-2025,40,Female,Pune,Affluent,Current,Deposit,673.43,16334.56,719,No,None,0,0,No Loan,Medium,Insurance,Internet Banking,Active,No,3,,
1001601,12357,501601,17-07-2024,21,Male,Mumbai,Mass Market,Salary,ATM,3987.21,41295.36,786,Yes,Auto,19176.05,12.81,Closed,Low,Credit Card,Branch,Active,Yes,2,,
1000018,11216,500018,21-08-2025,40,Female,Delhi,Mass Market,Savings,UPI Payment,1491.07,11373.06,634,No,None,0,0,No Loan,High,Credit Card,Phone Banking,Active,Yes,5,,
1001861,11476,501861,30-03-2025,21,Female,Chennai,Mass Market,Salary,Withdrawal,2280.73,88255.09,739,No,None,0,0,No Loan,Medium,Credit Card,ATM,Active,No,4,,
1002461,12493,502461,29-05-2024,33,Female,Hyderabad,Mass Market,Salary,UPI Payment,9565.18,13910.75,702,Yes,Home,81400.01,10.94,Active,Medium,Insurance,Mobile App,Active,No,4,,
1002390,11373,502390,21-09-2024,45,Male,Jaipur,High Net Worth,Savings,UPI Payment,2648.74,70195.74,752,No,None,0,0,No Loan,Low,Fixed Deposit,ATM,Active,No,3,,
1000597,10390,500597,08-01-2025,35,Female,Mumbai,Premium,Current,Card Payment,2178.04,68241.41,673,No,None,0,0,No Loan,Medium,Insurance,Mobile App,Active,No,5,,
1004872,10916,504872,24-06-2025,23,Male,Bengaluru,Affluent,Savings,UPI Payment,1881.97,2425.56,710,No,None,0,0,No Loan,Medium,Insurance,Internet Banking,Active,No,5,,
1002168,10399,502168,27-09-2025,26,Male,Delhi,Mass Market,Salary,UPI Payment,1882.35,75529.88,649,No,None,0,0,No Loan,High,Personal Loan,Phone Banking,Active,No,4,,
1002858,11867,502858,11-04-2026,21,Male,Hyderabad,Mass Market,Savings,UPI Payment,3500.92,17852.27,718,No,None,0,0,No Loan,Medium,Personal Loan,Mobile App,Active,No,5,,
1004760,11338,504760,11-08-2026,51,Male,Kolkata,Premium,Savings,Card Payment,2776.96,14586.67,818,Yes,Personal,353844.86,7.39,Approved,Low,Fixed Deposit,Mobile App,Active,No,4,,
1001816,12391,501816,29-08-2024,39,Female,Delhi,Mass Market,Salary,ATM,38613.86,40349.86,740,No,None,0,0,No Loan,Medium,Credit Card,Mobile App,Active,No,5,,
1004936,10444,504936,26-08-2024,34,Female,Mumbai,Mass Market,Salary,Deposit,1523.79,61557.59,635,Yes,Auto,43822.06,9.91,Closed,High,Investment,ATM,Active,No,5,,
1000372,11975,500372,25-06-2025,32,Female,Jaipur,Mass Market,Current,Card Payment,5792.94,5865.75,795,Yes,Education,19291.28,14.31,Closed,Low,Credit Card,Mobile App,Inactive,No,3,,
1003039,11947,503039,01-01-2024,30,Female,Bengaluru,Premium,Savings,UPI Payment,1540.55,128744.93,799,No,None,0,0,No Loan,Low,Savings Account,Mobile App,Active,No,4,,
1000599,10256,500599,03-03-2025,30,Male,Chennai,Mass Market,Savings,UPI Payment,1235.97,11387.38,640,Yes,Personal,238828.91,13.42,Active,High,Credit Card,Mobile App,Dormant,No,4,,
1000239,10587,500239,14-05-2026,56,Male,Mumbai,Mass Market,Savings,Deposit,1300.56,37617.51,592,No,None,0,0,No Loan,High,Insurance,Mobile App,Active,No,5,,
1003616,10659,503616,22-05-2025,43,Male,Ahmedabad,Affluent,Salary,UPI Payment,2402.6,178410.29,789,No,None,0,0,No Loan,Low,Home Loan,ATM,Active,No,3,,
1001814,10043,501814,18-10-2025,22,Female,Ahmedabad,Mass Market,Fixed Deposit,Withdrawal,8022.61,56684.27,712,Yes,Personal,112696.19,10.97,Approved,Medium,Fixed Deposit,Branch,Active,No,5,,
1001944,12402,501944,30-09-2025,38,Male,Kolkata,Mass Market,Salary,Transfer,7729.2,29459.16,710,Yes,Home,255538.54,14.97,Active,Medium,Personal Loan,Branch,Active,No,4,,
1001718,11185,501718,22-09-2025,30,Female,Jaipur,High Net Worth,Salary,Card Payment,1665.95,23603.74,720,No,None,0,0,No Loan,Medium,Home Loan,Internet Banking,Active,No,5,,
1004838,10618,504838,30-01-2025,32,Female,Delhi,Affluent,Salary,Withdrawal,10951.86,64950.92,711,No,None,0,0,No Loan,Medium,Personal Loan,Internet Banking,Inactive,No,5,,
1002139,10572,502139,16-06-2024,40,Female,Delhi,Premium,Fixed Deposit,Deposit,6764.15,26249.79,726,No,None,0,0,No Loan,Medium,Credit Card,Mobile App,Inactive,No,4,,
1002560,10613,502560,05-11-2024,39,Female,Bengaluru,Mass Market,Savings,Transfer,2810.56,8149.65,772,No,None,0,0,No Loan,Low,Home Loan,Mobile App,Inactive,No,5,,
1003481,10462,503481,02-08-2024,42,Male,Kolkata,Mass Market,Salary,Transfer,923.77,13601.14,695,No,None,0,0,No Loan,Medium,Insurance,ATM,Active,No,5,,
1003694,12278,503694,07-08-2026,30,Male,Ahmedabad,Mass Market,Savings,UPI Payment,4178.83,14483.24,687,No,None,0,0,No Loan,Medium,Insurance,Mobile App,Active,No,3,,
1002765,12395,502765,15-02-2024,21,,Pune,Affluent,Fixed Deposit,Transfer,565.88,26151.58,675,No,None,0,0,No Loan,Medium,Investment,Internet Banking,Active,No,,,
1002477,10529,502477,19-05-2024,50,Female,Mumbai,Mass Market,Savings,ATM,10381.07,9466.07,650,Yes,Home,141199.65,10.12,Defaulted,Medium,Credit Card,Mobile App,Active,No,5,,
1002553,11899,502553,12-08-2026,36,Female,Mumbai,Premium,Savings,Card Payment,511.09,7886.39,602,No,None,0,0,No Loan,High,Savings Account,ATM,Active,No,5,,
1000788,11762,500788,04-07-2025,40,Male,Delhi,Mass Market,Savings,Transfer,4644.32,44938.52,752,No,None,0,0,No Loan,Low,Personal Loan,Mobile App,Active,No,4,,
1001544,10242,501544,08-03-2025,30,Male,Kolkata,Affluent,Savings,Card Payment,2055.25,46391.78,696,No,None,0,0,No Loan,Medium,Home Loan,ATM,Active,No,4,,
1003741,10370,503741,12-03-2025,44,Female,Chennai,Premium,Current,Withdrawal,579.17,26783.29,838,No,None,0,0,No Loan,Low,Home Loan,Internet Banking,Active,No,4,,
1004263,12431,504263,02-04-2024,32,Male,Bengaluru,Affluent,Savings,Deposit,5520.56,362284.83,696,No,None,0,0,No Loan,Medium,Savings Account,Internet Banking,Active,No,5,,
1003726,12029,503726,22-01-2026,26,Female,Delhi,Mass Market,Savings,Transfer,9643.36,34893.75,700,No,None,0,0,No Loan,Medium,Investment,Branch,Active,No,5,,
1002245,10770,502245,23-04-2025,43,Male,Ahmedabad,Affluent,Savings,Transfer,4262.24,84066.59,736,No,None,0,0,No Loan,Medium,Personal Loan,Internet Banking,Inactive,No,5,,
1004488,10184,504488,18-09-2024,36,Male,Kolkata,Mass Market,Savings,Deposit,1055.92,4053.52,,No,None,0,0,No Loan,High,Credit Card,Internet Banking,Active,No,3,,
1004221,12428,504221,28-06-2024,35,Male,Lucknow,Mass Market,Fixed Deposit,Withdrawal,2052.15,20468.83,757,Yes,Home,113956.95,10.98,Approved,Low,Insurance,Mobile App,Dormant,No,5,,
1003049,10903,503049,14-08-2025,24,Female,Jaipur,Premium,Current,UPI Payment,7855.29,18447.33,692,No,None,0,0,No Loan,Medium,Fixed Deposit,Internet Banking,Active,No,4,,
1001434,10022,501434,12-11-2025,36,Female,Jaipur,Mass Market,Salary,Card Payment,4088.46,36282.17,740,No,None,0,0,No Loan,Medium,Savings Account,ATM,Active,No,5,,
1000622,12153,500622,22-11-2025,39,Male,Kolkata,Mass Market,Salary,Deposit,13418.84,119973.07,734,No,None,0,0,No Loan,Medium,Credit Card,Branch,Active,No,5,,
1002313,12453,502313,15-05-2026,27,Male,Pune,Premium,Current,Deposit,2373.03,9405.03,713,No,None,0,0,No Loan,Medium,Home Loan,Internet Banking,Active,No,3,,
1003648,12337,503648,06-10-2024,35,Female,Jaipur,Affluent,Salary,Transfer,479.94,13522.64,740,No,None,0,0,No Loan,Medium,Fixed Deposit,Mobile App,Active,No,4,,
1000567,11700,500567,28-08-2025,35,Female,Bengaluru,Premium,Savings,Transfer,1458.25,165220.48,692,No,None,0,0,No Loan,Medium,Investment,Mobile App,Active,No,3,,
1001486,10985,501486,07-06-2026,45,Female,Kolkata,Mass Market,Current,Transfer,1019.78,6500.13,697,No,None,0,0,No Loan,Medium,Credit Card,Branch,Active,Yes,2,,
1003753,10860,503753,31-07-2026,21,Female,Pune,Premium,Savings,UPI Payment,3511.2,87303.06,798,Yes,Education,86773.63,15.34,Closed,Low,Insurance,Internet Banking,Active,No,5,,
1003586,12231,503586,03-07-2026,44,Female,Bengaluru,Affluent,Savings,UPI Payment,622.7,31511.75,759,No,None,0,0,No Loan,Low,Savings Account,Branch,Active,No,4,,
1000052,12254,500052,08-07-2024,44,Male,Ahmedabad,Mass Market,Savings,UPI Payment,1410.58,3104.44,606,No,None,0,0,No Loan,High,Insurance,Branch,Active,Yes,1,,
1002143,12280,502143,01-09-2025,21,Male,Pune,Affluent,Salary,ATM,4385.6,50636.01,848,No,None,0,0,No Loan,Low,Insurance,Branch,Active,No,4,,
1003047,11711,503047,14-03-2025,44,Female,Hyderabad,Affluent,Current,Transfer,1037.77,30480.72,793,No,None,0,0,No Loan,Low,Credit Card,Mobile App,Active,No,4,,
1003120,12159,503120,24-06-2025,27,Male,Mumbai,High Net Worth,Fixed Deposit,Transfer,1274.14,6501.62,583,No,None,0,0,No Loan,High,Insurance,Branch,Active,No,5,,
1004375,12034,504375,17-08-2024,39,Male,Pune,Affluent,Salary,UPI Payment,3090.83,8506.74,715,Yes,Personal,82094.03,12.7,Active,Medium,Savings Account,Internet Banking,Active,No,4,,
1000535,10173,500535,13-06-2025,33,Male,Kolkata,Mass Market,Fixed Deposit,ATM,369.47,17068.97,652,No,None,0,0,No Loan,Medium,Insurance,Branch,Active,No,4,,
1003200,10235,503200,21-08-2024,21,Male,Chennai,Mass Market,Current,Card Payment,898.53,16336.93,631,No,None,0,0,No Loan,High,Investment,Branch,Active,No,5,,
1003103,10188,503103,14-05-2026,36,Male,Chennai,Mass Market,Savings,ATM,5151.13,46456.78,734,No,None,0,0,No Loan,Medium,Personal Loan,ATM,Inactive,No,3,,
1000444,10090,500444,21-09-2024,36,Female,Pune,Affluent,Savings,Card Payment,1234.81,32206.7,708,Yes,Personal,22391.54,13.92,Active,Medium,Insurance,Mobile App,Active,No,5,,
1002690,10398,502690,13-08-2025,33,Male,Jaipur,Premium,Savings,UPI Payment,1990.16,16714.63,782,No,None,0,0,No Loan,Low,Savings Account,ATM,Active,No,5,,
1000196,11148,500196,19-05-2026,52,Female,Jaipur,Mass Market,Savings,Withdrawal,2079.01,12096.56,625,Yes,Business,32534.35,12.99,Active,High,Fixed Deposit,ATM,Active,No,5,,
1003484,10084,503484,26-06-2025,29,Other,Chennai,Mass Market,Salary,Card Payment,1264.46,10228.93,707,No,None,0,0,No Loan,Medium,Fixed Deposit,Branch,Dormant,No,3,,
1000777,12157,500777,10-12-2024,36,Male,Pune,High Net Worth,Savings,Transfer,2037.2,675105.8,741,Yes,Personal,36241.73,10.06,Closed,Medium,Credit Card,Mobile App,Active,No,5,,
1002227,11246,502227,21-11-2025,44,Male,Hyderabad,Premium,Salary,Transfer,5004.12,56463.42,681,Yes,Education,24240.42,14.32,Active,Medium,Fixed Deposit,Internet Banking,Active,Yes,3,,
1002823,10019,502823,06-08-2025,26,Male,Kolkata,Premium,Savings,Transfer,3855.66,39724.01,656,No,None,0,0,No Loan,Medium,Insurance,Internet Banking,Active,No,3,,
1003018,11511,503018,15-09-2024,60,Male,Hyderabad,Affluent,Savings,ATM,523.44,39198.75,690,Yes,Auto,888048.2,15.51,Active,Medium,Savings Account,Internet Banking,Active,No,4,,
1003063,12335,503063,21-12-2024,24,Female,Bengaluru,Mass Market,Current,Withdrawal,1020.8,3378.47,675,No,None,0,0,No Loan,Medium,Savings Account,Mobile App,Active,No,5,,
1002981,10762,502981,24-04-2026,34,Male,Jaipur,Affluent,Current,Withdrawal,2142.75,5548.99,721,Yes,Personal,36933.05,11.04,Defaulted,Medium,Personal Loan,Phone Banking,Active,No,4,,
1002576,11530,502576,13-01-2026,38,Male,Chennai,Premium,Salary,UPI Payment,5426.34,74612.45,622,No,None,0,0,No Loan,High,Insurance,Mobile App,Inactive,No,5,,
1002938,12123,502938,26-10-2025,27,Female,Jaipur,Mass Market,Savings,Deposit,2501.63,22021.48,820,Yes,Personal,246779.57,9.16,Active,Low,Insurance,ATM,Inactive,No,5,,
1000645,12082,500645,11-07-2025,48,Female,Kolkata,Affluent,Savings,Deposit,980.31,25829.95,690,No,None,0,0,No Loan,Medium,Personal Loan,Mobile App,Active,No,4,,
1000806,10920,500806,16-05-2024,45,Male,Mumbai,Mass Market,Savings,Transfer,17912.05,29709.15,747,Yes,Education,30319.08,10.81,Closed,Medium,Fixed Deposit,Mobile App,Active,No,4,,
1003538,11046,503538,12-12-2024,30,Female,Bengaluru,Affluent,Savings,Card Payment,4733.95,21968.21,704,Yes,Education,110673,14.83,Approved,Medium,Insurance,Internet Banking,Inactive,No,4,,
1001352,10454,501352,05-12-2024,34,Male,Pune,High Net Worth,Salary,Deposit,1325.18,25756.29,733,Yes,Business,104773.34,14.16,Closed,Medium,Personal Loan,Internet Banking,Active,No,3,,
1004866,12489,504866,16-11-2024,54,Male,Hyderabad,Mass Market,Savings,UPI Payment,7351.91,30249.2,633,No,None,0,0,No Loan,High,Fixed Deposit,Mobile App,Active,No,4,,
1000121,11021,500121,10-02-2026,45,Male,Pune,Premium,Savings,UPI Payment,2365.83,61749.04,623,No,None,0,0,No Loan,High,Credit Card,Mobile App,Active,No,3,,
1002489,10637,502489,08-08-2025,42,Male,Mumbai,Mass Market,Current,Transfer,1692.01,254361.15,701,No,None,0,0,No Loan,Medium,Insurance,Internet Banking,Active,No,4,,
1004808,11911,504808,02-07-2026,41,Female,Pune,Mass Market,Salary,ATM,5709.66,23951.97,,No,None,0,0,No Loan,Low,Credit Card,Branch,Active,No,4,,
1004899,11162,504899,25-09-2025,38,Male,Delhi,Premium,Salary,Deposit,5368.03,155777.56,739,Yes,Auto,35297.08,12.04,Active,Medium,Fixed Deposit,ATM,Dormant,No,5,,
1002465,10895,502465,07-02-2025,44,Female,Chennai,Mass Market,Current,Card Payment,720.39,267299.24,533,No,None,0,0,No Loan,High,Insurance,Mobile App,Active,No,3,,
1003183,10428,503183,08-12-2025,26,Female,Kolkata,Mass Market,Savings,Transfer,7590.06,28045.73,656,No,None,0,0,No Loan,Medium,Credit Card,Mobile App,Inactive,No,5,,
1000135,11644,500135,06-08-2026,21,Male,Hyderabad,Mass Market,Savings,UPI Payment,1485.33,4632.44,777,No,None,0,0,No Loan,Low,Investment,Mobile App,Active,No,5,,
1002804,11387,502804,23-04-2024,37,Male,Pune,Affluent,Salary,Deposit,8716.4,20250.27,656,No,None,0,0,No Loan,Medium,Home Loan,Internet Banking,Active,No,4,,
1003639,12166,503639,21-05-2025,26,Male,Lucknow,Premium,Current,Withdrawal,1555.65,3608.28,697,No,None,0,0,No Loan,Medium,Credit Card,Mobile App,Active,No,4,,
1002299,11125,502299,21-01-2025,34,Male,Kolkata,Mass Market,Current,Card Payment,3414.59,37578.94,744,No,None,0,0,No Loan,Medium,Insurance,ATM,Active,No,5,,
1000185,10836,500185,04-06-2026,30,Male,Jaipur,Mass Market,Savings,Transfer,4418.4,38997.19,718,No,None,0,0,No Loan,Medium,Credit Card,Internet Banking,Dormant,No,4,,
1001336,11356,501336,12-08-2025,21,Male,Kolkata,Mass Market,Savings,Deposit,4029.62,19102.57,712,No,None,0,0,No Loan,Medium,Investment,Branch,Active,No,4,,
1001667,10130,501667,21-12-2024,40,Male,Bengaluru,Mass Market,Savings,Withdrawal,952.92,103549.96,743,No,None,0,0,No Loan,Medium,Insurance,ATM,Active,No,4,,
1000512,11541,500512,26-07-2024,40,Female,Pune,Premium,Savings,UPI Payment,21596.77,41251.54,788,Yes,Personal,11825.39,11.73,Closed,Low,Insurance,Mobile App,Dormant,No,4,,
1001322,10160,501322,29-09-2024,44,Female,Hyderabad,Affluent,Savings,UPI Payment,17568.58,94321.42,850,No,None,0,0,No Loan,Low,Investment,Mobile App,Active,No,4,,
1004073,10392,504073,07-03-2025,35,Male,Pune,Mass Market,Salary,Withdrawal,2984.1,22021.1,638,No,None,0,0,No Loan,High,Home Loan,Mobile App,Active,No,5,,
1003759,11517,503759,20-05-2025,41,Female,Delhi,Mass Market,Salary,UPI Payment,11831.22,72760.95,733,Yes,Education,54780.66,13.05,Closed,Medium,Home Loan,Internet Banking,Active,No,5,,
1004229,11970,504229,08-10-2025,35,Other,Delhi,Affluent,Current,UPI Payment,2379.4,13835.82,652,Yes,Home,278113.18,13.93,Active,Medium,Insurance,Mobile App,Active,Yes,2,,
1003733,10083,503733,19-03-2026,25,Male,Ahmedabad,Mass Market,Current,UPI Payment,11576.88,103625.19,734,No,None,0,0,No Loan,Medium,Home Loan,ATM,Active,No,4,,
1003680,12435,503680,15-03-2025,35,Male,Bengaluru,Mass Market,Savings,Transfer,4936.17,40767.19,733,No,None,0,0,No Loan,Medium,Personal Loan,Internet Banking,Inactive,No,4,,
1000743,10726,500743,18-01-2026,30,Male,Chennai,Affluent,Salary,Card Payment,3005.39,10676.36,716,Yes,Business,45262.9,8.62,Approved,Medium,Credit Card,Mobile App,Active,No,4,,
1000252,10957,500252,02-04-2024,32,Female,Pune,Affluent,Salary,Transfer,3021.86,23576.77,635,No,None,0,0,No Loan,High,Personal Loan,Mobile App,Inactive,No,4,,
1001174,11665,501174,09-06-2024,50,Male,Ahmedabad,Mass Market,Salary,Card Payment,506.5,33566.66,679,No,None,0,0,No Loan,Medium,Insurance,Mobile App,Active,Yes,2,,
1003960,11622,503960,11-02-2024,39,Male,Delhi,Mass Market,Fixed Deposit,Withdrawal,6619.09,34961.37,723,No,None,0,0,No Loan,Medium,Insurance,Mobile App,Active,No,4,,
1003903,10674,503903,01-06-2025,35,Male,Ahmedabad,Mass Market,Savings,Card Payment,27704.18,4624.75,752,Yes,Business,81864.25,10.52,Approved,Low,Credit Card,Mobile App,Active,Yes,2,,
1002171,10563,502171,06-11-2024,59,Female,Bengaluru,Mass Market,Savings,UPI Payment,9296.51,109183.05,769,No,None,0,0,No Loan,Low,Insurance,Mobile App,Active,No,3,,
1000123,11924,500123,25-02-2026,44,Female,Ahmedabad,Mass Market,Savings,Transfer,2795.19,20038.98,594,Yes,Auto,118915.97,10.25,Closed,High,Personal Loan,Internet Banking,Active,No,4,,
1002355,11142,502355,04-07-2025,37,Male,Delhi,Affluent,Savings,UPI Payment,11164.79,41231.31,702,No,None,0,0,No Loan,Medium,Personal Loan,Mobile App,Active,No,4,,
1001670,10028,501670,07-06-2025,44,Female,Lucknow,Mass Market,Savings,Card Payment,3596.17,40302.39,686,No,None,0,0,No Loan,Medium,Savings Account,Branch,Active,No,4,,
1000107,11571,500107,04-08-2026,41,Female,Pune,Affluent,Current,Transfer,8274.47,27195.19,633,No,None,0,0,No Loan,High,Savings Account,ATM,Active,No,5,,
1001478,10793,501478,29-04-2024,43,Female,Hyderabad,Premium,Salary,Withdrawal,2369.58,14001.5,660,No,None,0,0,No Loan,Medium,Fixed Deposit,ATM,Active,No,4,,
1000568,11251,500568,04-03-2025,41,Male,Pune,Affluent,Salary,ATM,1506.38,14700.39,774,No,None,0,0,No Loan,Low,Insurance,Internet Banking,Active,No,5,,
1003668,12065,503668,27-02-2026,25,Female,Pune,Premium,Fixed Deposit,Card Payment,2455.34,52140.21,742,No,None,0,0,No Loan,Medium,Home Loan,Mobile App,Active,No,5,,
1003201,11125,503201,01-02-2024,25,Female,Kolkata,Mass Market,Salary,Card Payment,3431.74,8778.23,805,No,None,0,0,No Loan,Low,Home Loan,Internet Banking,Inactive,Yes,2,,
1001676,11448,501676,20-02-2024,32,Female,Ahmedabad,High Net Worth,Current,ATM,1923.25,48881.95,824,No,None,0,0,No Loan,Low,Credit Card,Mobile App,Active,No,4,,
1001804,12133,501804,02-09-2024,25,Male,Kolkata,Affluent,Fixed Deposit,Withdrawal,6971.11,16012.65,716,No,None,0,0,No Loan,Medium,Personal Loan,Mobile App,Active,No,4,,
1000882,10725,500882,13-01-2024,21,Female,Delhi,Premium,Savings,UPI Payment,2941.1,26980.31,714,No,None,0,0,No Loan,Medium,Insurance,Branch,Active,No,4,,
1001216,10629,501216,09-09-2025,21,Male,Mumbai,Mass Market,Savings,Withdrawal,1420.65,12339.88,780,No,None,0,0,No Loan,Low,Insurance,Mobile App,Active,No,3,,
1003775,12344,503775,17-03-2025,36,Male,Ahmedabad,Mass Market,Savings,Withdrawal,1797.46,6171.84,667,No,None,0,0,No Loan,Medium,Credit Card,Internet Banking,Active,No,5,,
1002629,10156,502629,24-06-2026,37,Female,Chennai,Affluent,Savings,Withdrawal,2934.93,304843.93,733,No,None,0,0,No Loan,Medium,Home Loan,ATM,Active,No,5,,
1004426,10139,504426,29-08-2024,37,Male,Hyderabad,Mass Market,Fixed Deposit,Card Payment,2741.21,3053.7,647,No,None,0,0,No Loan,High,Savings Account,Internet Banking,Active,No,3,,
1000721,11754,500721,26-11-2024,39,Male,Bengaluru,Affluent,Fixed Deposit,Transfer,2524.15,64816.47,673,Yes,Personal,181769.78,10.49,Closed,Medium,Insurance,Mobile App,Active,No,5,,
1002726,11328,502726,02-06-2025,55,Male,Delhi,Premium,Savings,Card Payment,5279.06,7703.64,631,Yes,Business,76645.59,9.04,Closed,High,Fixed Deposit,ATM,Active,No,,,
1003892,10758,503892,11-08-2026,27,,Lucknow,Mass Market,Savings,Deposit,2444.54,40965.35,627,Yes,Home,25200.62,12.45,Active,High,Credit Card,Internet Banking,Inactive,No,5,,
1002466,12375,502466,11-06-2026,49,Male,Chennai,Affluent,Current,UPI Payment,3235.97,11327.01,745,No,None,0,0,No Loan,Medium,Home Loan,Mobile App,Active,No,4,,
1003211,11676,503211,27-11-2025,46,Male,Pune,Premium,Salary,Transfer,3638.75,49978.6,750,No,None,0,0,No Loan,Low,Credit Card,Mobile App,Active,No,4,,
1000603,12498,500603,16-07-2025,31,Male,Pune,Mass Market,Salary,Withdrawal,3605.71,15216.63,666,No,None,0,0,No Loan,Medium,Insurance,Mobile App,Active,No,5,,
1004199,10830,504199,19-11-2025,32,Male,Chennai,Mass Market,Savings,Card Payment,2691.68,65035.88,796,No,None,0,0,No Loan,Low,Home Loan,Mobile App,Inactive,No,5,,
1001898,10988,501898,23-08-2025,47,Female,Ahmedabad,Mass Market,Salary,Transfer,682.31,1935.78,850,Yes,Education,45079.59,12.36,Active,Low,Credit Card,Internet Banking,Active,No,4,,
1003946,10193,503946,23-04-2026,23,Female,Pune,Mass Market,Savings,Card Payment,6373.47,71934.18,628,No,None,0,0,No Loan,High,Credit Card,Internet Banking,Active,No,5,,
1003853,11689,503853,23-06-2026,41,Male,Bengaluru,Mass Market,Savings,Card Payment,5109.85,122163.25,723,No,None,0,0,No Loan,Medium,Home Loan,Phone Banking,Active,Yes,3,,
1000319,11501,500319,04-06-2024,41,,Bengaluru,Mass Market,Fixed Deposit,Transfer,2385.24,31711.44,683,Yes,Personal,41360.18,10.61,Closed,Medium,Investment,Internet Banking,Active,No,4,,
1003098,10414,503098,25-01-2026,21,Male,Pune,Affluent,Savings,UPI Payment,1069.81,221197.62,605,Yes,Business,43719.04,14,Approved,High,Personal Loan,Internet Banking,Active,No,4,,
1004904,10144,504904,10-01-2025,22,Male,Lucknow,Premium,Savings,Card Payment,424.21,38644.42,683,Yes,Business,18934.29,14.06,Approved,Medium,Fixed Deposit,Internet Banking,Active,No,5,,
1000275,11800,500275,22-12-2025,29,Female,Pune,Mass Market,Salary,UPI Payment,2526.56,110963.81,674,No,None,0,0,No Loan,Medium,Investment,Internet Banking,Active,No,5,,
1001874,10010,501874,31-05-2026,42,Female,Ahmedabad,Premium,Savings,Withdrawal,1626.9,22890.3,705,No,None,0,0,No Loan,Medium,Insurance,Mobile App,Active,No,4,,
1000550,10505,500550,02-11-2025,40,Female,Kolkata,Mass Market,Savings,ATM,2949.31,15842.25,623,No,None,0,0,No Loan,High,Savings Account,Mobile App,Inactive,No,5,,
1004992,12254,504992,14-09-2025,44,Male,Bengaluru,Affluent,Savings,UPI Payment,2048.43,12983.14,805,No,None,0,0,No Loan,Low,Fixed Deposit,Mobile App,Inactive,No,5,,
1004674,11744,504674,06-03-2024,44,Male,Mumbai,Mass Market,Savings,Deposit,4245.8,134536.05,783,No,None,0,0,No Loan,Low,Home Loan,Branch,Active,Yes,4,,
1004903,11888,504903,31-10-2025,27,Male,Jaipur,Mass Market,Savings,Card Payment,3760,41776.46,739,No,None,0,0,No Loan,Medium,Savings Account,ATM,Active,No,4,,
1002950,10245,502950,22-03-2024,24,Female,Hyderabad,Mass Market,Salary,Transfer,2479.45,25428.23,699,No,None,0,0,No Loan,Medium,Credit Card,Mobile App,Active,No,5,,
1000606,10877,500606,26-12-2025,40,Female,Lucknow,Affluent,Current,ATM,1609.2,24919.93,682,No,None,0,0,No Loan,Medium,Home Loan,Mobile App,Inactive,No,5,,
1004039,11849,504039,21-06-2024,25,Female,Lucknow,Mass Market,Savings,Withdrawal,1206.13,13372.63,742,No,None,0,0,No Loan,Medium,Savings Account,Internet Banking,Active,No,4,,
1000528,12493,500528,07-06-2026,41,Male,Mumbai,Premium,Savings,ATM,812.79,69799.21,700,No,None,0,0,No Loan,Medium,Home Loan,Phone Banking,Active,No,4,,
1004065,12436,504065,04-12-2024,31,Female,Chennai,Affluent,Fixed Deposit,ATM,3589.19,34410.49,784,No,None,0,0,No Loan,Low,Savings Account,Branch,Active,No,4,,
1004285,10226,504285,28-11-2024,45,Female,Chennai,Affluent,Fixed Deposit,Card Payment,2610.86,81995.31,701,Yes,Business,106281.87,7.2,Active,Medium,Fixed Deposit,Mobile App,Active,No,3,,
1004913,12052,504913,14-07-2025,43,Female,Kolkata,Affluent,Savings,Transfer,1817.34,40365.61,776,Yes,Personal,50824.33,8.42,Defaulted,Low,Savings Account,Branch,Active,No,3,,
1003791,11188,503791,16-05-2024,22,Male,Chennai,Premium,Savings,UPI Payment,5383.02,66453.17,653,No,None,0,0,No Loan,Medium,Credit Card,Internet Banking,Active,No,5,,
1004837,10461,504837,13-06-2026,29,Male,Lucknow,Mass Market,Savings,UPI Payment,1961.61,18396.92,837,No,None,0,0,No Loan,Low,Credit Card,Mobile App,Active,No,4,,
1001832,10324,501832,18-01-2024,44,Male,Kolkata,Mass Market,Savings,Withdrawal,5258.36,19896.35,653,No,None,0,0,No Loan,Medium,Investment,Internet Banking,Active,No,4,,
1000299,10993,500299,27-05-2025,36,Female,Jaipur,High Net Worth,Savings,Card Payment,558.68,3305.93,728,Yes,Home,293640.24,9.16,Active,Medium,Investment,Internet Banking,Active,Yes,2,,
1002806,12281,502806,06-11-2025,48,Female,Ahmedabad,Affluent,Savings,Withdrawal,5009.21,46182.47,723,No,None,0,0,No Loan,Medium,Credit Card,Phone Banking,Active,No,5,,
1004256,10637,504256,10-12-2024,39,,Lucknow,Mass Market,Current,Transfer,3812.86,53364.64,773,Yes,Home,169228.31,11.83,Closed,Low,Insurance,Mobile App,Active,No,4,,
1001594,11561,501594,11-03-2024,41,Female,Chennai,Mass Market,Current,UPI Payment,13043.84,49860.79,686,No,None,0,0,No Loan,Medium,Personal Loan,Internet Banking,Active,No,4,,
1002179,11574,502179,04-05-2026,59,Other,Lucknow,Mass Market,Savings,Deposit,4554.83,11760.08,679,No,None,0,0,No Loan,Medium,Savings Account,Internet Banking,Active,No,4,,
1004932,12078,504932,07-10-2025,41,Male,Hyderabad,Affluent,Salary,Transfer,2725.87,14970,796,No,None,0,0,No Loan,Low,Personal Loan,Mobile App,Active,No,5,,
1004266,10011,504266,13-08-2026,37,Female,Kolkata,Affluent,Salary,ATM,4978.3,13606.11,806,Yes,Education,233742.77,11.07,Active,Low,Fixed Deposit,Mobile App,Active,No,5,,
1002178,12186,502178,28-11-2025,52,Female,Mumbai,Affluent,Savings,Deposit,2998.06,29728.75,690,No,None,0,0,No Loan,Medium,Personal Loan,Branch,Active,No,4,,
1001599,10685,501599,30-03-2024,41,Male,Kolkata,Mass Market,Salary,Withdrawal,3562.62,73196.89,637,Yes,Personal,47862.09,7.9,Active,High,Credit Card,Mobile App,Active,No,3,,
1002537,11321,502537,22-08-2025,48,Male,Jaipur,Affluent,Savings,Card Payment,2461.32,58114.55,700,No,None,0,0,No Loan,Medium,Fixed Deposit,ATM,Dormant,Yes,3,,
1000757,11775,500757,08-08-2024,38,Male,Delhi,Premium,Fixed Deposit,Card Payment,4959.11,318221.56,641,Yes,Business,64934.73,8.05,Active,High,Home Loan,Mobile App,Active,No,5,,
1001483,11608,501483,04-04-2026,26,Male,Bengaluru,Affluent,Current,Card Payment,4445.24,179328.74,772,Yes,Personal,41365.7,10.36,Active,Low,Insurance,Internet Banking,Inactive,Yes,3,,
1002488,10435,502488,25-03-2025,39,,Ahmedabad,Mass Market,Current,UPI Payment,3145.43,35116.43,695,No,None,0,0,No Loan,Medium,Fixed Deposit,ATM,Active,No,5,,
1002073,11796,502073,23-02-2025,28,Female,Pune,Affluent,Savings,ATM,571.55,73575.62,588,No,None,0,0,No Loan,High,Investment,ATM,Active,No,5,,
1001296,10772,501296,11-06-2026,44,Male,Jaipur,Mass Market,Salary,Withdrawal,11719.6,16630.54,694,No,None,0,0,No Loan,Medium,Home Loan,Branch,Active,No,4,,
1001097,10934,501097,05-11-2024,46,Female,Kolkata,Mass Market,Savings,Deposit,22251.86,55643.9,801,No,None,0,0,No Loan,Low,Personal Loan,Phone Banking,Active,No,3,,
1001908,10263,501908,07-09-2024,36,Female,Pune,Mass Market,Savings,Transfer,394.88,13835.74,751,No,None,0,0,No Loan,Low,Personal Loan,Internet Banking,Active,No,5,,
1004784,10241,504784,16-02-2026,61,Female,Delhi,Affluent,Current,Card Payment,4091.69,72267.26,662,No,None,0,0,No Loan,Medium,Credit Card,ATM,Active,No,4,,
1000377,11151,500377,16-08-2024,64,Male,Bengaluru,Mass Market,Savings,UPI Payment,645,49543.28,698,No,None,0,0,No Loan,Medium,Home Loan,Internet Banking,Inactive,No,4,,
1004166,10406,504166,03-11-2024,38,Male,Kolkata,Mass Market,Savings,UPI Payment,2310.79,46885.14,729,No,None,0,0,No Loan,Medium,Fixed Deposit,Internet Banking,Active,No,4,,
1002536,10476,502536,18-08-2024,44,Male,Bengaluru,Affluent,Salary,Withdrawal,5726.94,35083.81,653,No,None,0,0,No Loan,Medium,Home Loan,Mobile App,Active,No,3,,
1004669,10463,504669,09-12-2024,39,Male,Ahmedabad,Affluent,Salary,Transfer,4390.37,115689.91,802,No,None,0,0,No Loan,Low,Insurance,Branch,Active,No,5,,
1000928,10517,500928,21-11-2025,35,Male,Pune,Mass Market,Savings,Deposit,3107.22,64000.22,840,No,None,0,0,No Loan,Low,Home Loan,ATM,Active,No,4,,
1000379,11013,500379,21-09-2025,31,Female,Jaipur,Affluent,Savings,Transfer,3563.88,28237.67,784,No,None,0,0,No Loan,Low,Credit Card,Branch,Active,No,4,,
1001176,10061,501176,15-04-2024,37,Female,Ahmedabad,Mass Market,Current,Card Payment,5487.81,17931.82,753,No,None,0,0,No Loan,Low,Home Loan,Internet Banking,Active,No,5,,
1002457,11881,502457,22-07-2024,43,Male,Delhi,Mass Market,Savings,UPI Payment,4206.66,8559.69,712,No,None,0,0,No Loan,Medium,Home Loan,ATM,Active,No,3,,
1002577,11759,502577,28-08-2024,31,Female,Mumbai,Mass Market,Savings,Card Payment,6571.57,44667.92,714,Yes,Auto,65071.51,8.26,Closed,Medium,Credit Card,Mobile App,Active,No,5,,
1004869,11312,504869,04-08-2026,33,Male,Lucknow,Affluent,Savings,ATM,1435.62,12105.8,642,Yes,Home,81184.66,15.41,Active,High,Insurance,Mobile App,Active,No,5,,
1001346,10038,501346,29-04-2025,28,Male,Mumbai,Premium,Savings,Card Payment,21959.38,110661.18,743,No,None,0,0,No Loan,Medium,Fixed Deposit,Internet Banking,Active,No,5,,
1002620,10931,502620,15-09-2024,39,Male,Delhi,Mass Market,Fixed Deposit,Deposit,3720.72,28648.38,738,No,None,0,0,No Loan,Medium,Investment,Internet Banking,Active,No,5,,
1001685,10862,501685,10-09-2025,36,Female,Kolkata,Mass Market,Fixed Deposit,Card Payment,3284.87,12489.37,669,No,None,0,0,No Loan,Medium,Investment,Mobile App,Active,Yes,3,,
1002058,11951,502058,08-08-2024,30,Male,Chennai,Mass Market,Savings,Card Payment,5952.15,17389.88,774,Yes,Business,29271.26,7.18,Active,Low,Credit Card,Internet Banking,Active,No,5,,
1001537,10592,501537,05-08-2026,40,Male,Ahmedabad,Premium,Current,UPI Payment,2045.22,40563.45,720,No,None,0,0,No Loan,Medium,Home Loan,Internet Banking,Active,No,5,,
1002529,12427,502529,18-10-2025,41,Male,Jaipur,Affluent,Savings,Transfer,1267.13,73960.74,804,No,None,0,0,No Loan,Low,Credit Card,Internet Banking,Active,No,3,,
1002288,11037,502288,27-02-2026,26,Female,Mumbai,Affluent,Current,UPI Payment,8502.54,122170.91,733,Yes,Education,78032.17,13.86,Active,Medium,Home Loan,Internet Banking,Active,No,4,,
1004879,10618,504879,12-07-2026,24,Female,Lucknow,Affluent,Salary,UPI Payment,12295.05,100204.65,813,No,None,0,0,No Loan,Low,Insurance,Branch,Active,No,5,,
1000795,12325,500795,22-08-2025,41,Male,Delhi,Mass Market,Savings,UPI Payment,3531.62,21623.76,765,No,None,0,0,No Loan,Low,Home Loan,Phone Banking,Active,No,4,,
1002521,11278,502521,03-05-2026,29,Female,Ahmedabad,Mass Market,Salary,Card Payment,2112.71,31251.62,640,Yes,Education,22933.86,14.08,Active,High,Savings Account,Internet Banking,Dormant,No,4,,
1003521,11715,503521,25-01-2026,39,Female,Chennai,Affluent,Salary,ATM,1403.39,26907.05,776,No,None,0,0,No Loan,Low,Fixed Deposit,Internet Banking,Active,No,4,,
1001222,10990,501222,11-07-2024,49,Male,Lucknow,Mass Market,Salary,UPI Payment,2956.76,44591.49,745,No,None,0,0,No Loan,Medium,Home Loan,Internet Banking,Active,No,5,,
1000176,12433,500176,03-01-2025,28,Female,Hyderabad,Premium,Savings,UPI Payment,1793.17,2688.52,678,No,None,0,0,No Loan,Medium,Personal Loan,Mobile App,Active,No,5,,
1001787,11368,501787,13-03-2025,33,Male,Hyderabad,Mass Market,Salary,UPI Payment,608.56,20071.84,727,No,None,0,0,No Loan,Medium,Home Loan,Branch,Active,No,3,,
1003425,10944,503425,07-03-2025,52,Male,Ahmedabad,Premium,Savings,ATM,5431.99,7513.47,717,No,None,0,0,No Loan,Medium,Insurance,Mobile App,Active,No,4,,
1001979,11524,501979,09-01-2026,49,Female,Pune,Mass Market,Current,ATM,3122.23,12556.81,624,No,None,0,0,No Loan,High,Credit Card,Mobile App,Active,No,4,,
1000046,11364,500046,20-12-2024,36,Female,Chennai,Affluent,Fixed Deposit,Deposit,8046.44,17420.59,764,No,None,0,0,No Loan,Low,Investment,Mobile App,Active,No,4,,
1002768,11111,502768,12-06-2024,21,Female,Hyderabad,Mass Market,Savings,Card Payment,2682.07,22190.17,657,No,None,0,0,No Loan,Medium,Insurance,Internet Banking,Active,No,3,,
1000860,12377,500860,01-03-2026,42,Male,Pune,Mass Market,Savings,Card Payment,6103.38,38859.5,686,No,None,0,0,No Loan,Medium,Home Loan,Mobile App,Active,No,5,,
1004668,11957,504668,03-06-2025,33,Female,Hyderabad,Mass Market,Fixed Deposit,ATM,2663.68,269641.97,739,Yes,Personal,58545.89,14.08,Closed,Medium,Home Loan,Internet Banking,Active,Yes,,,
1004168,10093,504168,02-01-2026,45,Female,Mumbai,Mass Market,Savings,Transfer,10461.12,127734.02,850,No,None,0,0,No Loan,Low,Investment,Mobile App,Active,No,3,,
1001527,10729,501527,16-04-2024,37,Male,Hyderabad,Affluent,Savings,UPI Payment,1909.05,11861.55,758,No,None,0,0,No Loan,Low,Insurance,ATM,Active,No,5,,
1002192,10378,502192,06-02-2025,28,Female,Kolkata,Premium,Current,UPI Payment,3502.77,36970.58,639,Yes,Personal,40372.13,9.97,Active,High,Insurance,Branch,Dormant,No,4,,
1003011,11141,503011,12-04-2024,48,Male,Kolkata,Affluent,Savings,Card Payment,3096.65,4386.89,668,No,None,0,0,No Loan,Medium,Insurance,Mobile App,Dormant,No,3,,
1003014,11846,503014,02-08-2024,27,Female,Hyderabad,Mass Market,Salary,Card Payment,4464.28,2782.32,666,No,None,0,0,No Loan,Medium,Savings Account,Branch,Inactive,No,3,,
1001780,11638,501780,14-03-2026,38,Female,Delhi,Mass Market,Salary,UPI Payment,4452.79,128152.63,726,Yes,Education,34222.16,14.97,Closed,Medium,Investment,Mobile App,Active,No,5,,
1001704,11926,501704,23-08-2026,39,Male,Hyderabad,Mass Market,Savings,UPI Payment,1075.5,96824.25,677,No,None,0,0,No Loan,Medium,Home Loan,Internet Banking,Active,No,3,,
1003114,10162,503114,02-05-2024,41,Female,Chennai,Affluent,Current,ATM,2939.47,41588.54,656,No,None,0,0,No Loan,Medium,Savings Account,Branch,Active,No,4,,
1002604,11242,502604,19-03-2026,28,Male,Chennai,Mass Market,Salary,Transfer,2741.58,13167.83,638,Yes,Auto,204480.5,10.23,Approved,High,Savings Account,Mobile App,Inactive,No,4,,
1000284,10659,500284,11-01-2026,28,Other,Hyderabad,Affluent,Salary,Transfer,2590.17,24021.83,742,Yes,Education,73154.48,8.69,Approved,Medium,Credit Card,ATM,Active,No,5,,
1001554,11710,501554,10-08-2025,40,Male,Ahmedabad,Mass Market,Salary,Transfer,2508.74,32990.81,662,No,None,0,0,No Loan,Medium,Credit Card,Internet Banking,Active,Yes,3,,
1004145,12218,504145,17-03-2026,21,Female,Bengaluru,Affluent,Savings,UPI Payment,788.61,26270.34,752,Yes,Home,52600.92,13.16,Defaulted,Low,Fixed Deposit,Mobile App,Active,No,5,,
1004712,11914,504712,04-05-2026,32,Male,Kolkata,Affluent,Savings,Deposit,449.46,25911.42,679,No,None,0,0,No Loan,Medium,Fixed Deposit,Mobile App,Inactive,No,5,,
1001567,12057,501567,03-06-2026,28,Female,Bengaluru,Mass Market,Savings,Transfer,3726.72,32264.76,743,No,None,0,0,No Loan,Medium,Fixed Deposit,Mobile App,Active,No,,,
1001259,10245,501259,07-04-2026,55,Male,Jaipur,High Net Worth,Fixed Deposit,Deposit,6068.44,13927.41,754,Yes,Business,107433.62,7.66,Defaulted,Low,Fixed Deposit,Branch,Active,No,5,,
1000857,10321,500857,27-01-2026,40,Male,Ahmedabad,Premium,Savings,UPI Payment,641.15,63253.09,736,No,None,0,0,No Loan,Medium,Credit Card,Internet Banking,Dormant,No,5,,
1002087,12045,502087,31-08-2026,42,Male,Mumbai,Affluent,Salary,Withdrawal,1323.53,70974.75,707,No,None,0,0,No Loan,Medium,Personal Loan,Internet Banking,Active,No,4,,
1002417,10163,502417,29-05-2026,32,Male,Pune,Affluent,Savings,Withdrawal,2515.79,2813.49,684,No,None,0,0,No Loan,Medium,Insurance,ATM,Active,Yes,2,,
1004926,11195,504926,25-05-2024,26,Male,Chennai,Mass Market,Salary,Card Payment,877.73,29015.24,681,No,None,0,0,No Loan,Medium,Personal Loan,Internet Banking,Active,No,5,,
1001875,10984,501875,27-01-2026,53,Female,Chennai,Mass Market,Fixed Deposit,ATM,1188.77,64737.71,631,Yes,Business,205290.47,13.61,Defaulted,High,Savings Account,Phone Banking,Active,No,4,,
1004617,11263,504617,18-05-2026,24,Female,Lucknow,High Net Worth,Savings,Deposit,1554.57,7507.88,641,No,None,0,0,No Loan,High,Fixed Deposit,ATM,Active,No,4,,
1002096,11598,502096,12-11-2025,42,Male,Bengaluru,Affluent,Savings,Deposit,20970.6,62173.16,739,No,None,0,0,No Loan,Medium,Investment,Phone Banking,Active,No,4,,
1000978,10936,500978,06-04-2026,45,Male,Chennai,Premium,Savings,ATM,3866.6,39648.31,676,No,None,0,0,No Loan,Medium,Home Loan,Phone Banking,Active,No,3,,
1001398,11986,501398,16-02-2025,38,Female,Lucknow,Affluent,Fixed Deposit,Card Payment,1446.99,11101.91,669,No,None,0,0,No Loan,Medium,Investment,Branch,Active,No,4,,
1002460,11932,502460,18-12-2025,34,Other,Ahmedabad,Mass Market,Savings,Deposit,11040.39,11149.44,817,No,None,0,0,No Loan,Low,Home Loan,Internet Banking,Active,No,4,,
1004570,12156,504570,27-09-2025,39,Male,Delhi,Mass Market,Salary,Transfer,1554.26,51737.03,742,No,None,0,0,No Loan,Medium,Fixed Deposit,Branch,Active,No,4,,
1001942,11196,501942,29-08-2026,33,Male,Lucknow,Mass Market,Savings,ATM,1718.43,11808.2,751,No,None,0,0,No Loan,Low,Personal Loan,Internet Banking,Active,Yes,2,,
1002527,10774,502527,02-04-2024,29,Male,Kolkata,Mass Market,Current,Withdrawal,4211.42,171972.49,759,No,None,0,0,No Loan,Low,Investment,Mobile App,Active,No,5,,
1000953,12350,500953,09-07-2026,34,Female,Lucknow,Premium,Salary,ATM,4912.64,55197.75,668,No,None,0,0,No Loan,Medium,Fixed Deposit,Mobile App,Active,No,5,,
1000100,10780,500100,06-12-2025,23,Female,Mumbai,Mass Market,Salary,UPI Payment,1979.78,19431.64,645,No,None,0,0,No Loan,High,Credit Card,Branch,Active,No,5,,
1001074,10823,501074,22-01-2026,32,Female,Mumbai,Mass Market,Savings,UPI Payment,3266,54741.51,711,Yes,Home,140128.1,14.19,Active,Medium,Personal Loan,Internet Banking,Active,No,4,,
1004465,10308,504465,19-05-2026,31,Female,Lucknow,Affluent,Salary,ATM,6416.92,81843.8,626,No,None,0,0,No Loan,High,Credit Card,Mobile App,Active,No,4,,
1003465,11604,503465,19-07-2026,39,Female,Ahmedabad,Mass Market,Savings,Transfer,1936.01,21684.85,790,No,None,0,0,No Loan,Low,Home Loan,Mobile App,Active,No,4,,
1004896,11858,504896,19-01-2025,52,Male,Lucknow,Premium,Salary,Transfer,17412.89,27741.34,755,Yes,Personal,127365.8,8.91,Active,Low,Investment,Mobile App,Dormant,No,3,,
1000352,12312,500352,09-09-2024,32,Female,Pune,Mass Market,Fixed Deposit,Transfer,3683.56,30203.11,658,Yes,Personal,380178.74,10.08,Closed,Medium,Credit Card,ATM,Active,Yes,2,,
1002747,10406,502747,27-06-2024,34,Female,Hyderabad,Affluent,Savings,UPI Payment,6598.12,24295.39,655,Yes,Business,49039.47,12.34,Active,Medium,Fixed Deposit,Branch,Active,No,5,,
1001159,10406,501159,13-06-2025,28,Female,Delhi,Premium,Savings,Deposit,8392.94,24761.74,581,No,None,0,0,No Loan,High,Investment,Mobile App,Active,No,4,,
1001057,10833,501057,14-03-2026,25,Male,Delhi,Mass Market,Fixed Deposit,UPI Payment,1729.24,45424.17,794,No,None,0,0,No Loan,Low,Fixed Deposit,Mobile App,Active,No,4,,
1000965,10604,500965,17-06-2026,31,Male,Ahmedabad,Mass Market,Savings,Withdrawal,3962.22,35108.14,778,No,None,0,0,No Loan,Low,Fixed Deposit,Mobile App,Active,No,5,,
1000719,11969,500719,23-10-2024,21,Male,Mumbai,Mass Market,Savings,Deposit,3417.36,1130.27,739,Yes,Home,34526.38,13.3,Active,Medium,Savings Account,Internet Banking,Inactive,No,5,,
1002776,10362,502776,17-10-2024,27,Female,Kolkata,Affluent,Savings,UPI Payment,329.52,7049.87,750,No,None,0,0,No Loan,Low,Home Loan,Mobile App,Inactive,No,3,,
1003576,10262,503576,16-07-2026,28,Female,Jaipur,Mass Market,Savings,ATM,906.99,22763.37,744,No,None,0,0,No Loan,Medium,Savings Account,Mobile App,Inactive,No,4,,
1001539,11110,501539,29-12-2025,34,Male,Jaipur,Premium,Savings,Transfer,3221.72,31401.05,676,Yes,Education,86474.06,8.27,Active,Medium,Credit Card,Phone Banking,Inactive,Yes,2,,
1000309,11759,500309,18-10-2024,47,Female,Lucknow,Mass Market,Salary,UPI Payment,2916.58,81596.96,747,No,None,0,0,No Loan,Medium,Savings Account,Phone Banking,Active,No,4,,
1001535,12449,501535,14-06-2025,40,Female,Jaipur,Affluent,Fixed Deposit,UPI Payment,6606.99,22355.56,759,No,None,0,0,No Loan,Low,Insurance,Mobile App,Active,Yes,3,,
1000834,12188,500834,10-05-2025,21,Female,Jaipur,Mass Market,Savings,Transfer,3252.57,29188.93,689,No,None,0,0,No Loan,Medium,Personal Loan,Phone Banking,Active,No,5,,
1000367,10657,500367,10-04-2024,44,Male,Lucknow,Affluent,Current,Withdrawal,2182.59,5219.97,602,Yes,Auto,190155.49,7.95,Active,High,Insurance,Internet Banking,Active,No,5,,
1003397,11297,503397,30-03-2025,33,Female,Chennai,Mass Market,Savings,Deposit,1231.05,81271.91,658,No,None,0,0,No Loan,Medium,Fixed Deposit,Mobile App,Active,No,4,,
1002094,11207,502094,25-07-2024,34,Female,Jaipur,Mass Market,Savings,ATM,3455.7,16020.55,673,No,None,0,0,No Loan,Medium,Home Loan,Internet Banking,Active,No,4,,
1004867,10148,504867,11-05-2025,21,Female,Jaipur,Affluent,Savings,Deposit,6206.98,25374.01,678,Yes,Personal,34414.52,10.85,Defaulted,Medium,Insurance,Branch,Active,No,5,,
1003782,11552,503782,25-01-2024,25,Female,Bengaluru,Premium,Current,ATM,4292.94,59068.25,,No,None,0,0,No Loan,Low,Fixed Deposit,Mobile App,Active,No,5,,
1002556,11015,502556,19-11-2024,48,Female,Mumbai,Affluent,Savings,Card Payment,11695.11,33929.12,667,Yes,Business,62982.53,13.62,Approved,Medium,Savings Account,Phone Banking,Inactive,No,4,,
1001127,10588,501127,26-04-2025,29,Male,Jaipur,Mass Market,Fixed Deposit,Transfer,3520.92,10378.59,664,No,None,0,0,No Loan,Medium,Personal Loan,Branch,Active,No,4,,
1000020,12325,500020,12-11-2024,39,Male,Mumbai,Mass Market,Current,Transfer,4234.44,7968.36,665,Yes,Business,95814.93,10.25,Approved,Medium,Insurance,Mobile App,Active,No,4,,
1003266,12006,503266,16-07-2024,55,Female,Hyderabad,Mass Market,Salary,Withdrawal,3665.6,21734.65,850,No,None,0,0,No Loan,Low,Savings Account,Mobile App,Active,No,4,,
1002944,11258,502944,09-11-2024,44,Female,Ahmedabad,Mass Market,Salary,UPI Payment,3558.95,38963.79,696,No,None,0,0,No Loan,Medium,Credit Card,Branch,Dormant,No,4,,
1002590,10646,502590,01-01-2025,52,Male,Ahmedabad,Mass Market,Current,Deposit,3089.89,158018.61,717,No,None,0,0,No Loan,Medium,Personal Loan,Branch,Active,Yes,2,,
1000219,11788,500219,31-10-2024,32,Female,Hyderabad,Affluent,Savings,Withdrawal,7797.55,135011.49,850,No,None,0,0,No Loan,Low,Credit Card,ATM,Active,No,4,,
1002639,12239,502639,06-03-2024,33,Male,Pune,Affluent,Salary,UPI Payment,4119.23,61292.6,723,Yes,Personal,34699.19,15.59,Closed,Medium,Credit Card,Branch,Active,No,5,,
1000439,12445,500439,11-08-2024,38,Female,Bengaluru,Mass Market,Savings,ATM,2485.96,15026.44,772,No,None,0,0,No Loan,Low,Home Loan,Mobile App,Active,No,4,,
1001966,12004,501966,26-06-2024,32,Male,Pune,Mass Market,Salary,Deposit,12406.75,52229.31,786,Yes,Business,16205.49,9.68,Defaulted,Low,Investment,Branch,Active,No,4,,
1003376,11891,503376,12-03-2024,33,Female,Hyderabad,Mass Market,Fixed Deposit,Withdrawal,7700.55,6735.69,635,Yes,Education,37609.67,12.1,Active,High,Personal Loan,Branch,Active,Yes,3,,
1003304,11083,503304,11-02-2026,32,Female,Ahmedabad,Mass Market,Savings,Deposit,3545.76,16412.87,637,No,None,0,0,No Loan,High,Personal Loan,Internet Banking,Active,Yes,4,,
1004282,12154,504282,26-09-2024,42,Female,Kolkata,Mass Market,Salary,ATM,3704.45,7197.87,679,No,None,0,0,No Loan,Medium,Credit Card,ATM,Active,Yes,2,,
1002433,10875,502433,20-07-2026,45,Female,Lucknow,Premium,Savings,Deposit,12282.45,10851.14,717,Yes,Home,203076.96,11.07,Closed,Medium,Credit Card,Internet Banking,Active,Yes,3,,
1004661,12411,504661,23-05-2024,31,Male,Ahmedabad,Affluent,Savings,ATM,7565.08,4812.9,697,No,None,0,0,No Loan,Medium,Investment,Branch,Active,No,4,,
1003780,11185,503780,16-05-2025,21,Female,Mumbai,Mass Market,Savings,Transfer,1073.77,17184.37,732,No,None,0,0,No Loan,Medium,Fixed Deposit,ATM,Active,No,4,,
1002779,11645,502779,06-09-2025,32,Female,Mumbai,Mass Market,Savings,Transfer,5164.41,65941.72,601,No,None,0,0,No Loan,High,Credit Card,Internet Banking,Inactive,No,4,,
1000803,10243,500803,16-06-2024,22,Female,Ahmedabad,Mass Market,Salary,Transfer,1627.85,35393.16,678,No,None,0,0,No Loan,Medium,Investment,Internet Banking,Active,No,5,,
1003013,10267,503013,26-06-2024,31,Female,Ahmedabad,Premium,Savings,Withdrawal,7495.23,96641.33,708,Yes,Education,58616.45,9.71,Defaulted,Medium,Fixed Deposit,ATM,Inactive,No,5,,
1002289,11417,502289,13-06-2025,36,Female,Hyderabad,Mass Market,Salary,UPI Payment,5467.61,204733.32,701,Yes,Education,22187.57,11.26,Closed,Medium,Investment,Mobile App,Inactive,No,4,,
1003742,11819,503742,08-04-2026,23,Male,Jaipur,Mass Market,Savings,Deposit,3657.69,3659.11,773,No,None,0,0,No Loan,Low,Credit Card,Mobile App,Active,No,5,,
1004451,10104,504451,26-05-2025,37,Female,Jaipur,Mass Market,Savings,UPI Payment,818.79,19493.46,676,Yes,Education,47157.11,13.25,Closed,Medium,Fixed Deposit,Mobile App,Dormant,No,3,,
1000583,11032,500583,10-08-2025,52,Male,Delhi,Affluent,Salary,ATM,7422.81,15028.41,757,No,None,0,0,No Loan,Low,Home Loan,Internet Banking,Inactive,No,5,,
1000204,11535,500204,31-03-2026,44,Male,Bengaluru,Affluent,Savings,Deposit,2558.43,19771.83,850,No,None,0,0,No Loan,Low,Savings Account,Branch,Active,No,4,,
1004061,10923,504061,18-12-2025,47,Female,Jaipur,High Net Worth,Savings,ATM,2325.8,36332.42,732,Yes,Education,53250.66,11.86,Approved,Medium,Insurance,Internet Banking,Inactive,No,4,,
1003432,10667,503432,24-11-2024,21,Female,Ahmedabad,Affluent,Savings,Deposit,3683.87,67995.17,717,No,None,0,0,No Loan,Medium,Credit Card,Internet Banking,Active,Yes,2,,
1002265,11054,502265,11-09-2025,28,Other,Jaipur,Mass Market,Fixed Deposit,Transfer,2981.81,127245.71,720,Yes,Auto,36619.77,15.33,Active,Medium,Credit Card,ATM,Active,No,4,,
1002196,11802,502196,24-07-2024,44,Female,Ahmedabad,Affluent,Current,UPI Payment,3008.22,91379.15,610,No,None,0,0,No Loan,High,Fixed Deposit,ATM,Active,No,5,,
1003423,10872,503423,17-04-2026,35,Male,Lucknow,Premium,Current,Transfer,4372.4,59185.34,555,No,None,0,0,No Loan,High,Investment,Branch,Inactive,No,5,,
1001607,10549,501607,28-07-2025,37,Male,Mumbai,Premium,Salary,Transfer,2080.43,16692.56,709,No,None,0,0,No Loan,Medium,Fixed Deposit,Mobile App,Active,No,5,,
1001048,10800,501048,16-05-2025,39,Female,Pune,Mass Market,Savings,Deposit,731.87,96088.47,733,No,None,0,0,No Loan,Medium,Fixed Deposit,Mobile App,Active,No,3,,
1001425,11888,501425,09-01-2026,21,Other,Kolkata,Mass Market,Fixed Deposit,Withdrawal,961.33,5271.89,604,Yes,Business,65467.77,11.91,Active,High,Investment,Branch,Active,No,4,,
1002882,10049,502882,14-08-2025,28,Male,Pune,Affluent,Savings,Transfer,2127.18,62363.65,738,No,None,0,0,No Loan,Medium,Fixed Deposit,Internet Banking,Active,No,5,,
1001963,10348,501963,17-06-2024,31,Female,Ahmedabad,Mass Market,Savings,Deposit,944.46,30623.21,701,No,None,0,0,No Loan,Medium,Savings Account,ATM,Active,No,5,,
1003366,10620,503366,03-01-2025,45,Male,Pune,Mass Market,Savings,Transfer,942.22,42415.95,722,No,None,0,0,No Loan,Medium,Fixed Deposit,Branch,Active,No,4,,
1000518,11857,500518,12-01-2024,31,Other,Pune,Mass Market,Savings,Card Payment,1582.46,18839.66,669,No,None,0,0,No Loan,Medium,Savings Account,Mobile App,Active,No,5,,
1002985,11557,502985,02-04-2025,29,Male,Jaipur,Mass Market,Salary,ATM,1079.42,6644.67,741,No,None,0,0,No Loan,Medium,Fixed Deposit,Mobile App,Active,No,5,,
1003337,11073,503337,01-01-2026,25,Male,Mumbai,Premium,Fixed Deposit,UPI Payment,9809.05,64062.17,688,Yes,Auto,80227.57,15.23,Active,Medium,Savings Account,Internet Banking,Active,No,5,,
1004856,11910,504856,26-07-2024,26,Female,Delhi,Affluent,Salary,UPI Payment,3281.23,13115.91,769,No,None,0,0,No Loan,Low,Fixed Deposit,Internet Banking,Inactive,No,4,,
1000669,11330,500669,19-10-2025,42,Female,Bengaluru,Premium,Savings,Withdrawal,6473.21,3135.37,706,No,None,0,0,No Loan,Medium,Insurance,Internet Banking,Inactive,No,5,,
1003113,12423,503113,29-07-2024,44,Male,Chennai,Mass Market,Savings,Withdrawal,13192.44,16684.26,688,No,None,0,0,No Loan,Medium,Savings Account,Mobile App,Active,No,4,,
1001428,10731,501428,13-08-2026,29,Male,Chennai,Premium,Salary,Deposit,1349.95,5420.92,850,Yes,Education,75036.13,7.23,Defaulted,Low,Insurance,Internet Banking,Active,No,5,,
1004922,11642,504922,27-03-2025,53,Female,Pune,Mass Market,Salary,Deposit,18999.84,24982.18,747,No,None,0,0,No Loan,Medium,Credit Card,Mobile App,Active,Yes,3,,
1004507,10434,504507,18-02-2024,21,Male,Pune,Mass Market,Salary,UPI Payment,3198.35,110063.97,648,No,None,0,0,No Loan,High,Fixed Deposit,Branch,Active,No,3,,
1001261,10697,501261,27-07-2025,44,Female,Chennai,Mass Market,Current,Card Payment,1966.93,45261.31,801,No,None,0,0,No Loan,Low,Fixed Deposit,Mobile App,Inactive,No,4,,
1002440,10672,502440,13-12-2025,50,Female,Hyderabad,Premium,Fixed Deposit,Card Payment,17766.73,78509.78,700,No,None,0,0,No Loan,Medium,Personal Loan,Mobile App,Active,No,4,,
1003768,11599,503768,09-09-2025,36,Female,Delhi,Mass Market,Salary,UPI Payment,3716.94,23724.85,694,No,None,0,0,No Loan,Medium,Home Loan,Mobile App,Active,No,4,,
1004270,10486,504270,13-01-2026,30,Male,Delhi,Affluent,Savings,Withdrawal,1079.24,21171.47,,No,None,0,0,No Loan,Medium,Investment,Mobile App,Active,No,4,,
1003358,12350,503358,04-07-2025,31,Female,Pune,Affluent,Savings,Deposit,1578.07,14396.08,779,Yes,Business,39711.37,12.12,Closed,Low,Investment,Mobile App,Active,No,4,,
1003408,10495,503408,04-06-2025,58,Female,Chennai,Affluent,Salary,Deposit,4118.88,12970,737,No,None,0,0,No Loan,Medium,Insurance,Internet Banking,Inactive,Yes,2,,
1001376,11705,501376,20-07-2025,43,Male,,Mass Market,Current,ATM,5196.39,13680.88,696,Yes,Education,32100.22,8.7,Closed,Medium,Insurance,Internet Banking,Active,No,3,,
1000760,11216,500760,23-12-2025,30,Female,Hyderabad,Premium,Salary,Withdrawal,6021.02,236755.61,667,Yes,Business,168869.92,13.75,Approved,Medium,Personal Loan,Internet Banking,Active,No,4,,
1002848,11108,502848,09-04-2026,21,Male,Lucknow,Premium,Savings,Deposit,2460.09,86971.17,763,No,None,0,0,No Loan,Low,Home Loan,Internet Banking,Dormant,No,5,,
1004333,12168,504333,10-09-2024,21,Male,Lucknow,Mass Market,Savings,UPI Payment,971.32,85250.44,688,No,None,0,0,No Loan,Medium,Insurance,Mobile App,Active,No,4,,
1002686,11399,502686,24-01-2026,35,Male,Jaipur,Affluent,Savings,Withdrawal,5145.47,27083.69,703,Yes,Auto,32236.15,11.01,Approved,Medium,Savings Account,ATM,Active,No,3,,
1003022,11044,503022,21-06-2025,60,Male,Bengaluru,Premium,Salary,UPI Payment,3880.97,11726.93,691,No,None,0,0,No Loan,Medium,Credit Card,Internet Banking,Active,No,4,,
1004396,11195,504396,04-08-2025,25,Female,Lucknow,Affluent,Current,Card Payment,2805.87,49106.47,719,No,None,0,0,No Loan,Medium,Savings Account,Branch,Active,No,5,,
1002510,11679,502510,21-02-2025,41,Female,Hyderabad,Mass Market,Current,ATM,12286.02,17693.92,652,No,None,0,0,No Loan,Medium,Personal Loan,Branch,Active,Yes,4,,
1000215,12199,500215,21-09-2025,30,Female,Pune,Mass Market,Fixed Deposit,Transfer,10032.08,38966.64,767,No,None,0,0,No Loan,Low,Personal Loan,ATM,Active,No,5,,
1003347,12296,503347,10-09-2025,40,Male,Pune,Affluent,Current,UPI Payment,4233.87,38637.13,732,Yes,Home,137722.6,11.83,Closed,Medium,Fixed Deposit,Mobile App,Inactive,No,4,,
1001484,11084,501484,09-05-2024,21,Female,Jaipur,Mass Market,Savings,Withdrawal,2505,32428.18,673,No,None,0,0,No Loan,Medium,Credit Card,Mobile App,Active,No,4,,
1000694,10043,500694,10-10-2025,26,Male,Jaipur,Mass Market,Salary,Deposit,6254.86,131356.02,642,Yes,Education,56647.88,8.06,Closed,High,Fixed Deposit,Mobile App,Active,No,5,,
1002183,10360,502183,25-07-2024,29,Female,Bengaluru,Affluent,Savings,UPI Payment,2893.8,65165.26,740,No,None,0,0,No Loan,Medium,Savings Account,Mobile App,Active,No,4,,
1004732,12198,504732,05-09-2024,29,Male,Ahmedabad,Affluent,Savings,Deposit,349.92,15484.25,721,Yes,Business,82798.87,14.41,Defaulted,Medium,Credit Card,Mobile App,Active,No,5,,
1002134,12240,502134,03-09-2024,28,Female,Chennai,Premium,Fixed Deposit,Card Payment,4441.49,42179.38,614,Yes,Education,108933.82,10.65,Closed,High,Savings Account,Phone Banking,Active,No,5,,
1001116,10442,501116,07-05-2024,21,Male,Pune,Mass Market,Savings,Withdrawal,3614.02,36580.36,658,No,None,0,0,No Loan,Medium,Personal Loan,ATM,Active,No,5,,
1001785,11389,501785,09-06-2025,46,Female,Chennai,Mass Market,Fixed Deposit,Withdrawal,1614.16,35146.43,753,No,None,0,0,No Loan,Low,Investment,ATM,Active,No,4,,
1004739,10599,504739,22-01-2024,37,Male,Kolkata,Affluent,Savings,Card Payment,2507.09,128193.1,742,Yes,Home,53347.69,11.35,Approved,Medium,Credit Card,ATM,Active,No,4,,
1001213,10250,501213,11-03-2024,37,Female,Kolkata,Mass Market,Salary,Transfer,2415.52,13326.64,637,No,None,0,0,No Loan,High,Insurance,Internet Banking,Active,Yes,2,,
1004882,10580,504882,21-01-2025,42,Male,Delhi,Affluent,Fixed Deposit,Card Payment,2928.04,8854.75,747,No,None,0,0,No Loan,Medium,Personal Loan,Branch,Active,Yes,5,,
1000197,10187,500197,27-05-2026,50,Male,Delhi,Mass Market,Fixed Deposit,UPI Payment,11023.79,83767.88,640,No,None,0,0,No Loan,High,Insurance,Internet Banking,Active,No,5,,
1004606,10529,504606,06-05-2024,21,Female,Mumbai,Premium,Salary,UPI Payment,2070.81,12145.37,701,Yes,Business,149226.77,13.09,Closed,Medium,Savings Account,Mobile App,Active,No,3,,
1004729,12464,504729,23-01-2024,33,Male,Kolkata,Mass Market,Salary,Card Payment,5689.07,49542.41,691,No,None,0,0,No Loan,Medium,Investment,Mobile App,Active,Yes,3,,
1001058,10313,501058,03-09-2024,38,Male,Kolkata,Mass Market,Current,Deposit,2988.73,35743.22,734,No,None,0,0,No Loan,Medium,Credit Card,Branch,Active,No,4,,
1000880,11852,500880,09-05-2024,44,Female,Kolkata,Premium,Savings,UPI Payment,15390.21,59939.31,811,Yes,Education,142615.69,7.32,Defaulted,Low,Personal Loan,Internet Banking,Active,No,4,,
1001823,10407,501823,05-07-2026,39,Male,Mumbai,Mass Market,Salary,Card Payment,3397.49,10198.68,619,No,None,0,0,No Loan,High,Investment,ATM,Active,No,4,,
1001938,12429,501938,29-10-2025,38,Female,Kolkata,Affluent,Current,ATM,2357.06,3842.88,719,No,None,0,0,No Loan,Medium,Investment,Mobile App,Active,Yes,3,,
1001331,11641,501331,26-04-2026,47,Female,Ahmedabad,Mass Market,Current,Transfer,11532.86,37920.22,711,Yes,Home,327574.15,13.08,Active,Medium,Personal Loan,Branch,Active,No,3,,
1002269,11135,502269,04-04-2026,34,Male,Delhi,Affluent,Current,UPI Payment,4932.63,7103.15,675,Yes,Education,89963.59,12.35,Closed,Medium,Personal Loan,ATM,Active,No,5,,
1000888,11066,500888,04-08-2025,38,Male,Delhi,Mass Market,Savings,Transfer,1742.76,48775.54,756,No,None,0,0,No Loan,Low,Personal Loan,Branch,Inactive,No,4,,
1003033,10695,503033,12-05-2025,21,Female,Kolkata,Affluent,Savings,Withdrawal,2212.16,17022.69,805,No,None,0,0,No Loan,Low,Personal Loan,Internet Banking,Active,No,4,,
1000069,11017,500069,16-04-2026,45,Female,Mumbai,Mass Market,Current,Deposit,8114.87,136055.25,721,No,None,0,0,No Loan,Medium,Personal Loan,Internet Banking,Active,Yes,5,,
1002498,11855,502498,23-04-2025,35,Female,Hyderabad,Mass Market,Fixed Deposit,UPI Payment,2798.16,19684.02,729,No,None,0,0,No Loan,Medium,Savings Account,Mobile App,Active,No,4,,
1001936,11586,501936,28-08-2026,37,Female,Pune,Affluent,Salary,ATM,3518.31,41905.86,757,No,None,0,0,No Loan,Low,Personal Loan,Internet Banking,Active,Yes,3,,
1000569,11683,500569,25-09-2024,41,Female,Hyderabad,Mass Market,Savings,UPI Payment,1615.79,16486.07,594,No,None,0,0,No Loan,High,Credit Card,ATM,Active,Yes,4,,
1001653,12382,501653,18-03-2026,42,Female,Jaipur,Affluent,Salary,UPI Payment,1300.98,28715.49,705,No,None,0,0,No Loan,Medium,Credit Card,Phone Banking,Active,Yes,3,,
1000097,12183,500097,20-04-2024,34,Female,Ahmedabad,Mass Market,Savings,Card Payment,1287.71,21063.23,792,Yes,Home,319287.64,10.23,Active,Low,Insurance,Mobile App,Active,No,4,,
1001021,11725,501021,17-01-2025,39,Female,Lucknow,Affluent,Savings,Card Payment,1250.55,3711.27,749,No,None,0,0,No Loan,Medium,Savings Account,Mobile App,Active,No,5,,
1002875,12467,502875,15-02-2026,33,Male,Lucknow,Affluent,Salary,UPI Payment,1908.11,17410.74,674,No,None,0,0,No Loan,Medium,Fixed Deposit,Internet Banking,Active,No,4,,
1000140,11530,500140,25-08-2026,58,Male,Hyderabad,Affluent,Savings,ATM,16801.84,36685.14,719,No,None,0,0,No Loan,Medium,Credit Card,Internet Banking,Active,No,5,,
1003104,12016,503104,08-04-2024,38,Male,Lucknow,Affluent,Current,UPI Payment,2849,166288.61,687,No,None,0,0,No Loan,Medium,Home Loan,ATM,Active,No,4,,
1002618,12321,502618,21-06-2024,35,Male,Delhi,Mass Market,Savings,UPI Payment,4104.81,39402.37,688,No,None,0,0,No Loan,Medium,Insurance,Mobile App,Active,No,5,,
1001506,10521,501506,26-05-2026,46,Male,Hyderabad,Mass Market,Salary,Deposit,9501.03,68261.79,691,No,None,0,0,No Loan,Medium,Investment,ATM,Active,No,5,,
1001363,12163,501363,06-04-2024,33,Male,Ahmedabad,Premium,Savings,Transfer,9378.39,13780.55,663,No,None,0,0,No Loan,Medium,Savings Account,Internet Banking,Inactive,No,4,,
1002648,11337,502648,08-04-2025,44,Male,Pune,Mass Market,Current,ATM,991.67,99735.5,640,Yes,Education,267891.32,13.95,Closed,High,Credit Card,Mobile App,Active,No,4,,
1003287,11760,503287,29-11-2025,41,Female,Bengaluru,Mass Market,Savings,UPI Payment,8992.6,280694.25,647,No,None,0,0,No Loan,High,Home Loan,Mobile App,Active,No,5,,
1004765,11358,504765,18-06-2024,54,Female,Jaipur,Mass Market,Savings,Withdrawal,4253.09,18832.13,659,Yes,Auto,96931.49,13.43,Closed,Medium,Fixed Deposit,Internet Banking,Inactive,No,4,,
1002293,11998,502293,27-08-2025,39,Male,Delhi,Mass Market,Salary,Card Payment,6394.88,64346.47,610,Yes,Personal,189854.96,15.53,Defaulted,High,Insurance,Mobile App,Active,No,4,,
1004424,12155,504424,28-07-2026,38,Male,Bengaluru,Affluent,Salary,UPI Payment,605.91,19276.74,735,No,None,0,0,No Loan,Medium,Savings Account,Internet Banking,Active,No,3,,
1000464,10037,500464,28-05-2026,48,Female,Mumbai,Mass Market,Current,Deposit,1868.22,39739.21,547,No,None,0,0,No Loan,High,Personal Loan,Internet Banking,Active,No,4,,
1002896,11054,502896,15-02-2025,45,Male,Delhi,Mass Market,Savings,UPI Payment,8129.6,12907.32,763,No,None,0,0,No Loan,Low,Fixed Deposit,ATM,Active,No,4,,
1004188,11611,504188,28-10-2024,44,Male,Bengaluru,Mass Market,Savings,Withdrawal,1505.24,21341.45,578,No,None,0,0,No Loan,High,Credit Card,Phone Banking,Inactive,No,3,,
1002005,10594,502005,07-09-2025,40,Female,Hyderabad,Mass Market,Current,Transfer,8286.16,22752.09,654,No,None,0,0,No Loan,Medium,Home Loan,ATM,Active,Yes,2,,
1000595,10925,500595,19-01-2026,47,Female,Ahmedabad,Mass Market,Savings,Card Payment,852.66,14721.03,720,No,None,0,0,No Loan,Medium,Investment,ATM,Active,No,4,,
1001339,11487,501339,30-08-2025,51,Male,Jaipur,Mass Market,Savings,UPI Payment,2015.46,26630.76,709,No,None,0,0,No Loan,Medium,Insurance,Internet Banking,Active,No,5,,
1000626,10518,500626,06-02-2024,26,Male,Jaipur,Premium,Savings,Withdrawal,3043.46,18869.02,754,No,None,0,0,No Loan,Low,Insurance,Branch,Active,Yes,4,,
1000451,11650,500451,15-07-2024,38,Female,Delhi,Mass Market,Fixed Deposit,UPI Payment,2981.74,70432.08,690,No,None,0,0,No Loan,Medium,Investment,Mobile App,Active,No,4,,
1003748,10367,503748,07-02-2026,49,Male,Chennai,Mass Market,Savings,UPI Payment,6803.62,15949.48,675,No,None,0,0,No Loan,Medium,Investment,Mobile App,Active,No,5,,
1004302,11744,504302,18-04-2026,33,Male,Kolkata,Mass Market,Savings,UPI Payment,2649.82,48236.39,623,Yes,Auto,351492.46,7.02,Defaulted,High,Insurance,Mobile App,Active,No,4,,
1004326,11631,504326,10-02-2025,45,Male,Mumbai,Affluent,Salary,UPI Payment,3470.77,10610.02,758,No,None,0,0,No Loan,Low,Savings Account,Branch,Inactive,No,4,,
1004836,11460,504836,19-11-2024,21,Female,Delhi,Mass Market,Current,Withdrawal,5342.14,17867.48,773,Yes,Business,68026.66,7.03,Active,Low,Savings Account,Internet Banking,Active,No,5,,
1001593,12135,501593,01-12-2024,36,Male,Chennai,Mass Market,Current,Withdrawal,1439.7,13859.56,594,No,None,0,0,No Loan,High,Investment,Mobile App,Inactive,No,4,,
1001050,11482,501050,12-05-2025,21,Male,Delhi,Mass Market,Fixed Deposit,UPI Payment,6928.26,45022.13,702,Yes,Auto,165473.64,13.5,Closed,Medium,Insurance,Mobile App,Active,No,5,,
1003554,10153,503554,09-05-2024,31,Male,Pune,Premium,Fixed Deposit,Deposit,936.11,16761.3,606,No,None,0,0,No Loan,High,Savings Account,Mobile App,Active,No,5,,
1001910,10999,501910,20-12-2025,41,Male,Kolkata,Mass Market,Salary,Withdrawal,27431.41,4149.23,796,No,None,0,0,No Loan,Low,Savings Account,ATM,Active,No,5,,
1004600,10022,504600,26-08-2025,33,Male,Bengaluru,Mass Market,Savings,Transfer,1656.93,19637.64,682,Yes,Education,57211.71,9.18,Active,Medium,Fixed Deposit,Internet Banking,Active,Yes,2,,
1004011,10719,504011,14-04-2026,41,Male,Chennai,Mass Market,Current,ATM,4901.88,43045.96,753,Yes,Personal,42988.93,14.55,Closed,Low,Home Loan,ATM,Active,No,3,,
1000151,11480,500151,16-05-2024,41,Male,Pune,Affluent,Current,UPI Payment,2193.95,6070.29,778,Yes,Education,27841.43,13.43,Active,Low,Fixed Deposit,ATM,Active,Yes,3,,
1001737,10308,501737,01-06-2026,22,Female,Ahmedabad,Affluent,Savings,Transfer,11553.63,15332.37,732,No,None,0,0,No Loan,Medium,Insurance,Branch,Active,No,4,,
1003967,10659,503967,06-10-2024,39,Female,Pune,Affluent,Current,Deposit,3680.07,18249.97,731,No,None,0,0,No Loan,Medium,Investment,Mobile App,Active,No,4,,
1004685,10758,504685,19-06-2026,48,Female,Ahmedabad,Affluent,Savings,Deposit,2141.07,15600.27,692,Yes,Auto,20051.84,13.31,Closed,Medium,Fixed Deposit,Internet Banking,Active,No,5,,
1001481,11295,501481,28-12-2025,26,Female,Bengaluru,Mass Market,Savings,Card Payment,2460.34,5373.09,705,No,None,0,0,No Loan,Medium,Personal Loan,Mobile App,Active,No,5,,
1000089,10392,500089,02-09-2025,25,Female,Chennai,Mass Market,Current,Transfer,12709.32,3537.68,611,No,None,0,0,No Loan,High,Personal Loan,Branch,Active,No,5,,
1000458,11123,500458,17-03-2026,23,Female,Mumbai,Affluent,Fixed Deposit,Deposit,2604.8,16336.42,766,Yes,Education,116629.97,15.43,Closed,Low,Credit Card,Internet Banking,Active,No,5,,
1004376,11755,504376,30-06-2024,33,Female,Lucknow,Affluent,Salary,Deposit,3364.01,12050.54,815,No,None,0,0,No Loan,Low,Personal Loan,Mobile App,Active,No,5,,
1002941,12038,502941,07-03-2024,21,Female,Lucknow,High Net Worth,Salary,Withdrawal,733.91,71630.54,660,No,None,0,0,No Loan,Medium,Personal Loan,Mobile App,Active,Yes,4,,
1003286,11445,503286,23-11-2025,45,Male,Jaipur,Mass Market,Savings,UPI Payment,1246.85,12180.21,677,No,None,0,0,No Loan,Medium,Fixed Deposit,Branch,Active,No,4,,
1004891,12463,504891,10-03-2026,49,Female,Lucknow,Affluent,Current,UPI Payment,9217.57,71132.99,737,No,None,0,0,No Loan,Medium,Investment,Mobile App,Inactive,Yes,2,,
1002017,10266,502017,01-01-2026,36,Male,Chennai,Premium,Salary,Withdrawal,1613.32,46634.74,700,No,None,0,0,No Loan,Medium,Home Loan,ATM,Active,Yes,4,,
1001671,12114,501671,28-06-2024,35,Male,Kolkata,Mass Market,Savings,Deposit,8190.6,29033.33,707,No,None,0,0,No Loan,Medium,Personal Loan,Mobile App,Active,No,4,,
1003665,11598,503665,08-03-2025,26,Male,Kolkata,Mass Market,Fixed Deposit,ATM,7310.77,39194.58,695,No,None,0,0,No Loan,Medium,Personal Loan,Branch,Dormant,No,5,,
1000832,10532,500832,08-01-2024,23,Female,Hyderabad,Mass Market,Salary,Withdrawal,3043.09,22383.29,703,No,None,0,0,No Loan,Medium,Investment,Mobile App,Active,Yes,4,,
1000240,11649,500240,12-06-2024,27,Female,Kolkata,Mass Market,Savings,Card Payment,5955.07,6529.46,699,Yes,Business,131408.96,10.16,Active,Medium,Investment,ATM,Active,No,5,,
1004692,10962,504692,31-05-2024,30,Female,Pune,Mass Market,Savings,UPI Payment,6049,42340.73,762,No,None,0,0,No Loan,Low,Home Loan,Internet Banking,Active,No,4,,
1001000,10664,501000,07-09-2025,43,,Mumbai,Mass Market,Savings,Transfer,676,20090.55,720,No,None,0,0,No Loan,Medium,Savings Account,ATM,Active,No,5,,
1001449,12127,501449,05-07-2024,37,Other,Bengaluru,Mass Market,Savings,ATM,6813.95,16950.29,727,Yes,Personal,98479.46,13.99,Active,Medium,Investment,Branch,Active,No,4,,
1002916,11811,502916,19-04-2026,57,Male,Delhi,Mass Market,Current,UPI Payment,955.54,129181.48,559,No,None,0,0,No Loan,High,Credit Card,Internet Banking,Active,No,4,,
1001974,10456,501974,19-02-2025,36,Female,Kolkata,Affluent,Current,Withdrawal,1423.7,22160.55,657,No,None,0,0,No Loan,Medium,Savings Account,Internet Banking,Active,No,3,,
1002996,12187,502996,27-09-2024,43,Male,Kolkata,Premium,Current,Withdrawal,3766.95,4775.41,711,No,None,0,0,No Loan,Medium,Savings Account,Mobile App,Dormant,No,5,,
1000193,11931,500193,09-07-2026,31,Male,Lucknow,Mass Market,Current,Deposit,4534.48,23818.9,802,No,None,0,0,No Loan,Low,Personal Loan,Internet Banking,Active,No,5,,
1004240,11832,504240,07-01-2024,42,Male,Chennai,Mass Market,Savings,ATM,7088.1,4322.71,710,No,None,0,0,No Loan,Medium,Investment,Internet Banking,Inactive,No,4,,
1003762,10151,503762,24-03-2026,38,Female,Pune,Mass Market,Savings,Card Payment,1630.5,75907.85,675,Yes,Personal,585685.94,13.13,Closed,Medium,Fixed Deposit,ATM,Active,No,4,,
1003862,10567,503862,18-03-2024,44,Female,Kolkata,Premium,Salary,Card Payment,7480.65,26598.12,739,No,None,0,0,No Loan,Medium,Personal Loan,Mobile App,Active,No,4,,
1000945,12117,500945,09-07-2026,44,Male,Hyderabad,Mass Market,Savings,Transfer,3350.54,275210.01,758,No,None,0,0,No Loan,Low,Insurance,Mobile App,Active,No,4,,
1004191,10296,504191,26-08-2026,43,Male,Bengaluru,Mass Market,Savings,UPI Payment,1538.49,64227.77,842,No,None,0,0,No Loan,Low,Investment,ATM,Active,No,3,,
1001184,10108,501184,12-03-2026,34,Male,Hyderabad,Premium,Savings,UPI Payment,3016.15,18997.08,777,No,None,0,0,No Loan,Low,Fixed Deposit,Branch,Active,No,4,,
1004241,10584,504241,01-10-2025,48,Male,Chennai,Mass Market,Savings,Card Payment,775.71,22949.74,737,No,None,0,0,No Loan,Medium,Fixed Deposit,Internet Banking,Active,No,4,,
1001033,10429,501033,25-04-2024,43,Male,Delhi,Mass Market,Salary,UPI Payment,3178.05,25746.69,656,No,None,0,0,No Loan,Medium,Savings Account,Mobile App,Active,No,3,,
1004435,10342,504435,27-04-2024,30,Male,Bengaluru,Premium,Savings,UPI Payment,4843.25,35570.77,652,No,None,0,0,No Loan,Medium,Personal Loan,Mobile App,Active,No,4,,
1004691,11581,504691,25-04-2026,31,Other,Hyderabad,Affluent,Salary,Transfer,1125.26,13530.58,675,Yes,Personal,27106.87,11.69,Active,Medium,Personal Loan,Mobile App,Active,No,4,,
1002032,11049,502032,06-09-2025,37,Male,Jaipur,Mass Market,Savings,Withdrawal,1469.14,14024.61,657,No,None,0,0,No Loan,Medium,Credit Card,Branch,Active,No,5,,
1003429,11197,503429,18-11-2024,21,Male,Bengaluru,Mass Market,Savings,Withdrawal,1161.04,153507.81,727,Yes,Personal,150932.64,10.75,Closed,Medium,Savings Account,Internet Banking,Dormant,Yes,3,,
1002132,12445,502132,16-04-2025,24,Female,Ahmedabad,Mass Market,Salary,Card Payment,4284.94,6784.36,709,Yes,Auto,78570.31,12.17,Approved,Medium,Savings Account,Internet Banking,Active,No,4,,
1003974,11256,503974,18-06-2026,34,Female,Mumbai,Mass Market,Salary,Transfer,908.41,25757.64,706,Yes,Education,53277.62,12.82,Closed,Medium,Personal Loan,Phone Banking,Dormant,No,4,,
1003485,11423,503485,01-06-2026,21,Male,Kolkata,Mass Market,Salary,Withdrawal,1677.96,80786.08,761,Yes,Home,86159.37,9.49,Active,Low,Savings Account,Mobile App,Active,No,4,,
1004330,11096,504330,30-05-2026,37,Male,Delhi,Mass Market,Savings,Card Payment,8628.76,27300.65,742,No,None,0,0,No Loan,Medium,Investment,Internet Banking,Dormant,No,4,,
1001833,10789,501833,09-08-2026,30,Male,Lucknow,Affluent,Salary,Transfer,1354.41,57766.88,592,No,None,0,0,No Loan,High,Savings Account,Mobile App,Active,No,5,,
1002955,12218,502955,15-03-2026,39,Male,Chennai,Affluent,Savings,Deposit,1088.08,12977.27,750,No,None,0,0,No Loan,Low,Savings Account,Phone Banking,Active,No,4,,
1002986,10300,502986,30-06-2025,37,Male,Pune,Mass Market,Savings,Transfer,23052.78,10415.9,685,No,None,0,0,No Loan,Medium,Savings Account,Branch,Active,No,5,,
1003241,11773,503241,13-09-2025,25,Female,Chennai,Mass Market,Savings,UPI Payment,1331.54,10634.58,675,No,None,0,0,No Loan,Medium,Fixed Deposit,Phone Banking,Active,No,4,,
1001624,12072,501624,12-08-2025,25,Female,Lucknow,Affluent,Savings,UPI Payment,1205.73,12973.41,812,Yes,Business,28475.44,7.35,Closed,Low,Savings Account,Branch,Active,No,3,,
1004906,12471,504906,24-08-2026,38,Male,,Premium,Savings,Deposit,1222.78,11712.14,723,No,None,0,0,No Loan,Medium,Home Loan,ATM,Active,No,5,,
1004927,10012,504927,16-12-2025,40,Male,Mumbai,Mass Market,Savings,ATM,4279.94,32150.74,631,No,None,0,0,No Loan,High,Home Loan,Mobile App,Inactive,No,5,,
1000192,10198,500192,19-11-2024,32,Other,Hyderabad,Mass Market,Savings,Withdrawal,6897.47,20116.99,798,No,None,0,0,No Loan,Low,Savings Account,Mobile App,Inactive,No,5,,
1001488,10520,501488,10-10-2025,42,Female,Jaipur,Mass Market,Salary,Card Payment,4111.76,121216.6,650,No,None,0,0,No Loan,Medium,Investment,Mobile App,Active,No,4,,
1003099,12015,503099,24-06-2024,46,Female,Hyderabad,Affluent,Savings,Transfer,4149.61,40576.43,705,No,None,0,0,No Loan,Medium,Home Loan,Mobile App,Active,No,3,,
1003332,10461,503332,13-05-2026,24,Female,Chennai,Mass Market,Savings,UPI Payment,4995.52,2230.07,754,No,None,0,0,No Loan,Low,Insurance,Internet Banking,Active,No,4,,
1003830,10823,503830,22-01-2025,38,Male,Hyderabad,Mass Market,Salary,UPI Payment,1059.35,15458.3,823,No,None,0,0,No Loan,Low,Personal Loan,Branch,Active,No,5,,
1004476,12043,504476,07-08-2026,55,Male,Jaipur,Mass Market,Savings,UPI Payment,2287.8,18638.12,751,No,None,0,0,No Loan,Low,Home Loan,Mobile App,Active,No,4,,
1001730,11247,501730,05-06-2025,30,Male,Hyderabad,Mass Market,Salary,Deposit,5867.17,41622.45,721,Yes,Auto,214097.99,8.19,Closed,Medium,Insurance,ATM,Inactive,No,4,,
1004027,10991,504027,30-03-2025,28,Male,Lucknow,Mass Market,Salary,Card Payment,6636.88,52675.78,,Yes,Business,66820.77,12.42,Approved,Medium,Personal Loan,Mobile App,Inactive,No,5,,
1002808,11368,502808,25-03-2024,38,Male,Lucknow,Affluent,Savings,ATM,3493.09,32019.79,813,Yes,Personal,48384.07,8.33,Closed,Low,Investment,Mobile App,Active,No,3,,
1003663,11416,503663,20-02-2026,33,Female,Ahmedabad,Mass Market,Salary,Deposit,661.08,20834.53,708,No,None,0,0,No Loan,Medium,Fixed Deposit,ATM,Active,No,5,,
1004585,11271,504585,06-09-2025,44,Male,Pune,Affluent,Savings,Withdrawal,2340.77,22636.55,830,Yes,Auto,16641.92,12.71,Approved,Low,Home Loan,ATM,Active,No,5,,
1003414,10086,503414,13-08-2024,27,Male,Jaipur,Mass Market,Savings,Transfer,7266.29,30139.11,778,No,None,0,0,No Loan,Low,Investment,ATM,Inactive,No,5,,
1004933,11620,504933,23-12-2025,31,Female,Delhi,Affluent,Current,UPI Payment,2487.86,87389.35,645,Yes,Personal,74593.35,11.84,Closed,High,Home Loan,Mobile App,Active,No,5,,
1004877,11826,504877,21-10-2024,40,Female,Kolkata,Affluent,Savings,Withdrawal,6089.98,58288.31,734,No,None,0,0,No Loan,Medium,Insurance,Internet Banking,Active,No,5,,
1000167,11637,500167,16-03-2026,37,Female,Bengaluru,Mass Market,Savings,UPI Payment,4594.8,15534.6,542,No,None,0,0,No Loan,High,Credit Card,Internet Banking,Dormant,Yes,3,,
1001615,11983,501615,01-02-2025,31,Female,Kolkata,Premium,Savings,Withdrawal,1603.56,48850.66,721,No,None,0,0,No Loan,Medium,Insurance,Branch,Active,No,4,,
1003277,11402,503277,19-12-2024,53,Female,Ahmedabad,Affluent,Salary,Transfer,5144.2,146866.87,569,No,None,0,0,No Loan,High,Fixed Deposit,Internet Banking,Active,No,,,
1001025,11760,501025,23-01-2025,41,Male,Kolkata,Mass Market,Savings,Card Payment,919.02,129560.82,808,Yes,Business,120681.04,13.39,Defaulted,Low,Fixed Deposit,Mobile App,Active,Yes,2,,
1001452,11454,501452,09-05-2024,39,Male,Jaipur,Mass Market,Savings,Deposit,1646.48,3211.86,632,Yes,Auto,8821.04,12.67,Closed,High,Investment,Mobile App,Active,No,3,,
1004332,11446,504332,26-09-2025,36,Male,Ahmedabad,Premium,Savings,Card Payment,1380.24,102292.69,780,Yes,Auto,69323.68,13.1,Closed,Low,Home Loan,Mobile App,Inactive,No,4,,
1002237,12284,502237,25-12-2025,31,Male,Pune,Mass Market,Savings,UPI Payment,1663.97,20112.37,677,No,None,0,0,No Loan,Medium,Personal Loan,ATM,Active,No,4,,
1002330,12259,502330,21-06-2026,29,Female,Delhi,Affluent,Savings,Withdrawal,1377.41,5581.1,832,No,None,0,0,No Loan,Low,Investment,Internet Banking,Active,No,4,,
1004391,10013,504391,26-11-2025,34,Male,Chennai,Mass Market,Savings,Deposit,6170.69,69312.6,659,No,None,0,0,No Loan,Medium,Investment,Branch,Active,No,5,,
1003313,11148,503313,26-01-2024,36,Female,Ahmedabad,Premium,Salary,Card Payment,2642.33,18275.24,711,Yes,Personal,58869.43,8.43,Closed,Medium,Insurance,ATM,Active,No,3,,
1004718,11030,504718,07-01-2026,53,Female,Chennai,Affluent,Fixed Deposit,Deposit,3791,29287.21,751,Yes,Business,37772.34,9.09,Closed,Low,Insurance,Mobile App,Active,Yes,1,,
1000153,10649,500153,15-03-2025,39,Female,Hyderabad,Mass Market,Current,Transfer,2685.61,26334.69,645,Yes,Business,25025.67,8.23,Closed,High,Savings Account,Internet Banking,Active,Yes,3,,
1004024,10220,504024,13-02-2026,21,Female,Kolkata,Mass Market,Savings,UPI Payment,5222.16,23784.76,563,No,None,0,0,No Loan,High,Credit Card,Mobile App,Active,No,4,,
1004699,10658,504699,13-07-2025,50,Male,Kolkata,Mass Market,Salary,Deposit,2702.26,121909.42,662,Yes,Personal,143021.54,7.67,Active,Medium,Investment,Mobile App,Active,No,4,,
1003400,10245,503400,23-08-2025,32,Male,Lucknow,Mass Market,Savings,UPI Payment,3439.78,36271.22,780,No,None,0,0,No Loan,Low,Savings Account,Branch,Active,Yes,3,,
1001972,11108,501972,09-02-2024,26,Female,Bengaluru,Premium,Savings,Deposit,1982.57,18953.97,711,Yes,Home,28898.55,7.55,Active,Medium,Savings Account,Internet Banking,Active,No,4,,
1001182,10131,501182,13-11-2024,28,Female,Lucknow,Premium,Salary,UPI Payment,5154.19,12237.84,668,No,None,0,0,No Loan,Medium,Home Loan,Mobile App,Active,No,4,,
1002990,11523,502990,16-01-2024,45,Other,Bengaluru,Premium,Savings,UPI Payment,1303.74,47379.15,758,No,None,0,0,No Loan,Low,Home Loan,Mobile App,Active,No,4,,
1004329,11575,504329,15-01-2025,47,Female,Pune,Affluent,Salary,Transfer,2490.07,12868.29,699,Yes,Business,192136.65,7.6,Active,Medium,Savings Account,Internet Banking,Active,Yes,1,,
1002115,12443,502115,27-01-2026,39,Female,Chennai,Mass Market,Savings,Withdrawal,5113.6,29129.57,815,No,None,0,0,No Loan,Low,Investment,Mobile App,Active,Yes,5,,
1004833,11405,504833,15-04-2025,32,Female,Ahmedabad,Affluent,Savings,Deposit,3220.8,56671.86,768,No,None,0,0,No Loan,Low,Home Loan,ATM,Inactive,No,4,,
1004054,12110,504054,09-07-2024,45,Female,Lucknow,Mass Market,Current,UPI Payment,1975.71,9662.96,850,Yes,Personal,200742.54,9.17,Active,Low,Credit Card,ATM,Active,No,4,,
1001590,10874,501590,13-05-2024,35,Male,Mumbai,Premium,Savings,Card Payment,775.69,23990.82,731,No,None,0,0,No Loan,Medium,Personal Loan,Mobile App,Active,Yes,3,,
1000032,10563,500032,11-02-2026,29,Female,Delhi,Mass Market,Savings,Deposit,5917.26,120549.18,775,Yes,Education,70651.91,14.92,Active,Low,Fixed Deposit,Mobile App,Active,No,5,,
1000938,12095,500938,21-06-2024,44,Male,Jaipur,Mass Market,Savings,Transfer,261.38,12425.65,677,No,None,0,0,No Loan,Medium,Savings Account,Mobile App,Active,No,5,,
1002548,10848,502548,03-10-2024,40,Female,Hyderabad,Mass Market,Savings,Deposit,2411.87,4382.63,768,Yes,Business,35480.13,14.1,Active,Low,Investment,Branch,Inactive,No,5,,
1001996,10406,501996,01-05-2025,37,Male,Lucknow,Mass Market,Salary,UPI Payment,4949.89,14771.01,723,No,None,0,0,No Loan,Medium,Fixed Deposit,Mobile App,Active,No,4,,
1003134,11077,503134,09-03-2024,28,Female,Bengaluru,Affluent,Salary,Transfer,2627.06,22100.36,623,No,None,0,0,No Loan,High,Savings Account,ATM,Active,No,5,,
1000310,10570,500310,03-08-2026,27,Female,Lucknow,Mass Market,Savings,Deposit,1803.4,2166.9,643,Yes,Personal,59064.66,14.51,Active,High,Investment,Internet Banking,Inactive,No,5,,
1003976,10384,503976,09-04-2024,43,Male,Bengaluru,Mass Market,Savings,Withdrawal,1740.1,17297.69,730,No,None,0,0,No Loan,Medium,Fixed Deposit,Internet Banking,Active,No,5,,
1001472,11411,501472,14-06-2024,21,Male,Ahmedabad,Affluent,Current,Transfer,5241.58,35133.93,716,Yes,Home,89943.08,9.11,Approved,Medium,Insurance,Mobile App,Inactive,Yes,3,,
1003129,11589,503129,15-04-2024,42,Female,Lucknow,Mass Market,Savings,Transfer,1867.72,8524.83,814,Yes,Personal,49533.92,11,Closed,Low,Investment,ATM,Active,No,4,,
1002224,12161,502224,23-12-2024,39,Female,Mumbai,Affluent,Salary,Deposit,6811.4,30632.57,755,Yes,Auto,97679.74,15.1,Active,Low,Insurance,ATM,Active,No,4,,
1000496,11210,500496,07-04-2026,62,Male,Lucknow,Affluent,Savings,Transfer,1155.74,15618.69,699,No,None,0,0,No Loan,Medium,Home Loan,Internet Banking,Active,No,4,,
1000206,11735,500206,20-12-2025,39,Female,Jaipur,Mass Market,Fixed Deposit,UPI Payment,3287.71,32763.34,736,No,None,0,0,No Loan,Medium,Personal Loan,Phone Banking,Active,No,4,,
1002689,10787,502689,11-10-2025,59,Male,Hyderabad,Affluent,Savings,Card Payment,1151.85,3401.64,766,No,None,0,0,No Loan,Low,Fixed Deposit,Mobile App,Active,No,3,,
1003373,11606,503373,19-10-2025,40,Male,Chennai,Affluent,Salary,Card Payment,7024.87,38983.21,681,No,None,0,0,No Loan,Medium,Savings Account,Internet Banking,Active,No,5,,
1003849,12188,503849,15-07-2025,50,Female,Hyderabad,Mass Market,Fixed Deposit,UPI Payment,6108.38,7334.46,750,No,None,0,0,No Loan,Low,Savings Account,Internet Banking,Active,No,3,,
1000306,10128,500306,03-06-2025,30,Female,Lucknow,Mass Market,Savings,Card Payment,632.58,63028.22,766,No,None,0,0,No Loan,Low,Investment,ATM,Inactive,No,4,,
1003812,12171,503812,21-08-2025,41,Female,Mumbai,Premium,Savings,UPI Payment,195.74,60793.66,714,No,None,0,0,No Loan,Medium,Insurance,ATM,Active,No,4,,
1001809,10665,501809,21-04-2026,21,Female,Lucknow,Premium,Savings,UPI Payment,10668.19,51108.12,793,Yes,Education,44627.74,13.73,Approved,Low,Insurance,Internet Banking,Inactive,No,5,,
1001062,12491,501062,02-12-2025,31,Male,Pune,Affluent,Current,Transfer,2661.68,13887.43,675,No,None,0,0,No Loan,Medium,Savings Account,Branch,Inactive,Yes,3,,
1000844,12027,500844,24-10-2024,23,Female,Bengaluru,Affluent,Current,Card Payment,5060.63,82415.07,636,No,None,0,0,No Loan,High,Insurance,Branch,Active,No,5,,
1002729,12045,502729,18-07-2025,46,Male,Jaipur,Affluent,Fixed Deposit,Withdrawal,4118.36,8294.74,803,No,None,0,0,No Loan,Low,Home Loan,Internet Banking,Active,Yes,1,,
1002267,12156,502267,04-04-2024,35,Female,Kolkata,Affluent,Current,Card Payment,18184.12,18957.65,737,Yes,Auto,70444.71,12.76,Active,Medium,Fixed Deposit,Mobile App,Active,No,4,,
1000212,10641,500212,19-07-2025,34,Female,Jaipur,Mass Market,Savings,Card Payment,3036.2,40609.29,592,No,None,0,0,No Loan,High,Credit Card,Branch,Active,No,5,,
1003734,11921,503734,13-05-2024,38,Male,Mumbai,Mass Market,Savings,Withdrawal,5541.89,3723.43,751,No,None,0,0,No Loan,Low,Credit Card,ATM,Active,No,5,,
1000680,10542,500680,10-04-2025,51,Female,Mumbai,Affluent,Savings,Transfer,3103.7,18694.05,754,No,None,0,0,No Loan,Low,Personal Loan,Mobile App,Active,No,4,,
1000566,11253,500566,01-05-2025,36,Female,Bengaluru,Affluent,Savings,Transfer,4081.37,43480.4,724,Yes,Home,88039.6,13.06,Active,Medium,Fixed Deposit,Mobile App,Active,No,5,,
1003131,11694,503131,14-03-2024,37,Male,Hyderabad,Mass Market,Current,Deposit,7804.62,28807.38,661,Yes,Home,35664.03,11.21,Active,Medium,Home Loan,Internet Banking,Active,No,5,,
1003712,12306,503712,05-08-2024,39,Female,Jaipur,Premium,Savings,Withdrawal,7815.61,42733.62,798,No,None,0,0,No Loan,Low,Home Loan,Branch,Active,No,4,,
1000681,10759,500681,28-03-2024,33,Female,Chennai,Affluent,Savings,Card Payment,2637.95,25783.35,640,No,None,0,0,No Loan,High,Savings Account,ATM,Active,No,5,,
1000181,11696,500181,19-08-2024,47,Female,Chennai,Affluent,Savings,Withdrawal,1509.84,9028.77,842,No,None,0,0,No Loan,Low,Investment,Internet Banking,Inactive,No,5,,
1004870,10388,504870,11-06-2024,46,Male,Mumbai,Mass Market,Fixed Deposit,Deposit,1861.54,64091.57,542,No,None,0,0,No Loan,High,Credit Card,ATM,Dormant,No,5,,
1001236,10039,501236,23-04-2026,26,Male,Kolkata,Affluent,Savings,Card Payment,5974.74,6362.47,768,Yes,Business,166728.45,8.33,Active,Low,Credit Card,Branch,Active,No,5,,
1002332,10664,502332,03-12-2025,35,Male,Ahmedabad,Premium,Savings,Deposit,1687.04,70597.78,809,No,None,0,0,No Loan,Low,Insurance,Mobile App,Active,Yes,4,,
1004284,12232,504284,26-10-2025,34,Female,Jaipur,Mass Market,Salary,Deposit,1366.26,27968.17,576,No,None,0,0,No Loan,High,Insurance,Branch,Active,Yes,4,,
1000279,12332,500279,16-03-2025,40,Male,Bengaluru,Premium,Current,Card Payment,3655.93,20210.84,761,No,None,0,0,No Loan,Low,Personal Loan,Mobile App,Active,No,5,,
1001129,10342,501129,24-01-2025,36,Female,Ahmedabad,Affluent,Savings,Card Payment,1978.21,25460.24,677,No,None,0,0,No Loan,Medium,Investment,Internet Banking,Active,No,3,,
1003713,10413,503713,20-03-2025,21,Male,Lucknow,Premium,Savings,Transfer,10752.83,124588.27,758,No,None,0,0,No Loan,Low,Savings Account,ATM,Active,No,5,,
1000433,11637,500433,01-02-2026,23,Female,Hyderabad,Affluent,Salary,ATM,6982.95,47136.32,813,No,None,0,0,No Loan,Low,Investment,Branch,Active,No,5,,
1000290,11070,500290,06-07-2024,38,Female,Ahmedabad,Affluent,Current,ATM,1308.92,12431.04,773,Yes,Personal,316722.12,11.37,Active,Low,Insurance,Internet Banking,Active,No,4,,
1001028,12483,501028,03-01-2024,32,Male,Hyderabad,Mass Market,Salary,UPI Payment,9027.51,6901.88,826,No,None,0,0,No Loan,Low,Investment,Internet Banking,Inactive,No,5,,
1000536,10653,500536,08-07-2024,31,Female,Pune,Mass Market,Current,Deposit,1821.84,86197.7,720,No,None,0,0,No Loan,Medium,Credit Card,Mobile App,Active,No,4,,
1004354,10827,504354,27-11-2024,40,Female,Pune,Affluent,Fixed Deposit,ATM,1689.81,24524.45,695,Yes,Home,53865.48,7.65,Active,Medium,Credit Card,Internet Banking,Active,No,5,,
1000189,10767,500189,23-09-2024,34,Male,Chennai,Premium,Current,Deposit,4118.97,63592.36,614,No,None,0,0,No Loan,High,Personal Loan,Internet Banking,Active,No,4,,
1002277,11924,502277,20-03-2024,41,Male,Kolkata,Mass Market,Salary,Deposit,1851.16,106218.74,656,No,None,0,0,No Loan,Medium,Investment,Internet Banking,Active,Yes,2,,
1003934,10295,503934,06-10-2024,43,Male,Jaipur,Mass Market,Savings,UPI Payment,1013.28,34974.91,752,No,None,0,0,No Loan,Low,Insurance,Mobile App,Active,Yes,2,,
1003590,11568,503590,04-04-2026,28,Female,Pune,Mass Market,Salary,Transfer,5169.37,25331.78,850,Yes,Education,138012.55,11.51,Approved,Low,Fixed Deposit,Mobile App,Active,No,4,,
1000271,12086,500271,04-05-2025,27,Female,Lucknow,Mass Market,Salary,UPI Payment,3432.64,8256.69,701,No,None,0,0,No Loan,Medium,Fixed Deposit,Internet Banking,Active,No,4,,
1003456,11065,503456,24-01-2024,42,Male,Ahmedabad,Mass Market,Savings,UPI Payment,4580.43,34606.41,775,No,None,0,0,No Loan,Low,Insurance,Branch,Inactive,No,5,,
1004094,11574,504094,12-12-2025,43,Female,Hyderabad,Affluent,Salary,UPI Payment,1973.61,172839.04,676,Yes,Education,23159.87,11.13,Active,Medium,Fixed Deposit,Internet Banking,Active,Yes,3,,
1002173,11285,502173,03-04-2026,46,Male,Hyderabad,Mass Market,Savings,Withdrawal,439.18,26627.98,746,Yes,Business,83709.64,8.01,Closed,Medium,Savings Account,Branch,Active,Yes,3,,
1004234,12324,504234,06-01-2026,30,Male,Chennai,Affluent,Savings,Deposit,4251.51,83833.18,850,No,None,0,0,No Loan,Low,Savings Account,Mobile App,Active,No,5,,
1000112,10398,500112,09-12-2025,34,Female,Jaipur,Mass Market,Current,Withdrawal,1084.52,39601.35,702,No,None,0,0,No Loan,Medium,Fixed Deposit,Internet Banking,Inactive,No,3,,
1002484,12070,502484,14-01-2025,50,Female,Bengaluru,Mass Market,Salary,Deposit,3067.52,32036.97,632,No,None,0,0,No Loan,High,Credit Card,Mobile App,Dormant,Yes,3,,
1000221,12394,500221,31-12-2024,38,Male,Hyderabad,Affluent,Current,Deposit,4584.01,27790.76,757,No,None,0,0,No Loan,Low,Fixed Deposit,Branch,Active,No,4,,
1000628,12001,500628,02-09-2025,25,Male,Hyderabad,Mass Market,Savings,Deposit,2785.24,35456.96,605,No,None,0,0,No Loan,High,Fixed Deposit,Mobile App,Inactive,No,5,,
1001201,10710,501201,01-03-2025,33,Male,Ahmedabad,Mass Market,Current,Deposit,4415.25,56055.67,830,No,None,0,0,No Loan,Low,Personal Loan,ATM,Active,No,4,,
1003372,11692,503372,03-08-2024,37,Female,Mumbai,Mass Market,Savings,UPI Payment,1458.12,36397.73,691,No,None,0,0,No Loan,Medium,Investment,ATM,Active,No,5,,
1002438,11423,502438,25-05-2025,36,Female,Jaipur,Affluent,Current,Withdrawal,1696.5,26429.45,644,No,None,0,0,No Loan,High,Savings Account,ATM,Active,No,4,,
1000791,10877,500791,25-06-2025,23,Female,Chennai,Mass Market,Savings,UPI Payment,445.15,6171.12,750,No,None,0,0,No Loan,Low,Fixed Deposit,Mobile App,Inactive,No,5,,
1002329,11902,502329,18-05-2025,47,Male,Mumbai,Mass Market,Salary,Deposit,4034.35,74757.22,714,No,None,0,0,No Loan,Medium,Investment,Mobile App,Active,No,5,,
1000462,12144,500462,13-07-2026,41,Other,Bengaluru,Mass Market,Fixed Deposit,UPI Payment,18646.16,35626.03,734,No,None,0,0,No Loan,Medium,Home Loan,Internet Banking,Active,No,4,,
1004413,11122,504413,08-02-2024,32,Female,Chennai,Mass Market,Salary,Deposit,2857.3,36745.81,719,No,None,0,0,No Loan,Medium,Savings Account,Mobile App,Active,No,5,,
1000552,11532,500552,16-05-2024,25,Female,Bengaluru,Affluent,Current,Withdrawal,615.11,32619.63,810,No,None,0,0,No Loan,Low,Investment,Mobile App,Active,No,4,,
1004104,12301,504104,18-01-2026,53,Female,Chennai,Mass Market,Savings,Transfer,803.87,34715.3,599,No,None,0,0,No Loan,High,Insurance,ATM,Active,No,5,,
1001175,11241,501175,10-10-2024,33,Female,Mumbai,Mass Market,Current,UPI Payment,1460.13,22066.1,668,No,None,0,0,No Loan,Medium,Credit Card,Mobile App,Active,No,5,,
1000199,10660,500199,27-07-2026,21,Male,Pune,Affluent,Salary,Transfer,1375.58,17403.19,623,Yes,Business,81902.99,14.32,Closed,High,Insurance,Mobile App,Active,No,5,,
1004033,11494,504033,04-06-2025,42,Male,Ahmedabad,Premium,Fixed Deposit,Card Payment,3290.6,11772.58,718,No,None,0,0,No Loan,Medium,Home Loan,ATM,Active,No,,,
1003363,11542,503363,22-01-2026,37,Male,Mumbai,Affluent,Savings,UPI Payment,3525.3,15939.81,761,No,None,0,0,No Loan,Low,Personal Loan,Mobile App,Inactive,No,5,,
1000403,10453,500403,13-11-2025,39,Female,Lucknow,Mass Market,Savings,Deposit,2294.86,42933.51,609,No,None,0,0,No Loan,High,Insurance,ATM,Active,Yes,3,,
1004579,10732,504579,24-05-2025,21,Female,Jaipur,Mass Market,Savings,UPI Payment,2786.41,26883,722,No,None,0,0,No Loan,Medium,Savings Account,Mobile App,Active,No,5,,
1004183,10013,504183,14-10-2025,57,Male,Delhi,Mass Market,Savings,Card Payment,5802.15,35178.11,670,Yes,Home,241144.13,9.06,Active,Medium,Credit Card,Branch,Active,No,3,,
1004774,10685,504774,25-05-2024,32,Female,Hyderabad,Mass Market,Salary,Transfer,1244.35,7834.36,645,Yes,Personal,32279.69,12.28,Active,High,Investment,Phone Banking,Inactive,No,5,,
1004988,11478,504988,11-02-2024,38,Female,Lucknow,Mass Market,Savings,ATM,1075.56,6777.59,748,No,None,0,0,No Loan,Medium,Savings Account,Mobile App,Active,No,4,,
1004813,11790,504813,28-05-2025,27,Male,Jaipur,Affluent,Fixed Deposit,Deposit,3832.32,27801.06,678,No,None,0,0,No Loan,Medium,Personal Loan,Mobile App,Active,No,5,,
1004473,11379,504473,18-10-2025,41,Female,Ahmedabad,Mass Market,Salary,Transfer,1954.15,12057.92,826,No,None,0,0,No Loan,Low,Savings Account,Branch,Active,No,5,,
1000651,10438,500651,04-03-2026,25,Male,Ahmedabad,Affluent,Savings,Transfer,4823.55,12365.27,679,No,None,0,0,No Loan,Medium,Insurance,Mobile App,Active,Yes,3,,
1000709,11970,500709,27-01-2026,35,Female,Lucknow,Mass Market,Current,Card Payment,2441.74,4640.61,726,No,None,0,0,No Loan,Medium,Insurance,Mobile App,Active,No,5,,
1001502,12254,501502,25-11-2025,45,Female,Kolkata,Affluent,Savings,Transfer,899.43,61350.5,783,No,None,0,0,No Loan,Low,Investment,ATM,Active,No,5,,
1004425,10883,504425,03-02-2024,42,Other,Kolkata,Affluent,Savings,Transfer,2294.85,29954.85,833,No,None,0,0,No Loan,Low,Personal Loan,Internet Banking,Active,No,4,,
1003991,11770,503991,24-07-2026,39,Male,Ahmedabad,Mass Market,Savings,Card Payment,4583.26,10773.62,818,No,None,0,0,No Loan,Low,Personal Loan,ATM,Inactive,No,5,,
1002233,10302,502233,12-01-2026,42,Female,Ahmedabad,Premium,Savings,Card Payment,2857.97,39793.75,795,No,None,0,0,No Loan,Low,Personal Loan,Branch,Active,No,5,,
1002342,10740,502342,28-07-2025,36,Male,Lucknow,Affluent,Savings,UPI Payment,1232.95,30336.73,706,Yes,Auto,32262.6,12.71,Approved,Medium,Savings Account,Mobile App,Active,Yes,3,,
1000315,10155,500315,27-06-2025,52,Male,Kolkata,Mass Market,Savings,Deposit,6278.99,188934.09,606,No,None,0,0,No Loan,High,Home Loan,Branch,Active,No,5,,
1001221,11501,501221,20-05-2025,41,Female,,Affluent,Salary,UPI Payment,9246.81,3916.46,682,Yes,Home,14067.38,14.48,Defaulted,Medium,Personal Loan,Mobile App,Active,No,5,,
1004485,10923,504485,15-11-2024,40,Male,Jaipur,Affluent,Salary,Transfer,960.89,14046.2,700,No,None,0,0,No Loan,Medium,Investment,ATM,Dormant,No,5,,
1000114,10393,500114,29-12-2024,64,Female,Ahmedabad,Affluent,Savings,Transfer,1870.58,29268.74,702,No,None,0,0,No Loan,Medium,Savings Account,Phone Banking,Active,No,4,,
1000961,10356,500961,24-04-2024,21,Female,Chennai,Affluent,Salary,Transfer,2673.73,19018.92,680,No,None,0,0,No Loan,Medium,Investment,ATM,Active,No,4,,
1002926,10576,502926,27-02-2024,27,Male,Mumbai,Mass Market,Savings,Transfer,4495.9,96591,758,Yes,Business,64965.45,14,Active,Low,Personal Loan,Internet Banking,Inactive,No,4,,
1003275,12457,503275,06-06-2025,33,Female,Chennai,Premium,Current,Deposit,987.93,17486.54,747,No,None,0,0,No Loan,Medium,Savings Account,Mobile App,Active,No,5,,
1001648,12148,501648,29-11-2025,36,Male,Chennai,Mass Market,Savings,Deposit,2073.5,98231.93,756,No,None,0,0,No Loan,Low,Credit Card,Internet Banking,Active,No,4,,
1003338,10216,503338,03-06-2026,32,Female,Kolkata,Mass Market,Savings,UPI Payment,11538.46,37413.01,619,No,None,0,0,No Loan,High,Fixed Deposit,Mobile App,Active,No,,,
1001601,12357,501601,17-07-2024,21,Male,Mumbai,Mass Market,Salary,ATM,3987.21,41295.36,786,Yes,Auto,19176.05,12.81,Closed,Low,Credit Card,Branch,Active,Yes,2,,
1002624,11954,502624,06-06-2025,21,Other,Jaipur,Mass Market,Savings,Card Payment,4773.85,7205.23,683,No,None,0,0,No Loan,Medium,Home Loan,Internet Banking,Dormant,No,4,,
1003210,11747,503210,18-04-2025,25,Female,Hyderabad,Premium,Salary,Card Payment,2407.94,16597.04,726,Yes,Auto,221656.63,12.62,Closed,Medium,Investment,Internet Banking,Active,No,5,,
1001771,10704,501771,12-10-2025,50,,Hyderabad,Premium,Savings,Card Payment,2596.08,197723.28,710,No,None,0,0,No Loan,Medium,Fixed Deposit,Internet Banking,Active,No,5,,
1003430,10010,503430,28-07-2024,37,Male,Mumbai,Mass Market,Savings,ATM,2910.37,147865.79,850,No,None,0,0,No Loan,Low,Investment,Phone Banking,Active,No,4,,
1004539,11988,504539,23-07-2026,55,Female,Pune,Mass Market,Savings,Transfer,2539.04,119540.84,701,Yes,Auto,20405.07,12.75,Active,Medium,Insurance,ATM,Active,No,4,,
1001838,11358,501838,29-08-2026,43,Female,Hyderabad,Premium,Salary,Transfer,1043.46,53915.14,731,Yes,Auto,422615.41,10.92,Active,Medium,Savings Account,Mobile App,Active,No,5,,
1001946,11822,501946,08-10-2024,30,Female,Chennai,Mass Market,Current,Deposit,630.97,78049.62,700,No,None,0,0,No Loan,Medium,Fixed Deposit,Internet Banking,Active,No,5,,
1002499,10960,502499,08-09-2024,39,Female,Mumbai,Premium,Current,UPI Payment,6911.41,15192.17,615,No,None,0,0,No Loan,High,Home Loan,Mobile App,Active,No,5,,
1004052,11393,504052,07-09-2025,22,Male,Hyderabad,Affluent,Salary,UPI Payment,4279.3,37912.71,747,No,None,0,0,No Loan,Medium,Home Loan,ATM,Active,No,5,,
1003309,12205,503309,29-07-2024,43,Male,Delhi,Affluent,Fixed Deposit,Card Payment,6967.27,77794.48,628,No,None,0,0,No Loan,High,Savings Account,ATM,Dormant,No,4,,
1004201,10976,504201,04-08-2024,40,Female,Jaipur,Premium,Savings,Card Payment,8654.2,51094.79,850,Yes,Auto,29756.26,7.17,Active,Low,Home Loan,Mobile App,Active,No,5,,
1004393,11757,504393,23-04-2026,21,Male,Delhi,Mass Market,Savings,UPI Payment,1732.93,85848.82,693,Yes,Personal,187094.77,8.25,Closed,Medium,Home Loan,Branch,Active,No,3,,
1002595,11900,502595,19-03-2025,21,Male,Kolkata,Mass Market,Savings,Transfer,3106.45,4293.9,842,No,None,0,0,No Loan,Low,Insurance,Phone Banking,Active,No,5,,
1002116,10703,502116,23-07-2026,44,Male,Chennai,Affluent,Savings,Deposit,8255.19,33148.14,664,No,None,0,0,No Loan,Medium,Savings Account,Mobile App,Inactive,No,5,,
1001345,10975,501345,21-03-2024,21,Male,Bengaluru,Mass Market,Savings,Deposit,5495.5,40146.9,754,No,None,0,0,No Loan,Low,Investment,Internet Banking,Active,No,5,,
1002877,11857,502877,28-08-2025,54,Male,Kolkata,Mass Market,Savings,Transfer,3354.01,14228.97,691,No,None,0,0,No Loan,Medium,Home Loan,Mobile App,Active,Yes,3,,
1003341,10159,503341,08-10-2024,22,Female,Kolkata,Mass Market,Salary,UPI Payment,3453.23,24585.96,733,No,None,0,0,No Loan,Medium,Credit Card,Phone Banking,Active,No,4,,
1004864,11574,504864,25-02-2025,50,Male,Delhi,Affluent,Salary,Deposit,2746.02,3031.32,769,No,None,0,0,No Loan,Low,Savings Account,Internet Banking,Active,No,4,,
1003938,11293,503938,16-02-2024,38,Male,Mumbai,Mass Market,Salary,Transfer,3160.65,30754.69,763,No,None,0,0,No Loan,Low,Insurance,Internet Banking,Active,No,4,,
1001651,10940,501651,01-07-2024,35,Female,Lucknow,Affluent,Current,UPI Payment,1498.03,62041.95,768,No,None,0,0,No Loan,Low,Home Loan,Mobile App,Inactive,No,4,,
1000790,12363,500790,10-01-2024,40,Female,Mumbai,Premium,Salary,UPI Payment,3628.49,54651.72,680,Yes,Business,47345.81,9.9,Active,Medium,Credit Card,Branch,Inactive,No,5,,
1002281,10874,502281,04-07-2026,45,Male,Lucknow,Affluent,Salary,Transfer,3842.14,29322.14,698,Yes,Home,66304.07,8.57,Active,Medium,Savings Account,Mobile App,Active,No,5,,
1004655,12092,504655,26-09-2024,43,Male,Hyderabad,Mass Market,Fixed Deposit,Withdrawal,3780.29,67534.41,660,No,None,0,0,No Loan,Medium,Home Loan,Mobile App,Active,No,4,,
1004572,11626,504572,24-08-2026,50,Female,Pune,Mass Market,Current,Transfer,1360.32,10808.65,719,Yes,Home,39514.7,12.99,Closed,Medium,Savings Account,Internet Banking,Inactive,No,5,,
1000872,11161,500872,29-03-2024,50,Male,Pune,Mass Market,Current,UPI Payment,6645.64,19468.83,613,No,None,0,0,No Loan,High,Credit Card,ATM,Dormant,No,5,,
1001721,11036,501721,14-01-2024,21,Female,Jaipur,Mass Market,Savings,Withdrawal,12678.07,376140.98,686,No,None,0,0,No Loan,Medium,Fixed Deposit,Mobile App,Active,No,4,,
1001591,10014,501591,30-06-2026,33,Female,Mumbai,High Net Worth,Current,UPI Payment,337.17,31367.51,588,No,None,0,0,No Loan,High,Home Loan,Branch,Inactive,Yes,3,,
1002728,11987,502728,12-07-2025,21,Male,Jaipur,Premium,Salary,Deposit,2346.45,6690.88,656,Yes,Auto,123284.78,10.83,Active,Medium,Fixed Deposit,Phone Banking,Active,No,3,,
1000074,10792,500074,03-09-2024,33,Male,Jaipur,Mass Market,Savings,Transfer,3211.29,31585.81,722,No,None,0,0,No Loan,Medium,Investment,ATM,Inactive,No,4,,
1001778,10494,501778,21-04-2024,44,Female,Pune,Mass Market,Fixed Deposit,Transfer,998.18,65133.57,675,No,None,0,0,No Loan,Medium,Personal Loan,Mobile App,Active,No,4,,
1001617,10353,501617,12-10-2024,28,Female,Ahmedabad,Mass Market,Current,UPI Payment,1707.56,4942.47,618,No,None,0,0,No Loan,High,Savings Account,Internet Banking,Active,Yes,3,,
1001362,12397,501362,14-02-2024,46,Male,Chennai,Affluent,Savings,Deposit,11338.57,21890.32,750,No,None,0,0,No Loan,Low,Personal Loan,Mobile App,Active,No,4,,
1003025,11018,503025,24-06-2024,34,Male,Chennai,Mass Market,Salary,Withdrawal,396.86,34017.49,742,No,None,0,0,No Loan,Medium,Home Loan,Internet Banking,Inactive,No,4,,
1001967,11272,501967,16-10-2025,31,Male,Pune,Premium,Savings,UPI Payment,1568.86,12905.01,681,Yes,Auto,270590.36,8.05,Approved,Medium,Personal Loan,Branch,Active,No,4,,
1004586,11588,504586,21-11-2024,21,Male,Delhi,Affluent,Savings,ATM,9968.12,96197.67,668,No,None,0,0,No Loan,Medium,Credit Card,ATM,Active,No,4,,
1003828,10822,503828,27-09-2024,37,Female,Ahmedabad,Affluent,Fixed Deposit,Withdrawal,1339.74,18567.88,681,No,None,0,0,No Loan,Medium,Fixed Deposit,Mobile App,Dormant,No,5,,
1002260,10703,502260,08-08-2024,28,Male,Mumbai,Mass Market,Salary,ATM,2121.5,42435.02,667,No,None,0,0,No Loan,Medium,Credit Card,Mobile App,Active,No,4,,
1002900,12243,502900,14-01-2024,24,Female,Jaipur,Premium,Savings,UPI Payment,13003.52,59947.3,697,Yes,Personal,63532.23,13.01,Active,Medium,Fixed Deposit,Mobile App,Active,No,5,,
1002223,10686,502223,05-06-2025,39,Male,Mumbai,Affluent,Savings,UPI Payment,3483.82,19849.34,,No,None,0,0,No Loan,Low,Investment,Internet Banking,Active,No,4,,
1000495,11066,500495,09-01-2024,40,Male,Lucknow,Affluent,Savings,Deposit,947.12,27915.71,702,No,None,0,0,No Loan,Medium,Credit Card,Internet Banking,Inactive,No,3,,
1003146,11012,503146,11-06-2026,29,Female,Jaipur,Premium,Savings,UPI Payment,2909.98,13637.6,647,Yes,Auto,21194.37,10.79,Active,High,Fixed Deposit,Internet Banking,Active,No,4,,
1003530,11850,503530,02-08-2024,34,Female,Ahmedabad,Affluent,Savings,Deposit,1447.8,9098.89,687,No,None,0,0,No Loan,Medium,Personal Loan,Mobile App,Dormant,No,4,,
1001282,10964,501282,15-04-2025,27,Other,Mumbai,Affluent,Salary,Transfer,2714.64,20427.53,651,No,None,0,0,No Loan,Medium,Credit Card,Internet Banking,Active,No,5,,
1001165,10365,501165,03-08-2024,29,Female,Kolkata,Affluent,Salary,UPI Payment,835.26,9707.59,815,No,None,0,0,No Loan,Low,Fixed Deposit,Internet Banking,Active,No,4,,
1001243,10311,501243,15-06-2025,42,Male,Bengaluru,Mass Market,Savings,Card Payment,1969.52,45385.3,778,No,None,0,0,No Loan,Low,Personal Loan,Branch,Active,Yes,2,,
1001756,12162,501756,25-11-2024,27,Female,Bengaluru,Mass Market,Current,Card Payment,1477.53,13380.64,818,Yes,Personal,159600.83,14.13,Defaulted,Low,Insurance,Internet Banking,Inactive,No,3,,
1001993,10311,501993,24-08-2024,43,Male,Ahmedabad,Premium,Savings,UPI Payment,1800.5,14630.53,727,No,None,0,0,No Loan,Medium,Investment,Branch,Active,No,4,,
1002195,10370,502195,05-02-2025,31,Female,Lucknow,Premium,Savings,Deposit,874.01,41550.35,756,No,None,0,0,No Loan,Low,Fixed Deposit,ATM,Active,No,5,,
1001727,10126,501727,25-08-2024,22,Female,Jaipur,Mass Market,Current,Transfer,10977.7,64472.85,694,No,None,0,0,No Loan,Medium,Fixed Deposit,Branch,Active,No,5,,
1000619,10689,500619,03-07-2026,21,Female,Jaipur,Mass Market,Savings,Deposit,3202.48,43312.7,633,No,None,0,0,No Loan,High,Personal Loan,ATM,Active,No,5,,
1004934,11120,504934,17-02-2024,37,Female,Jaipur,Mass Market,Current,Card Payment,1096.92,7756.46,701,No,None,0,0,No Loan,Medium,Credit Card,Mobile App,Inactive,No,4,,
1001882,10859,501882,25-06-2025,40,Female,Chennai,Premium,Salary,UPI Payment,2660.53,23018.16,734,No,None,0,0,No Loan,Medium,Credit Card,ATM,Active,No,5,,
1001630,11713,501630,22-10-2025,31,Female,Bengaluru,Mass Market,Salary,Deposit,4487.04,17732.66,807,Yes,Personal,163178.15,14.88,Active,Low,Home Loan,Mobile App,Active,No,4,,
1004767,12096,504767,30-03-2025,31,Female,Delhi,High Net Worth,Savings,Transfer,1212.52,19461.21,772,No,None,0,0,No Loan,Low,Insurance,Mobile App,Active,No,4,,
1002089,12140,502089,10-05-2026,44,Male,Kolkata,Mass Market,Savings,Withdrawal,2973.31,151456.18,644,No,None,0,0,No Loan,High,Fixed Deposit,Mobile App,Active,Yes,3,,
1003426,11627,503426,04-12-2025,39,Female,Kolkata,Mass Market,Fixed Deposit,UPI Payment,1317.8,7188.53,771,Yes,Education,18855.16,7.29,Active,Low,Home Loan,ATM,Active,No,5,,
1000870,11909,500870,15-07-2024,46,Male,Bengaluru,Premium,Salary,Card Payment,1372.52,75611.68,615,Yes,Business,81051.48,11.27,Defaulted,High,Insurance,ATM,Active,Yes,4,,
1004709,10288,504709,25-06-2024,46,Female,Delhi,Premium,Savings,UPI Payment,1416.03,26384.69,812,No,None,0,0,No Loan,Low,Credit Card,Internet Banking,Active,No,5,,
1001043,11702,501043,24-01-2024,38,Male,Kolkata,Mass Market,Savings,Deposit,4836.95,7334.17,761,Yes,Home,81190.76,7.01,Approved,Low,Insurance,Mobile App,Dormant,No,5,,
1003385,12007,503385,29-05-2024,38,Male,Hyderabad,Affluent,Salary,Withdrawal,3774.15,20622.56,515,No,None,0,0,No Loan,High,Personal Loan,Mobile App,Active,No,4,,
1000357,10774,500357,21-08-2025,36,Male,Ahmedabad,Mass Market,Savings,Card Payment,705.74,54969.64,738,No,None,0,0,No Loan,Medium,Insurance,Branch,Dormant,No,3,,
1001163,10751,501163,06-04-2024,39,Other,Ahmedabad,Affluent,Savings,Deposit,3244.65,48513.36,683,No,None,0,0,No Loan,Medium,Insurance,Branch,Active,No,3,,
1002781,11448,502781,07-10-2024,41,Male,Chennai,Mass Market,Savings,UPI Payment,2635.7,27510.3,689,No,None,0,0,No Loan,Medium,Home Loan,Internet Banking,Active,No,4,,
1002255,12326,502255,03-11-2025,47,Male,Jaipur,Mass Market,Savings,Deposit,1218.79,4214.19,743,No,None,0,0,No Loan,Medium,Insurance,Internet Banking,Active,No,5,,
1003166,12342,503166,26-09-2024,32,Female,Pune,Mass Market,Savings,Transfer,5508.95,8252.98,605,No,None,0,0,No Loan,High,Credit Card,Mobile App,Active,No,5,,
1003947,11777,503947,08-11-2024,37,Female,Lucknow,Affluent,Savings,Card Payment,1351.76,33462.74,704,Yes,Personal,91032.74,9.85,Approved,Medium,Credit Card,Branch,Active,No,5,,
1001790,11625,501790,22-10-2025,37,Male,Jaipur,Mass Market,Savings,Deposit,1799.98,64067.9,693,No,None,0,0,No Loan,Medium,Credit Card,Internet Banking,Inactive,No,5,,
1003807,10649,503807,17-02-2026,45,Female,Kolkata,Premium,Savings,Withdrawal,1107.36,9753.8,747,Yes,Business,89116.65,7.67,Closed,Medium,Personal Loan,Internet Banking,Active,No,3,,
1003658,12452,503658,14-08-2024,34,Male,Delhi,Affluent,Savings,Transfer,19096.44,11838.77,747,No,None,0,0,No Loan,Medium,Investment,Internet Banking,Active,No,3,,
1001273,12034,501273,26-06-2025,25,Male,Mumbai,Affluent,Salary,UPI Payment,16790.52,18072.07,688,No,None,0,0,No Loan,Medium,Personal Loan,Mobile App,Active,Yes,3,,
1003151,12308,503151,24-01-2025,37,Female,Lucknow,Premium,Current,Card Payment,3527.39,533202.55,743,No,None,0,0,No Loan,Medium,Investment,Internet Banking,Active,No,4,,
1000333,10972,500333,30-07-2026,33,Female,Ahmedabad,Mass Market,Salary,Deposit,947.79,108709.78,681,No,None,0,0,No Loan,Medium,Insurance,Branch,Inactive,No,5,,
1001555,12170,501555,25-06-2024,28,Male,Kolkata,Affluent,Savings,Withdrawal,587.38,66663.59,676,No,None,0,0,No Loan,Medium,Investment,Phone Banking,Inactive,Yes,3,,
1002752,10179,502752,04-03-2024,21,Male,Lucknow,Mass Market,Savings,Transfer,1582.22,60580.18,647,No,None,0,0,No Loan,High,Personal Loan,ATM,Active,Yes,3,,
1002555,12268,502555,15-09-2024,35,Other,Hyderabad,High Net Worth,Savings,Transfer,14087.45,25262.29,711,Yes,Personal,26701.03,9.09,Defaulted,Medium,Savings Account,Phone Banking,Active,No,4,,
1003686,11660,503686,11-03-2026,36,Male,Pune,Affluent,Savings,Transfer,3016.06,63480.84,682,No,None,0,0,No Loan,Medium,Fixed Deposit,Mobile App,Active,No,4,,
1001655,10375,501655,26-05-2025,42,Other,Pune,Mass Market,Savings,ATM,1329.59,38740.21,831,No,None,0,0,No Loan,Low,Savings Account,Branch,Active,No,4,,
1001117,12077,501117,16-09-2025,38,Female,Chennai,Premium,Savings,Card Payment,2730.64,26641.83,850,Yes,Education,134428.41,13.39,Active,Low,Home Loan,Internet Banking,Inactive,Yes,2,,
1004077,10608,504077,12-02-2026,29,Male,Pune,Affluent,Savings,Withdrawal,1756.99,13880.46,697,No,None,0,0,No Loan,Medium,Insurance,Internet Banking,Active,No,5,,
1003571,10763,503571,07-02-2024,32,Male,Lucknow,Mass Market,Salary,UPI Payment,899.9,48993.45,703,No,None,0,0,No Loan,Medium,Home Loan,Phone Banking,Active,No,5,,
1004630,12074,504630,20-07-2026,25,Male,Ahmedabad,Premium,Salary,Withdrawal,6079.43,18180.83,759,Yes,Education,49960.51,13.83,Closed,Low,Credit Card,Mobile App,Inactive,No,4,,
1003904,11737,503904,01-08-2024,34,,Jaipur,Affluent,Current,Transfer,4001.98,114807.59,804,No,None,0,0,No Loan,Low,Insurance,Mobile App,Active,No,4,,
1004456,10273,504456,18-03-2025,40,Male,Jaipur,Mass Market,Savings,Card Payment,3022.43,48121.12,665,No,None,0,0,No Loan,Medium,Fixed Deposit,Mobile App,Inactive,No,5,,
1000446,11626,500446,04-03-2025,21,Female,Bengaluru,Affluent,Fixed Deposit,Deposit,6849.79,21334.12,652,No,None,0,0,No Loan,Medium,Credit Card,Mobile App,Active,No,3,,
1002616,12327,502616,01-12-2024,35,Other,Bengaluru,Affluent,Current,ATM,740.36,42404.2,662,No,None,0,0,No Loan,Medium,Insurance,Mobile App,Active,No,4,,
1000453,10413,500453,22-02-2024,42,Male,Lucknow,Premium,Savings,Card Payment,4369.64,18937.67,628,No,None,0,0,No Loan,High,Fixed Deposit,Internet Banking,Active,No,5,,
1004811,12060,504811,08-09-2025,40,Male,Jaipur,High Net Worth,Savings,UPI Payment,967.92,22153.89,764,Yes,Home,22934.05,9.29,Closed,Low,Home Loan,Internet Banking,Active,No,4,,
1004445,10227,504445,06-06-2024,32,Female,Kolkata,Mass Market,Current,UPI Payment,858.54,4168,709,No,None,0,0,No Loan,Medium,Personal Loan,Mobile App,Active,No,4,,
1004555,11914,504555,08-11-2024,34,Female,Lucknow,Mass Market,Salary,Withdrawal,15514.81,15936.72,650,No,None,0,0,No Loan,Medium,Investment,Mobile App,Active,No,4,,
1000015,12392,500015,30-01-2025,37,Male,Hyderabad,Mass Market,Savings,UPI Payment,18150.94,31996.67,757,No,None,0,0,No Loan,Low,Personal Loan,Mobile App,Active,No,4,,
1003108,11147,503108,09-05-2025,46,Male,Ahmedabad,Mass Market,Savings,UPI Payment,1735.24,111334.45,632,Yes,Personal,36211.63,9.05,Active,High,Fixed Deposit,Phone Banking,Active,No,4,,
1000946,11684,500946,01-06-2025,28,Male,Delhi,Premium,Salary,UPI Payment,1309.61,38022,630,Yes,Education,37945.1,9.29,Defaulted,High,Investment,Internet Banking,Active,No,5,,
1000248,11885,500248,20-12-2025,36,Male,Bengaluru,Mass Market,Salary,Withdrawal,905.56,2565.63,693,No,None,0,0,No Loan,Medium,Home Loan,Mobile App,Active,No,4,,
1004184,11858,504184,05-03-2024,37,Male,Chennai,Mass Market,Salary,UPI Payment,2776.89,178110.91,746,Yes,Business,24192.27,15.46,Defaulted,Medium,Savings Account,Internet Banking,Active,No,4,,
1000361,10269,500361,04-08-2025,41,Male,Delhi,High Net Worth,Savings,Deposit,4203.65,35306.87,806,Yes,Auto,71169.57,13.99,Active,Low,Insurance,Internet Banking,Active,Yes,2,,
1004667,12446,504667,01-01-2026,34,Female,Chennai,Premium,Savings,ATM,957.77,35711.04,606,No,None,0,0,No Loan,High,Fixed Deposit,Branch,Active,Yes,2,,
1003379,12494,503379,28-01-2026,37,Male,Delhi,Mass Market,Savings,Withdrawal,4036.7,24004.96,710,No,None,0,0,No Loan,Medium,Savings Account,ATM,Inactive,No,4,,
1002319,10941,502319,07-01-2025,21,Male,Lucknow,Premium,Savings,Deposit,3199.31,72486.34,625,No,None,0,0,No Loan,High,Savings Account,Mobile App,Dormant,No,4,,
1001492,12036,501492,26-04-2024,21,Female,Kolkata,Mass Market,Savings,Card Payment,2777.19,60573.78,709,Yes,Auto,101755.38,13.5,Active,Medium,Insurance,Branch,Active,No,5,,
1004776,11600,504776,09-11-2024,27,Male,Hyderabad,Affluent,Savings,Transfer,328.24,80842.98,704,No,None,0,0,No Loan,Medium,Home Loan,Internet Banking,Active,No,5,,
1001774,11113,501774,09-01-2026,33,Male,Hyderabad,Affluent,Salary,ATM,3110.56,6791.44,645,No,None,0,0,No Loan,High,Savings Account,ATM,Active,No,4,,
1004633,10710,504633,18-10-2025,42,Female,Jaipur,Mass Market,Salary,Withdrawal,4030.03,7377.13,807,No,None,0,0,No Loan,Low,Savings Account,Branch,Active,No,4,,
1004372,10911,504372,25-04-2024,31,Male,Kolkata,Premium,Fixed Deposit,Card Payment,2167.5,15320.15,716,No,None,0,0,No Loan,Medium,Savings Account,Mobile App,Active,No,3,,
1004895,10288,504895,05-01-2025,22,Female,Pune,Affluent,Current,ATM,3504.38,8241.05,702,Yes,Home,91326.42,9.13,Active,Medium,Fixed Deposit,Internet Banking,Active,No,5,,
1002868,11702,502868,20-09-2024,21,Male,Bengaluru,Mass Market,Fixed Deposit,UPI Payment,773.64,82430.25,841,No,None,0,0,No Loan,Low,Home Loan,Mobile App,Active,No,5,,
1000491,11493,500491,16-01-2024,26,Male,Ahmedabad,Mass Market,Salary,Withdrawal,8094.38,24612.59,690,No,None,0,0,No Loan,Medium,Credit Card,Internet Banking,Inactive,No,4,,
1000863,12039,500863,11-04-2026,36,Female,Pune,Mass Market,Savings,Card Payment,908.8,29831.69,648,No,None,0,0,No Loan,High,Fixed Deposit,ATM,Active,No,5,,
1001766,11678,501766,13-10-2025,48,Male,Hyderabad,Mass Market,Savings,Transfer,9112.08,80202.86,814,No,None,0,0,No Loan,Low,Personal Loan,Internet Banking,Active,No,4,,
1002228,10039,502228,08-02-2025,24,,Mumbai,Mass Market,Salary,Deposit,985.03,13800.66,647,No,None,0,0,No Loan,High,Credit Card,Branch,Active,No,4,,
1001903,10441,501903,10-01-2026,39,Female,Ahmedabad,Mass Market,Savings,Deposit,6568.35,22290.34,745,No,None,0,0,No Loan,Medium,Credit Card,ATM,Active,No,4,,
1002463,12209,502463,05-10-2024,45,Male,Pune,High Net Worth,Current,Card Payment,544.2,76563.32,762,No,None,0,0,No Loan,Low,Investment,ATM,Active,Yes,2,,
1004113,10166,504113,05-07-2025,49,Male,Bengaluru,Affluent,Salary,Withdrawal,7995.33,10597.36,720,No,None,0,0,No Loan,Medium,Home Loan,Mobile App,Active,No,5,,
1000507,11677,500507,22-04-2024,39,Male,Jaipur,Mass Market,Savings,UPI Payment,1244.45,17563.07,591,No,None,0,0,No Loan,High,Credit Card,Mobile App,Active,Yes,3,,
1002693,11461,502693,18-11-2025,34,Female,Jaipur,Mass Market,Savings,Card Payment,868.46,68147.85,678,No,None,0,0,No Loan,Medium,Insurance,ATM,Active,No,4,,
1002016,12002,502016,18-12-2024,51,Male,Mumbai,Mass Market,Savings,Card Payment,11076.4,11187.55,666,No,None,0,0,No Loan,Medium,Credit Card,Mobile App,Active,No,3,,
1004388,10722,504388,26-03-2024,33,Male,Ahmedabad,Affluent,Salary,Deposit,2812.5,65195.78,614,Yes,Auto,106245.08,7.41,Active,High,Insurance,Internet Banking,Active,No,4,,
1001223,12420,501223,08-03-2024,34,Male,Kolkata,Mass Market,Fixed Deposit,UPI Payment,748.54,4964.11,722,No,None,0,0,No Loan,Medium,Fixed Deposit,Mobile App,Active,No,5,,
1001114,11302,501114,01-11-2024,54,Female,Chennai,Affluent,Savings,UPI Payment,866.81,2538.65,566,Yes,Personal,100604.19,15.45,Active,High,Fixed Deposit,Mobile App,Active,Yes,5,,
1001933,10160,501933,11-09-2024,41,Male,Delhi,Premium,Savings,UPI Payment,7232.55,7837.9,721,Yes,Personal,241213.03,8.91,Active,Medium,Fixed Deposit,Branch,Active,No,5,,
1003439,10629,503439,28-08-2025,21,Male,Pune,High Net Worth,Savings,Withdrawal,2458.74,48204.7,782,No,None,0,0,No Loan,Low,Savings Account,Mobile App,Dormant,No,3,,
1001375,12401,501375,12-09-2025,21,Male,Lucknow,Premium,Savings,Transfer,3053.67,10792.9,689,No,None,0,0,No Loan,Medium,Credit Card,ATM,Active,No,3,,
1004782,11355,504782,02-04-2026,55,Female,Ahmedabad,Affluent,Current,Deposit,4218.73,65366.71,717,Yes,Education,38945.83,14.65,Defaulted,Medium,Fixed Deposit,Mobile App,Active,No,4,,
1000434,11292,500434,23-05-2024,32,Female,Mumbai,Affluent,Savings,Transfer,1435.02,29712.33,714,No,None,0,0,No Loan,Medium,Fixed Deposit,Internet Banking,Active,No,5,,
1003876,10087,503876,30-11-2025,21,Male,Lucknow,Mass Market,Savings,Transfer,4539.94,44181.1,748,No,None,0,0,No Loan,Medium,Investment,Branch,Active,No,4,,
1003170,11800,503170,23-05-2026,40,Female,Jaipur,Mass Market,Current,Deposit,1748.18,229006.58,698,No,None,0,0,No Loan,Medium,Investment,Mobile App,Active,No,4,,
1002851,12089,502851,04-08-2024,68,Male,Kolkata,Mass Market,Savings,UPI Payment,11344.26,9384.7,710,Yes,Auto,189441.85,12.91,Active,Medium,Personal Loan,Internet Banking,Active,No,4,,
1002108,12021,502108,02-01-2025,35,Female,Delhi,Mass Market,Current,ATM,923.64,98986.35,576,No,None,0,0,No Loan,High,Investment,Branch,Active,No,4,,
1002649,10949,502649,09-07-2026,33,Male,Kolkata,Affluent,Savings,Card Payment,4489.07,71463.74,689,No,None,0,0,No Loan,Medium,Credit Card,Mobile App,Active,No,3,,
1004125,10068,504125,22-02-2025,31,Female,Kolkata,Mass Market,Current,Deposit,1672,33441.44,782,Yes,Personal,192027.14,7.88,Approved,Low,Credit Card,Branch,Inactive,No,5,,
1004636,12194,504636,01-06-2024,37,Other,Delhi,High Net Worth,Current,UPI Payment,8248.51,10335.1,637,Yes,Auto,62798.62,11.58,Closed,High,Fixed Deposit,Internet Banking,Active,No,4,,
1002437,12011,502437,12-08-2026,38,Male,Delhi,Mass Market,Savings,Withdrawal,1244.24,24214.23,677,No,None,0,0,No Loan,Medium,Fixed Deposit,ATM,Active,Yes,4,,
1004995,11120,504995,16-04-2026,50,Female,Pune,High Net Worth,Savings,Transfer,3317.5,4129.19,769,No,None,0,0,No Loan,Low,Insurance,Mobile App,Active,Yes,3,,
1001103,11524,501103,21-07-2025,30,Female,Mumbai,Affluent,Savings,Transfer,2820.8,7439.17,715,No,None,0,0,No Loan,Medium,Investment,Branch,Active,No,4,,
1001770,11010,501770,31-01-2026,40,Female,Pune,High Net Worth,Current,Withdrawal,21130.16,28896.92,720,No,None,0,0,No Loan,Medium,Investment,Mobile App,Inactive,No,5,,
1001892,10483,501892,05-08-2024,36,Male,Chennai,Mass Market,Fixed Deposit,Withdrawal,4587.2,10049.37,579,No,None,0,0,No Loan,High,Fixed Deposit,Internet Banking,Active,Yes,3,,
1002155,11032,502155,27-03-2025,26,Female,Hyderabad,Premium,Current,UPI Payment,6138.21,9994.52,824,No,None,0,0,No Loan,Low,Investment,Branch,Dormant,No,5,,
1003861,11838,503861,23-07-2026,39,Female,Bengaluru,Premium,Salary,Withdrawal,489.53,27800.16,687,No,None,0,0,No Loan,Medium,Fixed Deposit,Branch,Active,Yes,2,,
1000157,10664,500157,10-03-2025,39,Male,Bengaluru,Affluent,Fixed Deposit,UPI Payment,1207.1,53573.18,668,No,None,0,0,No Loan,Medium,Fixed Deposit,Mobile App,Inactive,No,4,,
1004921,11410,504921,10-07-2025,21,Male,Pune,Premium,Fixed Deposit,Withdrawal,7535.38,5701.67,806,No,None,0,0,No Loan,Low,Personal Loan,Mobile App,Active,Yes,4,,
1002891,11682,502891,28-02-2025,32,Male,Mumbai,Mass Market,Savings,Transfer,3322.95,97416.41,708,No,None,0,0,No Loan,Medium,Insurance,Mobile App,Active,Yes,2,,
1000616,10853,500616,13-08-2026,48,Male,Delhi,High Net Worth,Current,Deposit,2308.12,16573.71,764,No,None,0,0,No Loan,Low,Home Loan,Mobile App,Dormant,No,5,,
1000644,11824,500644,15-11-2025,28,Female,Bengaluru,Mass Market,Fixed Deposit,Deposit,5332.43,37618.23,655,No,None,0,0,No Loan,Medium,Savings Account,Mobile App,Active,Yes,4,,
1002881,10574,502881,16-05-2025,21,Female,Hyderabad,Premium,Current,Card Payment,2002.07,8534.83,629,Yes,Home,8920.42,14.23,Closed,High,Credit Card,Internet Banking,Inactive,No,5,,
1002081,10420,502081,19-07-2026,26,Male,Ahmedabad,Affluent,Savings,Card Payment,11407.25,17223.26,668,No,None,0,0,No Loan,Medium,Personal Loan,Internet Banking,Inactive,No,5,,
1001069,10452,501069,01-12-2025,23,Male,Delhi,Premium,Salary,UPI Payment,3529.81,51899.41,716,Yes,Education,47835.14,7.22,Active,Medium,Home Loan,Mobile App,Inactive,No,5,,
1003300,12208,503300,02-10-2024,31,Female,Hyderabad,Affluent,Salary,Transfer,1195.57,149418.89,613,No,None,0,0,No Loan,High,Savings Account,Mobile App,Active,No,5,,
1004290,10972,504290,27-08-2024,25,Female,Hyderabad,Premium,Salary,Deposit,3859.48,7619.09,652,No,None,0,0,No Loan,Medium,Credit Card,Branch,Active,Yes,1,,
1004635,10754,504635,23-05-2025,43,Female,Kolkata,Affluent,Savings,UPI Payment,3922.25,41998.31,714,No,None,0,0,No Loan,Medium,Insurance,ATM,Active,No,5,,
1004164,11679,504164,17-11-2025,43,Male,Bengaluru,Affluent,Salary,Card Payment,5094.87,9943.78,672,No,None,0,0,No Loan,Medium,Investment,Mobile App,Active,No,4,,
1000331,12369,500331,04-07-2025,21,Male,Chennai,Mass Market,Salary,Card Payment,15269.99,10652.14,828,Yes,Auto,177110.12,15.96,Active,Low,Savings Account,Phone Banking,Active,No,4,,
1004007,12396,504007,07-01-2024,43,Female,Ahmedabad,Mass Market,Salary,ATM,4298.81,9341.06,734,Yes,Personal,71350.91,8.99,Defaulted,Medium,Personal Loan,Internet Banking,Active,No,4,,
1003017,12443,503017,08-02-2024,35,Female,Mumbai,Affluent,Savings,Withdrawal,2034.36,5638.25,820,No,None,0,0,No Loan,Low,Insurance,Mobile App,Active,No,4,,
1002670,10596,502670,10-05-2026,34,Male,Ahmedabad,Mass Market,Fixed Deposit,Deposit,1698.45,41768.53,636,Yes,Education,118734.34,7.53,Active,High,Savings Account,Internet Banking,Active,No,4,,
1000623,10511,500623,09-09-2024,37,Female,Hyderabad,Mass Market,Salary,Card Payment,1905.79,71927.35,800,No,None,0,0,No Loan,Low,Home Loan,Mobile App,Active,Yes,3,,
1003860,11335,503860,23-11-2025,33,Female,Kolkata,Affluent,Salary,UPI Payment,3693.08,8394.21,819,No,None,0,0,No Loan,Low,Investment,Mobile App,Active,No,5,,
1003139,11470,503139,17-07-2026,34,Male,Jaipur,Mass Market,Savings,Withdrawal,5280.7,92551.38,779,No,None,0,0,No Loan,Low,Fixed Deposit,Internet Banking,Active,No,4,,
1003435,10601,503435,12-05-2024,43,Female,Mumbai,Affluent,Current,Withdrawal,4239.56,19829.73,692,No,None,0,0,No Loan,Medium,Home Loan,ATM,Inactive,No,5,,
1002917,10914,502917,27-12-2025,34,Male,Ahmedabad,Affluent,Fixed Deposit,UPI Payment,4152.95,20477.72,,No,None,0,0,No Loan,Medium,Personal Loan,Internet Banking,Active,No,4,,
1001947,10116,501947,28-03-2024,50,Male,Hyderabad,Affluent,Savings,Card Payment,1663.79,40180.24,842,No,None,0,0,No Loan,Low,Insurance,ATM,Active,No,4,,
1001584,10900,501584,23-05-2024,46,Female,Chennai,Mass Market,Savings,ATM,4157.92,19914.96,685,No,None,0,0,No Loan,Medium,Savings Account,Internet Banking,Active,No,5,,
1004407,11849,504407,10-07-2024,27,Female,Pune,Mass Market,Salary,Card Payment,2865.87,31792.12,821,No,None,0,0,No Loan,Low,Investment,Internet Banking,Active,No,4,,
1000756,12411,500756,07-01-2026,33,Female,Kolkata,Affluent,Savings,Transfer,5194.04,28607.15,648,Yes,Personal,40800.5,10.3,Active,High,Savings Account,Mobile App,Active,No,5,,
1000519,11366,500519,10-12-2024,49,Male,Hyderabad,Affluent,Savings,Deposit,3191.6,7257.43,658,No,None,0,0,No Loan,Medium,Savings Account,Mobile App,Active,No,5,,
1003822,10063,503822,17-09-2025,32,Female,Mumbai,Mass Market,Savings,Transfer,10959.68,14993.29,792,No,None,0,0,No Loan,Low,Investment,Mobile App,Active,No,4,,
1000033,11900,500033,18-04-2024,27,Female,Ahmedabad,Mass Market,Savings,Transfer,12310.67,60193.75,574,No,None,0,0,No Loan,High,Insurance,Internet Banking,Dormant,No,5,,
1002953,12173,502953,22-07-2024,36,Male,Bengaluru,Mass Market,Savings,Deposit,1896.9,32673.3,787,No,None,0,0,No Loan,Low,Insurance,Mobile App,Active,No,3,,
1001158,10758,501158,31-08-2025,40,Female,Mumbai,High Net Worth,Salary,Card Payment,1233.03,362007.46,839,No,None,0,0,No Loan,Low,Credit Card,ATM,Active,No,5,,
1000745,10474,500745,02-12-2025,36,Male,Mumbai,Affluent,Savings,UPI Payment,770.88,86671.69,746,No,None,0,0,No Loan,Medium,Home Loan,Branch,Active,No,5,,
1002482,10853,502482,20-03-2026,49,Female,Delhi,Mass Market,Salary,Transfer,3196.36,243207.7,627,No,None,0,0,No Loan,High,Savings Account,Mobile App,Active,No,5,,
1002419,10270,502419,16-07-2026,21,Female,Pune,Affluent,Savings,UPI Payment,2815.01,54021.88,848,Yes,Home,54441.17,11.86,Closed,Low,Insurance,Mobile App,Active,No,3,,
1001973,12454,501973,12-07-2026,25,Female,Bengaluru,Affluent,Savings,UPI Payment,2092.47,19329.89,762,Yes,Personal,97352.66,11.4,Active,Low,Savings Account,Internet Banking,Active,No,4,,
1002884,10223,502884,24-03-2024,28,Male,Delhi,Affluent,Savings,Card Payment,2576.64,21615.96,802,No,None,0,0,No Loan,Low,Investment,Phone Banking,Active,No,4,,
1000784,10623,500784,13-05-2026,36,Male,Jaipur,Mass Market,Savings,Withdrawal,641.32,23899.45,739,No,None,0,0,No Loan,Medium,Fixed Deposit,Internet Banking,Active,No,3,,
1004491,11603,504491,27-08-2024,38,Female,Jaipur,Affluent,Savings,Transfer,2511.32,178978.97,809,No,None,0,0,No Loan,Low,Insurance,Internet Banking,Active,No,4,,
1002523,11068,502523,16-07-2025,39,Female,Chennai,Premium,Salary,Transfer,5618.8,13545.85,728,No,None,0,0,No Loan,Medium,Investment,Mobile App,Active,No,3,,
1000230,12057,500230,23-06-2025,45,Male,Kolkata,Mass Market,Fixed Deposit,Transfer,9168.22,24529.79,740,No,None,0,0,No Loan,Medium,Insurance,Internet Banking,Active,No,5,,
1000858,11343,500858,03-04-2026,28,Male,Bengaluru,Mass Market,Fixed Deposit,Transfer,2158.89,20679.66,774,No,None,0,0,No Loan,Low,Personal Loan,Internet Banking,Active,No,5,,
1004911,10887,504911,12-03-2026,26,Male,Hyderabad,Premium,Savings,UPI Payment,2032.06,23864.11,629,No,None,0,0,No Loan,High,Personal Loan,Phone Banking,Inactive,No,3,,
1002378,12098,502378,28-07-2024,37,Female,Mumbai,Mass Market,Salary,Transfer,408.58,26684.03,765,Yes,Personal,37347.11,11.67,Active,Low,Investment,Mobile App,Active,No,4,,
1000409,11636,500409,17-07-2026,38,Male,Delhi,Affluent,Current,Deposit,1409.12,50258.5,719,No,None,0,0,No Loan,Medium,Home Loan,ATM,Active,No,4,,
1000171,10642,500171,23-03-2025,28,Female,Kolkata,Affluent,Savings,UPI Payment,5854.01,65402.91,649,No,None,0,0,No Loan,High,Investment,Mobile App,Active,No,4,,
1000541,10456,500541,19-10-2025,39,Female,Ahmedabad,Affluent,Salary,UPI Payment,3484.75,133312.95,631,Yes,Education,28155.97,9.17,Closed,High,Home Loan,Mobile App,Active,No,5,,
1002226,11568,502226,07-05-2024,48,Female,Delhi,Premium,Savings,ATM,9385.93,40206.97,744,No,None,0,0,No Loan,Medium,Investment,Internet Banking,Active,No,3,,
1002320,12321,502320,30-08-2026,33,Female,Delhi,Premium,Savings,Transfer,6157.64,20496.98,771,No,None,0,0,No Loan,Low,Investment,Mobile App,Active,No,4,,
1003482,12180,503482,13-04-2026,42,Male,Delhi,Premium,Fixed Deposit,Transfer,4820.94,19203.05,771,Yes,Personal,89061,11.99,Active,Low,Savings Account,Internet Banking,Active,No,4,,
1000614,12225,500614,01-01-2026,64,Female,Bengaluru,Mass Market,Savings,Deposit,4313.6,3525.79,787,No,None,0,0,No Loan,Low,Home Loan,Mobile App,Active,Yes,2,,
1004950,10468,504950,30-12-2025,41,Male,Bengaluru,Mass Market,Current,UPI Payment,10982.91,13621.55,730,Yes,Auto,36098.26,12.36,Active,Medium,Investment,Mobile App,Active,No,5,,
1001834,10141,501834,01-01-2026,36,Female,Pune,Affluent,Savings,UPI Payment,1637.78,27720.96,805,No,None,0,0,No Loan,Low,Investment,Mobile App,Active,No,4,,
1003454,11290,503454,20-12-2025,35,Male,Delhi,Premium,Savings,Transfer,565.6,26662.74,736,No,None,0,0,No Loan,Medium,Insurance,ATM,Active,No,5,,
1001162,11786,501162,13-06-2026,24,Female,Lucknow,Affluent,Savings,UPI Payment,1671.89,15643.37,635,No,None,0,0,No Loan,High,Credit Card,Internet Banking,Active,No,5,,
1002427,10841,502427,06-08-2025,34,Male,Jaipur,Mass Market,Savings,Withdrawal,1576.71,8442.49,806,No,None,0,0,No Loan,Low,Personal Loan,Internet Banking,Active,No,4,,
1002381,11643,502381,09-12-2024,48,Female,Kolkata,Affluent,Savings,UPI Payment,1866.54,16399.39,659,No,None,0,0,No Loan,Medium,Savings Account,Branch,Active,No,4,,
1001619,11356,501619,19-05-2024,21,Male,Bengaluru,Affluent,Savings,Transfer,988.37,45492.69,713,Yes,Education,237579.56,13.45,Approved,Medium,Savings Account,Mobile App,Active,No,3,,
1001635,12383,501635,15-01-2026,30,Female,Pune,Mass Market,Fixed Deposit,UPI Payment,1499.08,24860.91,625,Yes,Auto,49025.31,13.22,Active,High,Savings Account,Mobile App,Dormant,No,4,,
1001508,11017,501508,30-09-2024,60,Male,Kolkata,Premium,Current,Withdrawal,1036.5,132733.38,743,Yes,Personal,87003.22,8.12,Active,Medium,Investment,Internet Banking,Inactive,No,4,,
1002214,12231,502214,24-02-2024,21,Male,Delhi,Mass Market,Savings,ATM,2227.71,13067.55,695,No,None,0,0,No Loan,Medium,Personal Loan,Branch,Active,No,5,,
1000565,10203,500565,07-03-2025,47,Female,Jaipur,Affluent,Savings,UPI Payment,9039.89,7386.29,687,No,None,0,0,No Loan,Medium,Insurance,Mobile App,Active,No,4,,
1004615,10163,504615,24-03-2025,40,Male,Chennai,Mass Market,Fixed Deposit,Card Payment,713.83,19752.82,779,Yes,Auto,47761.6,7.7,Closed,Low,Personal Loan,Branch,Inactive,No,4,,
1004258,10036,504258,03-03-2025,24,Male,Lucknow,Mass Market,Savings,Card Payment,6018.93,81661.77,668,No,None,0,0,No Loan,Medium,Savings Account,ATM,Active,No,5,,
1002439,12002,502439,27-01-2025,21,Male,Chennai,Premium,Savings,Transfer,9717.59,50640.92,601,Yes,Home,31375.41,15.09,Approved,High,Fixed Deposit,ATM,Active,No,4,,
1004797,12352,504797,21-02-2026,52,Male,Lucknow,Mass Market,Fixed Deposit,Withdrawal,1904.41,18081.58,805,No,None,0,0,No Loan,Low,Insurance,Branch,Active,Yes,3,,
1002400,10641,502400,16-03-2024,66,Female,Jaipur,Mass Market,Savings,Deposit,2328.74,27376.26,704,Yes,Auto,67219.83,8.57,Active,Medium,Home Loan,Internet Banking,Active,No,4,,
1001421,12085,501421,05-08-2025,32,Female,Mumbai,Affluent,Savings,Withdrawal,1444.03,10479.32,730,No,None,0,0,No Loan,Medium,Personal Loan,Mobile App,Inactive,No,3,,
1004939,11761,504939,28-03-2025,34,Female,Delhi,Mass Market,Salary,Deposit,827.35,6814.51,738,Yes,Auto,58056.76,12.66,Active,Medium,Personal Loan,Mobile App,Dormant,No,5,,
1003492,11914,503492,06-02-2026,33,Male,Mumbai,Affluent,Savings,Deposit,871.93,2480.49,710,No,None,0,0,No Loan,Medium,Insurance,Branch,Active,No,5,,
1003930,10205,503930,29-04-2026,41,Male,Mumbai,Affluent,Savings,Transfer,1705.05,278643.03,771,No,None,0,0,No Loan,Low,Investment,Mobile App,Inactive,No,5,,
1002743,11897,502743,29-07-2025,44,Male,Pune,Mass Market,Savings,ATM,2397.74,13215.32,723,No,None,0,0,No Loan,Medium,Personal Loan,Mobile App,Inactive,No,5,,
1002500,12080,502500,17-05-2025,35,Male,Lucknow,Mass Market,Salary,Deposit,1161.59,53677.12,695,No,None,0,0,No Loan,Medium,Investment,Internet Banking,Active,No,5,,
1001406,10700,501406,09-11-2024,42,Female,Jaipur,Premium,Savings,UPI Payment,1396.79,16410.93,809,No,None,0,0,No Loan,Low,Savings Account,Phone Banking,Active,No,3,,
1001173,11041,501173,27-06-2025,25,Male,Mumbai,Affluent,Current,Deposit,25407.25,25021.01,850,No,None,0,0,No Loan,Low,Investment,Internet Banking,Active,No,4,,
1004327,10310,504327,22-05-2025,43,Female,Chennai,Affluent,Fixed Deposit,UPI Payment,2185.42,28330.28,675,No,None,0,0,No Loan,Medium,Investment,Internet Banking,Active,No,5,,
1000326,10525,500326,05-07-2024,57,Female,Jaipur,Affluent,Fixed Deposit,Deposit,4098.12,40768,756,No,None,0,0,No Loan,Low,Savings Account,ATM,Active,No,4,,
1001052,12210,501052,19-03-2024,33,Male,Delhi,Affluent,Savings,Withdrawal,2511.8,61058.88,619,No,None,0,0,No Loan,High,Credit Card,Internet Banking,Active,No,4,,
1004977,12173,504977,06-12-2025,45,Female,Bengaluru,Mass Market,Savings,Deposit,508.77,35053.78,726,No,None,0,0,No Loan,Medium,Fixed Deposit,Mobile App,Active,No,5,,
1003310,11250,503310,27-12-2025,59,Male,Mumbai,Affluent,Salary,UPI Payment,22827.74,60126.44,,No,None,0,0,No Loan,Medium,Personal Loan,ATM,Active,No,4,,
1002901,11180,502901,07-01-2025,48,Female,Chennai,Mass Market,Savings,Withdrawal,2222.28,36884.6,783,No,None,0,0,No Loan,Low,Investment,Internet Banking,Dormant,No,5,,
1002785,11876,502785,20-08-2026,29,Male,Jaipur,Premium,Current,Card Payment,2723,47230.65,702,Yes,Auto,52855.98,14.52,Closed,Medium,Savings Account,ATM,Active,No,4,,
1001502,12254,501502,25-11-2025,45,Female,Kolkata,Affluent,Savings,Transfer,899.43,61350.5,783,No,None,0,0,No Loan,Low,Investment,ATM,Active,No,5,,
1001197,11800,501197,16-08-2024,24,Female,Chennai,Mass Market,Fixed Deposit,ATM,11494.3,152084.54,756,Yes,Personal,99301.51,12.49,Closed,Low,Credit Card,ATM,Active,No,4,,
1000621,11634,500621,09-06-2026,49,Female,Delhi,Mass Market,Savings,UPI Payment,758.07,29021.16,838,No,None,0,0,No Loan,Low,Insurance,Mobile App,Active,No,4,,
1001565,10635,501565,03-11-2024,37,Male,Chennai,Mass Market,Current,UPI Payment,13476.51,21908.77,765,No,None,0,0,No Loan,Low,Personal Loan,Mobile App,Active,No,4,,
1002895,12022,502895,05-09-2025,22,Female,Ahmedabad,Premium,Savings,Deposit,25703.08,150968.9,711,Yes,Education,17561.08,8.17,Defaulted,Medium,Home Loan,Internet Banking,Active,No,5,,
1001190,11041,501190,16-09-2025,21,Male,Lucknow,Affluent,Savings,Withdrawal,2945.96,37454.3,770,No,None,0,0,No Loan,Low,Savings Account,ATM,Inactive,Yes,3,,
1000329,10685,500329,24-02-2025,34,Female,Pune,Premium,Current,Transfer,1847.57,25132.59,682,No,None,0,0,No Loan,Medium,Insurance,Branch,Active,No,3,,
1000649,10250,500649,01-08-2024,42,Male,Pune,Mass Market,Savings,Card Payment,1302.68,7921.97,805,Yes,Home,23299.51,11.65,Approved,Low,Savings Account,Phone Banking,Active,No,5,,
1000898,10575,500898,26-12-2025,44,Male,Ahmedabad,Affluent,Salary,Card Payment,1870.86,45613.29,683,No,None,0,0,No Loan,Medium,Home Loan,Mobile App,Inactive,No,4,,
1001490,11051,501490,02-12-2024,26,Female,Kolkata,Mass Market,Savings,Card Payment,6918.55,8053.2,682,No,None,0,0,No Loan,Medium,Credit Card,Mobile App,Inactive,Yes,2,,
1001124,12082,501124,11-05-2024,24,Male,Kolkata,High Net Worth,Salary,Deposit,5067.88,28633.59,642,Yes,Personal,12350.33,14.55,Closed,High,Credit Card,ATM,Inactive,No,5,,
1001919,10036,501919,21-04-2024,43,Male,Mumbai,High Net Worth,Savings,Deposit,1424.66,36310.48,663,No,None,0,0,No Loan,Medium,Fixed Deposit,Mobile App,Active,No,4,,
1004654,10432,504654,09-06-2024,32,Male,Hyderabad,Affluent,Fixed Deposit,Transfer,2894.42,24265.3,753,Yes,Business,16513.14,13.69,Closed,Low,Investment,Phone Banking,Active,No,4,,
1004387,10887,504387,25-01-2026,45,Female,Lucknow,Affluent,Savings,ATM,691.88,19972.96,641,No,None,0,0,No Loan,High,Investment,Branch,Active,Yes,3,,
1001420,11246,501420,10-01-2024,27,Female,Lucknow,Mass Market,Savings,UPI Payment,5022.65,53075.9,673,No,None,0,0,No Loan,Medium,Home Loan,Branch,Active,Yes,3,,
1003817,12468,503817,27-07-2026,35,Male,Mumbai,High Net Worth,Savings,UPI Payment,14300.46,45015.73,728,No,None,0,0,No Loan,Medium,Fixed Deposit,ATM,Active,No,4,,
1002589,11458,502589,17-06-2025,44,Male,Pune,Mass Market,Salary,Withdrawal,3736.91,12022.33,722,No,None,0,0,No Loan,Medium,Savings Account,Mobile App,Active,No,5,,
1004716,11226,504716,27-11-2025,36,Female,Hyderabad,Mass Market,Current,Withdrawal,1248.21,5211.69,765,No,None,0,0,No Loan,Low,Fixed Deposit,Mobile App,Active,No,5,,
1003270,12159,503270,27-03-2026,24,Male,Pune,Mass Market,Salary,Transfer,6760.83,43321.59,706,Yes,Home,8367.41,9.31,Active,Medium,Investment,Mobile App,Active,No,5,,
1003695,12068,503695,17-01-2024,54,Male,Ahmedabad,Premium,Salary,Transfer,3541.1,466059.3,835,No,None,0,0,No Loan,Low,Investment,Branch,Active,No,5,,
1002078,11404,502078,04-11-2024,37,Male,Mumbai,Affluent,Savings,UPI Payment,9317.7,30723.94,761,No,None,0,0,No Loan,Low,Insurance,Mobile App,Active,No,4,,
1001024,11793,501024,07-03-2025,48,Female,Lucknow,Mass Market,Salary,Withdrawal,1931.14,74830.07,720,No,None,0,0,No Loan,Medium,Home Loan,Mobile App,Active,No,4,,
1003008,11910,503008,28-01-2025,28,Male,Jaipur,Affluent,Fixed Deposit,Card Payment,5807.83,606324.73,699,No,None,0,0,No Loan,Medium,Fixed Deposit,Mobile App,Active,No,4,,
1002407,11688,502407,05-06-2025,33,Male,Jaipur,Premium,Savings,ATM,1663.65,5009.11,727,No,None,0,0,No Loan,Medium,Personal Loan,Mobile App,Active,No,5,,
1001627,11388,501627,01-09-2025,39,Male,Bengaluru,Affluent,Salary,Deposit,5686.51,34145.93,662,Yes,Home,42050.85,10.24,Active,Medium,Personal Loan,Mobile App,Active,No,5,,
1004295,11999,504295,14-10-2025,42,Male,Hyderabad,Mass Market,Savings,Deposit,2974.25,32187.09,771,No,None,0,0,No Loan,Low,Fixed Deposit,Mobile App,Inactive,No,4,,
1002949,10911,502949,20-05-2025,33,Male,Chennai,Premium,Current,Deposit,570.31,35773.3,694,No,None,0,0,No Loan,Medium,Savings Account,Internet Banking,Active,No,4,,
1000810,11756,500810,28-09-2024,48,Male,Delhi,Mass Market,Current,Card Payment,14257.16,15443.61,838,No,None,0,0,No Loan,Low,Investment,ATM,Active,No,5,,
1002866,10629,502866,04-09-2024,49,Male,Lucknow,Mass Market,Salary,UPI Payment,2622.12,84210.96,811,No,None,0,0,No Loan,Low,Savings Account,Internet Banking,Active,No,5,,
1000979,11935,500979,23-11-2024,26,Male,Mumbai,Affluent,Savings,UPI Payment,1231.14,91370.36,681,No,None,0,0,No Loan,Medium,Credit Card,Mobile App,Active,No,3,,
1004522,10628,504522,12-08-2024,44,Female,Ahmedabad,Premium,Savings,Deposit,1203.49,67767.05,656,No,None,0,0,No Loan,Medium,Savings Account,Mobile App,Active,No,5,,
1002706,11732,502706,27-06-2026,39,Male,Jaipur,Mass Market,Savings,Withdrawal,7405.76,81656.12,715,Yes,Auto,244934.01,11.83,Closed,Medium,Investment,Mobile App,Dormant,No,5,,
1003263,12101,503263,05-05-2024,26,Male,Kolkata,Mass Market,Salary,UPI Payment,4211.22,76904,723,No,None,0,0,No Loan,Medium,Savings Account,Mobile App,Active,No,4,,
1004449,11474,504449,16-05-2026,33,Male,Jaipur,Premium,Savings,Withdrawal,4490.12,35026.85,613,No,None,0,0,No Loan,High,Fixed Deposit,Internet Banking,Active,Yes,2,,
1002789,10998,502789,28-07-2024,40,Female,Hyderabad,Affluent,Salary,Transfer,2701.66,53125.85,677,No,None,0,0,No Loan,Medium,Investment,ATM,Active,Yes,3,,
1004158,11001,504158,13-05-2026,52,Male,Chennai,Mass Market,Savings,Deposit,809.65,53261.74,763,No,None,0,0,No Loan,Low,Fixed Deposit,Mobile App,Active,Yes,2,,
1001514,10395,501514,22-03-2024,48,Male,Chennai,Premium,Salary,Card Payment,8737.1,31090.09,741,No,None,0,0,No Loan,Medium,Fixed Deposit,Internet Banking,Active,No,4,,
1003479,10552,503479,08-02-2026,26,Male,Jaipur,Premium,Savings,Withdrawal,5848.18,8239.86,850,No,None,0,0,No Loan,Low,Insurance,Branch,Active,Yes,2,,
1002043,11852,502043,28-06-2025,33,Male,Bengaluru,Mass Market,Salary,Withdrawal,3465.22,8152.36,550,Yes,Education,56823.7,8.27,Active,High,Credit Card,Internet Banking,Active,No,5,,
1000175,11760,500175,11-01-2026,40,Male,Lucknow,Mass Market,Fixed Deposit,UPI Payment,8937.58,222972,669,No,None,0,0,No Loan,Medium,Personal Loan,ATM,Active,No,5,,
1003291,12103,503291,15-01-2025,21,Female,Bengaluru,Affluent,Savings,UPI Payment,3591.08,36712.13,759,No,None,0,0,No Loan,Low,Credit Card,Internet Banking,Active,No,5,,
1001989,10835,501989,24-10-2025,32,Female,Jaipur,Affluent,Current,UPI Payment,4428.35,11007.31,716,No,None,0,0,No Loan,Medium,Insurance,ATM,Inactive,No,4,,
1001504,11876,501504,31-05-2024,53,Male,Jaipur,Affluent,Savings,Withdrawal,1495.34,37749.33,702,No,None,0,0,No Loan,Medium,Credit Card,Mobile App,Active,No,5,,
1004472,12300,504472,22-12-2024,21,Male,Mumbai,Affluent,Savings,Card Payment,821.91,240010.93,745,No,None,0,0,No Loan,Medium,Investment,Internet Banking,Active,No,4,,
1000218,10263,500218,24-04-2025,57,Male,Bengaluru,Mass Market,Savings,Deposit,6682.99,74310.02,656,No,None,0,0,No Loan,Medium,Personal Loan,Mobile App,Active,No,5,,
1003933,10832,503933,06-06-2026,56,Male,Chennai,Mass Market,Savings,Deposit,1319.9,181904.34,702,Yes,Education,40977.48,9.78,Active,Medium,Home Loan,ATM,Active,No,3,,
1003739,11190,503739,10-10-2025,38,Male,Jaipur,Mass Market,Savings,UPI Payment,261.46,116074.4,642,No,None,0,0,No Loan,High,Fixed Deposit,Branch,Inactive,No,5,,
1000691,11474,500691,12-12-2024,43,Female,Jaipur,Premium,Salary,Withdrawal,4560.52,21081.44,634,No,None,0,0,No Loan,High,Savings Account,Branch,Active,No,4,,
1002593,11474,502593,14-04-2026,24,Female,Pune,Mass Market,Salary,Transfer,4215.42,93839.4,654,Yes,Auto,144394.46,8.54,Active,Medium,Home Loan,Mobile App,Active,No,3,,
1003801,10494,503801,14-07-2026,28,Male,Bengaluru,Affluent,Salary,Transfer,2543.31,68702.28,684,No,None,0,0,No Loan,Medium,Credit Card,Mobile App,Active,No,5,,
1003474,10700,503474,02-08-2026,21,Female,Kolkata,Affluent,Current,UPI Payment,3816.46,25372.54,734,Yes,Auto,144692.15,8.42,Approved,Medium,Personal Loan,Internet Banking,Dormant,No,5,,
1001107,12107,501107,19-08-2025,23,Male,Ahmedabad,Affluent,Savings,Card Payment,732.22,15699.28,669,Yes,Auto,17145.05,14.62,Active,Medium,Credit Card,Internet Banking,Active,No,4,,
1001551,10918,501551,25-02-2026,35,Male,Bengaluru,Mass Market,Savings,Transfer,4158.8,23724.63,691,No,None,0,0,No Loan,Medium,Insurance,ATM,Active,Yes,1,,
1002442,11496,502442,18-07-2024,26,Male,Chennai,Mass Market,Savings,Withdrawal,3064.65,53750.5,684,No,None,0,0,No Loan,Medium,Savings Account,Mobile App,Active,Yes,2,,
1001552,12242,501552,29-09-2024,52,Male,Delhi,Affluent,Current,UPI Payment,1631.25,4374.93,664,No,None,0,0,No Loan,Medium,Insurance,Mobile App,Active,No,5,,
1000612,10224,500612,16-03-2024,38,Female,Pune,Affluent,Fixed Deposit,Withdrawal,5960.65,26275.72,688,Yes,Business,125797.67,10.32,Active,Medium,Insurance,Phone Banking,Active,No,5,,
1003257,11549,503257,20-07-2025,30,Male,Delhi,Mass Market,Fixed Deposit,Withdrawal,2775.11,8837.96,736,Yes,Education,20008.63,11.65,Active,Medium,Credit Card,Mobile App,Active,No,4,,
1003730,11092,503730,15-08-2024,50,Male,Mumbai,Premium,Savings,Deposit,1097.1,6722.29,791,No,None,0,0,No Loan,Low,Personal Loan,Branch,Active,No,4,,
1000577,11036,500577,06-03-2024,23,Female,Ahmedabad,Mass Market,Current,Transfer,2534.11,22872.22,739,No,None,0,0,No Loan,Medium,Savings Account,Internet Banking,Inactive,No,4,,
1002079,10820,502079,19-10-2025,30,Female,Kolkata,Premium,Salary,Deposit,7846.26,12117.78,607,No,None,0,0,No Loan,High,Fixed Deposit,Mobile App,Active,No,5,,
1004446,11395,504446,23-02-2026,38,Female,Ahmedabad,Affluent,Savings,UPI Payment,6251.58,26536.58,728,Yes,Auto,109085.08,15.13,Active,Medium,Credit Card,Mobile App,Active,No,5,,
1001181,11063,501181,04-08-2025,29,Male,Ahmedabad,Mass Market,Savings,Card Payment,2997.61,19366.64,729,Yes,Home,91310.61,9.62,Active,Medium,Savings Account,Phone Banking,Active,No,5,,
1000889,12137,500889,07-12-2025,64,Male,Mumbai,Affluent,Salary,Transfer,5040.59,33758.06,760,No,None,0,0,No Loan,Low,Insurance,Mobile App,Active,No,5,,
1003144,10160,503144,27-11-2025,27,Female,Delhi,Affluent,Savings,Transfer,3797.8,6647.22,693,Yes,Auto,308320.44,9.1,Closed,Medium,Insurance,Mobile App,Active,No,4,,
1003925,11523,503925,21-11-2024,31,Female,Jaipur,Premium,Savings,Withdrawal,1551.98,42380.85,679,No,None,0,0,No Loan,Medium,Personal Loan,Internet Banking,Inactive,No,5,,
1002679,10083,502679,12-05-2024,44,Female,Ahmedabad,Affluent,Current,Card Payment,1300.59,13823.79,660,Yes,Home,127269.67,7.53,Active,Medium,Credit Card,ATM,Active,Yes,2,,
1000818,10947,500818,26-02-2026,44,Male,Hyderabad,Mass Market,Salary,ATM,825.05,34163.52,634,No,None,0,0,No Loan,High,Personal Loan,ATM,Active,No,5,,
1003293,11552,503293,25-06-2025,25,Female,Chennai,Mass Market,Current,Transfer,1075.62,15324.14,746,Yes,Home,153716.91,14.35,Closed,Medium,Home Loan,Internet Banking,Active,No,5,,
1001887,10915,501887,11-03-2025,60,Male,Ahmedabad,Affluent,Current,UPI Payment,315.69,44260.02,687,No,None,0,0,No Loan,Medium,Personal Loan,Mobile App,Inactive,Yes,5,,
1000209,11960,500209,23-08-2025,40,Other,Ahmedabad,Premium,Fixed Deposit,Withdrawal,11133.57,29540.87,764,No,None,0,0,No Loan,Low,Savings Account,Internet Banking,Inactive,No,3,,
1000294,12328,500294,05-10-2025,57,Male,Kolkata,Mass Market,Current,Card Payment,1225.81,28465.6,768,No,None,0,0,No Loan,Low,Credit Card,ATM,Active,No,4,,
1001120,12176,501120,27-04-2026,37,Other,Hyderabad,Mass Market,Salary,Withdrawal,23083.02,35332.37,638,No,None,0,0,No Loan,High,Personal Loan,Branch,Active,No,5,,
1002229,10780,502229,26-01-2025,48,Female,Chennai,Mass Market,Savings,Deposit,4477.8,17168.53,821,No,None,0,0,No Loan,Low,Credit Card,ATM,Active,No,5,,
1002252,10088,502252,26-05-2024,37,Male,Delhi,Premium,Salary,UPI Payment,14317.65,78374.6,808,No,None,0,0,No Loan,Low,Credit Card,Branch,Active,No,3,,
1001265,12425,501265,30-07-2024,36,Female,Delhi,Mass Market,Savings,Transfer,20495.58,65732.13,845,No,None,0,0,No Loan,Low,Home Loan,Internet Banking,Dormant,No,5,,
1000991,10475,500991,09-07-2024,30,Male,,Affluent,Savings,Withdrawal,5485.13,11496.29,596,No,None,0,0,No Loan,High,Savings Account,ATM,Active,Yes,4,,
1004294,11295,504294,23-01-2025,48,Male,Lucknow,Affluent,Current,Deposit,1329.09,9557.57,699,No,None,0,0,No Loan,Medium,Fixed Deposit,ATM,Active,No,4,,
1001533,11112,501533,21-02-2026,27,Female,Lucknow,Affluent,Savings,Deposit,4876.63,25692.09,646,No,None,0,0,No Loan,High,Credit Card,Mobile App,Active,No,4,,
1000354,10005,500354,17-01-2025,35,Male,Ahmedabad,Affluent,Current,ATM,1596.14,31884.9,751,No,None,0,0,No Loan,Low,Savings Account,Branch,Active,No,3,,
1001879,12200,501879,28-03-2024,25,Male,Delhi,High Net Worth,Savings,Deposit,2821.91,15396.67,731,No,None,0,0,No Loan,Medium,Credit Card,Mobile App,Active,No,5,,
1003657,10760,503657,11-06-2025,25,Male,Ahmedabad,Affluent,Fixed Deposit,Withdrawal,7143.98,18675.19,618,Yes,Personal,286901.73,12.08,Defaulted,High,Personal Loan,Branch,Active,No,5,,
1004026,12449,504026,01-12-2025,39,Female,Kolkata,Mass Market,Salary,ATM,2607.72,11244.11,786,No,None,0,0,No Loan,Low,Personal Loan,Mobile App,Active,No,4,,
1002571,10670,502571,20-05-2024,42,Female,Lucknow,Affluent,Savings,Deposit,825.57,22267.08,627,No,None,0,0,No Loan,High,Personal Loan,Phone Banking,Active,No,4,,
1003064,11138,503064,06-11-2025,24,Male,Bengaluru,Mass Market,Salary,Transfer,3875.55,25593.45,781,No,None,0,0,No Loan,Low,Investment,ATM,Active,No,4,,
1001229,11183,501229,07-03-2026,42,Female,Hyderabad,Mass Market,Savings,Withdrawal,7330.08,29544.98,605,No,None,0,0,No Loan,High,Credit Card,Mobile App,Active,No,5,,
1000260,11920,500260,21-05-2025,35,Female,Pune,Premium,Salary,Deposit,5824.34,20137.24,673,No,None,0,0,No Loan,Medium,Credit Card,Internet Banking,Active,Yes,3,,
1001542,10936,501542,16-11-2025,35,Female,Kolkata,Affluent,Savings,Withdrawal,1896.84,9037.8,638,No,None,0,0,No Loan,High,Home Loan,Mobile App,Active,No,4,,
1004804,12331,504804,26-02-2024,37,Male,Kolkata,Mass Market,Current,Withdrawal,591.07,210959.64,761,No,None,0,0,No Loan,Low,Credit Card,ATM,Active,No,3,,
1004750,11280,504750,19-05-2026,44,Female,Chennai,Mass Market,Salary,UPI Payment,5315.86,6409.84,764,No,None,0,0,No Loan,Low,Insurance,Branch,Dormant,No,5,,
1004842,10285,504842,02-10-2025,40,,Pune,Affluent,Fixed Deposit,Transfer,995.17,124944.48,561,No,None,0,0,No Loan,High,Personal Loan,Internet Banking,Active,No,3,,
1002597,10982,502597,30-01-2025,37,Female,Mumbai,Mass Market,Salary,UPI Payment,1598.88,84056.41,688,No,None,0,0,No Loan,Medium,Home Loan,Internet Banking,Active,No,4,,
1000053,11956,500053,10-03-2026,25,Male,Delhi,Mass Market,Savings,UPI Payment,9288.03,80465.5,737,No,None,0,0,No Loan,Medium,Investment,ATM,Active,No,5,,
1002212,12321,502212,06-12-2025,31,Female,Chennai,Mass Market,Savings,UPI Payment,3673.66,76131.92,754,No,None,0,0,No Loan,Low,Investment,Internet Banking,Active,No,3,,
1001868,11386,501868,17-07-2026,24,Male,Jaipur,Premium,Savings,ATM,2840.16,22463.51,673,Yes,Education,40148.64,10.35,Closed,Medium,Personal Loan,Branch,Active,No,4,,
1003572,10681,503572,21-10-2025,35,Male,Pune,Mass Market,Fixed Deposit,Transfer,1569.24,5131,647,Yes,Auto,56053.23,14.51,Closed,High,Insurance,Internet Banking,Active,No,5,,
1003654,12263,503654,28-03-2025,31,Male,Jaipur,Mass Market,Current,Card Payment,3368.08,52113.97,708,No,None,0,0,No Loan,Medium,Investment,Mobile App,Active,No,5,,
1002803,10318,502803,10-01-2024,36,Female,Chennai,Mass Market,Current,Transfer,1646.41,72620.89,750,No,None,0,0,No Loan,Low,Home Loan,Mobile App,Active,No,5,,
1002898,11824,502898,08-11-2025,40,Male,Pune,Mass Market,Current,UPI Payment,7675.75,13599.7,687,No,None,0,0,No Loan,Medium,Investment,Internet Banking,Active,No,5,,
1001480,11810,501480,18-10-2025,25,Female,Kolkata,Affluent,Savings,Transfer,22747.38,21537.26,709,No,None,0,0,No Loan,Medium,Fixed Deposit,Mobile App,Inactive,No,4,,
1001034,11501,501034,26-09-2024,30,Male,Mumbai,Affluent,Fixed Deposit,Card Payment,7670.96,44108.8,655,No,None,0,0,No Loan,Medium,Savings Account,Branch,Active,No,5,,
1001098,11280,501098,20-01-2025,34,Female,Mumbai,Premium,Salary,Withdrawal,8760.68,53987.24,687,Yes,Personal,40039.63,15.76,Active,Medium,Home Loan,Mobile App,Active,No,5,,
1001470,11683,501470,02-03-2025,44,Female,Chennai,Mass Market,Current,ATM,705.31,50582.96,726,No,None,0,0,No Loan,Medium,Home Loan,Phone Banking,Active,No,5,,
1000544,11385,500544,14-11-2024,46,Male,Kolkata,Premium,Savings,Withdrawal,2397.43,54030.63,689,No,None,0,0,No Loan,Medium,Personal Loan,ATM,Active,No,4,,
1001047,10055,501047,19-02-2024,41,Male,Pune,Mass Market,Savings,Card Payment,4810.61,32312.08,766,No,None,0,0,No Loan,Low,Credit Card,Mobile App,Active,No,5,,
1001922,10353,501922,17-02-2025,32,Female,Mumbai,Affluent,Current,UPI Payment,2877.04,41647.19,707,Yes,Home,101851.79,11.71,Closed,Medium,Savings Account,Mobile App,Active,No,5,,
1001596,11267,501596,29-11-2024,49,Male,Pune,Mass Market,Fixed Deposit,UPI Payment,2617.18,13315.96,799,No,None,0,0,No Loan,Low,Personal Loan,Internet Banking,Inactive,No,,,
1000031,10190,500031,01-09-2025,39,Male,Hyderabad,Mass Market,Savings,Deposit,6006.06,5902.8,678,No,None,0,0,No Loan,Medium,Home Loan,Branch,Active,No,5,,
1000726,12262,500726,15-03-2024,40,Female,Delhi,Mass Market,Current,ATM,5858.79,14252.81,618,No,None,0,0,No Loan,High,Insurance,Phone Banking,Active,No,4,,
1002451,12069,502451,04-01-2024,42,Male,Bengaluru,Affluent,Fixed Deposit,Withdrawal,6376.62,76075.67,748,No,None,0,0,No Loan,Medium,Insurance,ATM,Active,No,5,,
1004529,10250,504529,04-02-2024,21,Female,Jaipur,Mass Market,Savings,UPI Payment,1323.97,21876.36,638,No,None,0,0,No Loan,High,Investment,Internet Banking,Active,Yes,5,,
1003922,11949,503922,03-03-2025,38,Male,Kolkata,Mass Market,Savings,Deposit,562.55,9109.83,675,Yes,Auto,69711.86,14.15,Approved,Medium,Home Loan,ATM,Inactive,No,4,,
1001427,11266,501427,05-05-2024,40,Female,Hyderabad,Affluent,Savings,Withdrawal,2365.04,252454.63,791,No,None,0,0,No Loan,Low,Insurance,Internet Banking,Active,No,4,,
1002513,12127,502513,18-03-2024,32,Male,Kolkata,Affluent,Savings,ATM,3863.63,52075.64,750,No,None,0,0,No Loan,Low,Credit Card,Internet Banking,Active,No,5,,
1000437,11067,500437,09-11-2025,24,Female,Hyderabad,Premium,Current,Withdrawal,2717.58,32787.31,555,No,None,0,0,No Loan,High,Credit Card,Mobile App,Active,No,5,,
1004746,10714,504746,25-08-2026,30,Female,Bengaluru,Mass Market,Savings,UPI Payment,4461.5,13011.15,771,No,None,0,0,No Loan,Low,Credit Card,Mobile App,Active,No,4,,
1000913,11647,500913,08-08-2026,45,Female,Kolkata,Mass Market,Salary,UPI Payment,990.13,15628.55,568,No,None,0,0,No Loan,High,Investment,Phone Banking,Active,No,4,,
1004232,11826,504232,22-04-2026,57,Male,Jaipur,Affluent,Salary,Deposit,1856.79,28956.1,749,No,None,0,0,No Loan,Medium,Fixed Deposit,Branch,Inactive,No,3,,
1004174,11067,504174,08-02-2025,29,Male,Chennai,Mass Market,Current,UPI Payment,5345.8,145772.16,722,No,None,0,0,No Loan,Medium,Insurance,Mobile App,Active,No,4,,
1004523,11493,504523,24-08-2026,21,Female,Chennai,Mass Market,Savings,Card Payment,1698.34,13925.25,687,No,None,0,0,No Loan,Medium,Fixed Deposit,Mobile App,Active,No,5,,
1004311,11831,504311,20-08-2025,38,Male,Bengaluru,Mass Market,Savings,Transfer,4415.25,20871.64,660,No,None,0,0,No Loan,Medium,Insurance,Mobile App,Active,No,5,,
1002303,11156,502303,14-01-2026,46,Female,Delhi,Mass Market,Savings,UPI Payment,1963.41,23799.21,689,Yes,Business,41737.14,11.06,Active,Medium,Insurance,ATM,Active,No,4,,
1002707,10068,502707,11-11-2025,26,Female,Delhi,Premium,Savings,Card Payment,1721.33,1446.71,662,No,None,0,0,No Loan,Medium,Fixed Deposit,Branch,Active,No,4,,
1001239,10016,501239,26-11-2025,31,Female,Bengaluru,Mass Market,Salary,ATM,7340.41,29794.02,757,Yes,Education,86160.45,8.09,Closed,Low,Fixed Deposit,Mobile App,Inactive,No,4,,
1000904,11998,500904,13-11-2024,38,Female,Lucknow,High Net Worth,Salary,UPI Payment,7881.75,36410.31,691,No,None,0,0,No Loan,Medium,Insurance,Branch,Active,No,3,,
1004244,12104,504244,23-05-2026,45,Female,Pune,Premium,Current,Deposit,3206.28,25314.45,758,No,None,0,0,No Loan,Low,Fixed Deposit,ATM,Inactive,No,4,,
1003160,11740,503160,16-03-2025,53,Female,Delhi,Mass Market,Current,ATM,5407.02,8004.68,691,No,None,0,0,No Loan,Medium,Personal Loan,Branch,Active,No,5,,
1004005,11086,504005,21-04-2024,26,Male,Kolkata,Affluent,Salary,Withdrawal,1461.6,20546.26,742,No,None,0,0,No Loan,Medium,Investment,Internet Banking,Active,No,5,,
1000508,11192,500508,03-03-2025,27,Male,Mumbai,Affluent,Current,Deposit,2756.41,2886.27,559,Yes,Education,90126.64,12.6,Active,High,Insurance,Mobile App,Active,No,4,,
1004511,11712,504511,19-09-2025,48,Female,Hyderabad,Mass Market,Savings,UPI Payment,3056.24,66798.6,671,Yes,Education,53329.08,10.95,Approved,Medium,Home Loan,Mobile App,Active,No,5,,
1000184,12295,500184,21-02-2024,32,Male,Delhi,Mass Market,Current,UPI Payment,2661.05,9644.96,714,No,None,0,0,No Loan,Medium,Personal Loan,Internet Banking,Inactive,No,5,,
1004336,11758,504336,20-01-2024,23,Male,Mumbai,Affluent,Savings,Transfer,1262.32,474202.96,768,No,None,0,0,No Loan,Low,Credit Card,ATM,Active,No,4,,
1001498,10693,501498,15-12-2025,39,Male,Ahmedabad,Mass Market,Salary,Deposit,1851.46,19219.86,690,Yes,Education,285313.89,9.03,Active,Medium,Insurance,Mobile App,Active,No,4,,
1003888,10485,503888,05-01-2025,33,Female,Delhi,Affluent,Savings,ATM,1346.3,44834.34,704,No,None,0,0,No Loan,Medium,Investment,Phone Banking,Active,No,4,,
1000322,11891,500322,11-06-2025,47,Female,Ahmedabad,Affluent,Salary,Deposit,8219.91,239066.99,675,No,None,0,0,No Loan,Medium,Home Loan,Phone Banking,Active,No,5,,
1002520,11784,502520,01-08-2024,47,Male,Hyderabad,High Net Worth,Savings,Withdrawal,7149.61,20706.31,781,Yes,Business,45948.23,13.17,Approved,Low,Fixed Deposit,Internet Banking,Active,No,5,,
1001534,11577,501534,03-09-2024,55,Female,Chennai,Mass Market,Salary,Deposit,3455.63,14448.44,656,Yes,Auto,57297.32,13.27,Active,Medium,Insurance,Mobile App,Active,No,5,,
1003814,10742,503814,30-01-2025,34,Female,Mumbai,Premium,Current,Transfer,610.82,22922.43,703,No,None,0,0,No Loan,Medium,Fixed Deposit,Branch,Active,No,5,,
1002396,12404,502396,26-12-2025,44,Male,Pune,Affluent,Savings,Transfer,2028.37,9522.41,697,Yes,Auto,5366.06,11.03,Active,Medium,Home Loan,ATM,Active,Yes,3,,
1002701,10821,502701,11-06-2024,35,Male,Pune,Affluent,Savings,Card Payment,5431.58,35064.08,791,Yes,Auto,72550.5,8.74,Closed,Low,Investment,Phone Banking,Active,No,5,,
1004626,10006,504626,04-02-2025,35,Female,Chennai,Mass Market,Savings,Withdrawal,4824.31,20903.59,748,No,None,0,0,No Loan,Medium,Investment,ATM,Active,No,3,,
1002660,12455,502660,19-01-2026,41,Female,Kolkata,Mass Market,Savings,Deposit,8380.32,3274.07,699,No,None,0,0,No Loan,Medium,Home Loan,Mobile App,Active,No,3,,
1004448,10817,504448,28-01-2025,21,Male,Ahmedabad,Mass Market,Savings,Withdrawal,1663.83,28285.2,655,Yes,Home,134421.45,12.2,Closed,Medium,Investment,Internet Banking,Active,No,4,,
1001147,10794,501147,03-09-2025,36,Male,Chennai,Affluent,Salary,Withdrawal,4564.07,8983.04,697,No,None,0,0,No Loan,Medium,Investment,Mobile App,Active,No,,,
1004474,11774,504474,13-01-2026,43,Female,Lucknow,Mass Market,Salary,Card Payment,1529.5,10852.81,785,No,None,0,0,No Loan,Low,Savings Account,Mobile App,Active,No,4,,
1000045,12042,500045,13-10-2024,29,Female,Chennai,Affluent,Savings,ATM,3070.41,42226.99,829,No,None,0,0,No Loan,Low,Insurance,Branch,Active,No,5,,
1002526,12275,502526,27-11-2024,31,Male,Bengaluru,Affluent,Savings,Withdrawal,4318.82,7604.18,708,Yes,Home,36799.86,10.48,Closed,Medium,Fixed Deposit,Branch,Active,Yes,3,,
1003467,10651,503467,16-10-2025,43,Female,Pune,Affluent,Salary,Deposit,499.07,24452.67,814,No,None,0,0,No Loan,Low,Personal Loan,Mobile App,Active,No,4,,
1001850,12138,501850,22-04-2026,26,Male,Ahmedabad,Premium,Savings,Deposit,11134.15,38216.61,808,No,None,0,0,No Loan,Low,Credit Card,ATM,Dormant,No,,,
1001379,11194,501379,03-07-2024,34,Male,Lucknow,Affluent,Savings,ATM,7996.92,20760.07,712,No,None,0,0,No Loan,Medium,Fixed Deposit,ATM,Active,No,3,,
1004845,10838,504845,14-05-2026,38,Male,Lucknow,Mass Market,Savings,UPI Payment,2042.96,12254.77,659,No,None,0,0,No Loan,Medium,Fixed Deposit,ATM,Active,No,4,,
1003028,12195,503028,13-06-2026,44,Female,Delhi,Premium,Current,Deposit,6843.31,6647.82,634,No,None,0,0,No Loan,High,Personal Loan,Branch,Active,No,5,,
1000414,11786,500414,06-06-2025,49,Male,Bengaluru,High Net Worth,Salary,ATM,2316.98,120372.8,785,No,None,0,0,No Loan,Low,Personal Loan,Internet Banking,Active,Yes,4,,
1002174,10773,502174,08-12-2025,26,Other,Mumbai,Affluent,Savings,UPI Payment,7279.71,27964.15,804,No,None,0,0,No Loan,Low,Insurance,ATM,Active,No,,,
1001408,12413,501408,13-10-2024,34,Female,Lucknow,Mass Market,Salary,ATM,2599.1,24939.17,596,No,None,0,0,No Loan,High,Fixed Deposit,ATM,Active,Yes,3,,
1002125,10624,502125,28-02-2024,34,Male,Pune,Mass Market,Savings,Transfer,499.29,6297.12,633,No,None,0,0,No Loan,High,Savings Account,Branch,Inactive,No,5,,
1000802,10759,500802,09-07-2024,35,Female,Ahmedabad,Mass Market,Savings,UPI Payment,1857.73,17980.06,595,Yes,Personal,61958.73,9.76,Active,High,Home Loan,Branch,Active,Yes,2,,
1001289,10807,501289,05-06-2026,39,Female,Hyderabad,Mass Market,Salary,ATM,4711.57,52819.74,771,No,None,0,0,No Loan,Low,Savings Account,ATM,Active,Yes,4,,
1002198,10652,502198,23-02-2025,21,Female,Bengaluru,Affluent,Savings,Withdrawal,1959.06,25433.78,658,No,None,0,0,No Loan,Medium,Home Loan,Internet Banking,Inactive,No,3,,
1002458,10853,502458,12-07-2024,41,Female,Lucknow,Mass Market,Fixed Deposit,Withdrawal,2473.63,19659.49,,No,None,0,0,No Loan,High,Personal Loan,Internet Banking,Active,No,5,,
1001722,10490,501722,16-02-2026,40,Female,Ahmedabad,Affluent,Current,Transfer,2375.41,26263.09,604,No,None,0,0,No Loan,High,Fixed Deposit,Branch,Active,No,4,,
1002334,11100,502334,11-02-2024,37,Female,Bengaluru,Mass Market,Salary,Deposit,1327.09,92598.26,739,Yes,Education,67802.77,12.47,Active,Medium,Personal Loan,Mobile App,Active,No,5,,
1000257,11301,500257,04-08-2026,52,Male,Ahmedabad,High Net Worth,Savings,UPI Payment,987.32,226157.41,711,Yes,Education,151580.79,15.65,Active,Medium,Credit Card,Mobile App,Active,No,4,,
1004540,10091,504540,09-12-2024,38,Female,Jaipur,Mass Market,Salary,Card Payment,1763.43,50076.11,652,No,None,0,0,No Loan,Medium,Savings Account,Mobile App,Active,No,5,,
1001715,11059,501715,16-04-2025,49,Female,Bengaluru,Mass Market,Salary,UPI Payment,1992.83,118976.86,712,Yes,Auto,48223.87,9.49,Active,Medium,Investment,Mobile App,Active,No,5,,
1001152,11137,501152,04-11-2025,41,Male,Chennai,High Net Worth,Savings,Deposit,5964.24,6523.76,785,Yes,Personal,57707.32,14.06,Defaulted,Low,Investment,Mobile App,Active,No,5,,
1002317,10188,502317,16-07-2024,62,Male,Hyderabad,Mass Market,Savings,Withdrawal,3095.42,10572.34,711,Yes,Auto,96705.33,11.29,Approved,Medium,Fixed Deposit,Phone Banking,Active,No,3,,
1000648,12202,500648,14-03-2025,34,Female,Hyderabad,Mass Market,Fixed Deposit,UPI Payment,8270.35,34110.47,732,Yes,Auto,86397.63,14.24,Active,Medium,Fixed Deposit,Mobile App,Inactive,No,4,,
1004495,10916,504495,13-11-2025,36,Male,Ahmedabad,Affluent,Salary,Deposit,4138.15,25140.12,639,No,None,0,0,No Loan,High,Home Loan,ATM,Active,No,4,,
1004245,11943,504245,27-07-2025,43,Male,Chennai,Mass Market,Savings,UPI Payment,12182.1,29039.84,782,No,None,0,0,No Loan,Low,Fixed Deposit,Phone Banking,Active,No,4,,
1004217,11231,504217,08-03-2026,49,Male,Bengaluru,Mass Market,Fixed Deposit,Card Payment,7069.74,33886.87,711,Yes,Home,19951.87,13.25,Closed,Medium,Personal Loan,ATM,Active,No,5,,
1003787,11674,503787,27-05-2026,37,Male,Ahmedabad,Affluent,Current,Card Payment,886.95,15224.94,,No,None,0,0,No Loan,Medium,Savings Account,Branch,Active,No,4,,
1001316,11915,501316,27-04-2026,39,Male,Bengaluru,Mass Market,Savings,ATM,595.64,15161.73,732,Yes,Auto,107230.88,7.05,Closed,Medium,Fixed Deposit,Mobile App,Active,No,5,,
1002030,12429,502030,13-08-2024,27,Female,Bengaluru,Mass Market,Savings,Deposit,3573.91,30956.09,781,No,None,0,0,No Loan,Low,Savings Account,ATM,Active,Yes,2,,
1003254,10356,503254,05-02-2026,36,Male,Lucknow,Affluent,Savings,ATM,495.86,16360.02,763,Yes,Auto,69237.63,14.12,Active,Low,Personal Loan,ATM,Active,No,5,,
1002481,10198,502481,26-06-2024,38,Female,Kolkata,Mass Market,Savings,ATM,5065.56,25032.88,686,No,None,0,0,No Loan,Medium,Investment,Internet Banking,Active,No,3,,
1003728,11473,503728,20-11-2025,45,Female,Mumbai,Mass Market,Savings,Transfer,2652.64,11164.28,708,No,None,0,0,No Loan,Medium,Fixed Deposit,Internet Banking,Active,No,4,,
1001351,10914,501351,22-05-2026,25,Female,Kolkata,Premium,Savings,Deposit,10850.89,17547.27,825,No,None,0,0,No Loan,Low,Investment,Mobile App,Active,No,5,,
1002516,12106,502516,22-12-2024,40,Male,Lucknow,Mass Market,Salary,Deposit,4533.99,146454.49,747,Yes,Auto,14309.52,7.47,Closed,Medium,Fixed Deposit,Internet Banking,Inactive,No,4,,
1000113,10871,500113,19-04-2025,21,Female,Ahmedabad,Mass Market,Salary,Transfer,2672.06,28760.38,770,No,None,0,0,No Loan,Low,Credit Card,Internet Banking,Active,No,5,,
1003149,11046,503149,09-07-2026,29,Male,Hyderabad,Mass Market,Savings,UPI Payment,2264.46,22462.98,690,No,None,0,0,No Loan,Medium,Insurance,Internet Banking,Active,Yes,2,,
1000264,10401,500264,02-09-2024,46,Male,Delhi,Affluent,Fixed Deposit,Card Payment,4296.11,25690.65,791,No,None,0,0,No Loan,Low,Credit Card,Internet Banking,Active,No,5,,
1001394,10589,501394,30-06-2025,40,Female,Delhi,High Net Worth,Savings,Deposit,2091.35,40006.03,694,No,None,0,0,No Loan,Medium,Credit Card,ATM,Active,No,5,,
1001906,11344,501906,11-08-2026,29,Male,Chennai,Mass Market,Current,Card Payment,3384.52,34215.73,729,Yes,Auto,51262.6,13.44,Active,Medium,Home Loan,Mobile App,Active,No,4,,
1001187,10102,501187,23-05-2026,21,Female,Delhi,Mass Market,Savings,Deposit,4066.45,2129.24,542,No,None,0,0,No Loan,High,Personal Loan,Internet Banking,Dormant,Yes,2,,
1002368,12126,502368,14-07-2024,31,Female,Kolkata,Affluent,Savings,ATM,1080.33,11346.83,746,Yes,Education,64127.42,7.64,Active,Medium,Fixed Deposit,ATM,Active,No,4,,
1000057,11501,500057,24-12-2025,41,Male,Hyderabad,Premium,Savings,Deposit,5321.76,10543.41,676,No,None,0,0,No Loan,Medium,Credit Card,Mobile App,Active,No,5,,
1001310,10727,501310,06-05-2025,33,Female,Delhi,Mass Market,Savings,Deposit,1902.84,50300.76,744,No,None,0,0,No Loan,Medium,Fixed Deposit,ATM,Active,No,4,,
1000696,12159,500696,18-04-2024,43,Female,Kolkata,Affluent,Savings,Withdrawal,1839.61,5750.72,609,No,None,0,0,No Loan,High,Personal Loan,Mobile App,Active,No,,,
1004213,11829,504213,25-02-2024,34,Female,Chennai,Mass Market,Fixed Deposit,Deposit,7658.44,60816.74,698,Yes,Personal,165367.04,14.55,Active,Medium,Investment,Mobile App,Active,No,5,,
1004763,11961,504763,17-02-2026,40,Female,Delhi,Premium,Savings,Deposit,621.89,13945.01,699,No,None,0,0,No Loan,Medium,Savings Account,Mobile App,Active,No,4,,
1001752,12359,501752,19-01-2024,43,Male,Lucknow,Mass Market,Salary,ATM,1850.98,159464.51,690,No,None,0,0,No Loan,Medium,Personal Loan,ATM,Active,No,5,,
1001925,11377,501925,04-12-2024,38,Female,Delhi,Affluent,Salary,Deposit,3280.71,54157.54,674,Yes,Personal,33590.67,7.06,Approved,Medium,Home Loan,Mobile App,Active,No,4,,
1004031,10490,504031,06-02-2025,34,Female,Chennai,Mass Market,Savings,ATM,1017.09,17519.06,761,No,None,0,0,No Loan,Low,Fixed Deposit,ATM,Active,No,3,,
1000320,11706,500320,22-05-2025,33,Male,Chennai,Affluent,Savings,Withdrawal,488.79,20991.33,764,No,None,0,0,No Loan,Low,Investment,Mobile App,Active,No,4,,
1002338,11141,502338,17-01-2024,22,Female,Hyderabad,Affluent,Savings,Withdrawal,2121.75,45367.97,758,Yes,Home,100288.57,12.06,Defaulted,Low,Fixed Deposit,Internet Banking,Active,No,3,,
1000683,12181,500683,29-10-2024,38,Female,Hyderabad,Mass Market,Current,UPI Payment,3965.46,56324.54,633,Yes,Education,41688.37,11.54,Closed,High,Personal Loan,Mobile App,Active,No,5,,
1002331,10406,502331,27-04-2024,37,Female,Kolkata,Affluent,Savings,UPI Payment,4614.52,30721.52,548,Yes,Personal,58575.13,8.7,Active,High,Investment,Branch,Active,No,4,,
1004697,11149,504697,03-01-2025,46,Male,Bengaluru,Mass Market,Current,Withdrawal,1260.54,16629.91,805,Yes,Home,108225.18,9.46,Active,Low,Credit Card,Mobile App,Active,No,4,,
1003566,11402,503566,06-12-2024,21,Male,Hyderabad,Mass Market,Salary,UPI Payment,6346.76,60553.84,625,Yes,Business,8622.52,14.24,Active,High,Home Loan,Mobile App,Inactive,No,4,,
1003524,11988,503524,18-08-2024,43,Female,Pune,Affluent,Salary,UPI Payment,6567.39,19530.69,802,No,None,0,0,No Loan,Low,Credit Card,Internet Banking,Active,Yes,3,,
1003857,12100,503857,25-05-2026,32,Female,Delhi,Mass Market,Current,ATM,3382.75,55266.74,625,No,None,0,0,No Loan,High,Home Loan,Internet Banking,Active,No,5,,
1000287,10017,500287,27-05-2025,37,Male,Chennai,Affluent,Current,Withdrawal,893.58,33965.72,738,No,None,0,0,No Loan,Medium,Home Loan,ATM,Active,No,4,,
1002187,11828,502187,13-06-2024,29,Female,Ahmedabad,Mass Market,Savings,UPI Payment,7704.7,33519.51,776,No,None,0,0,No Loan,Low,Home Loan,Branch,Active,No,4,,
1004274,11944,504274,12-11-2025,33,Male,Ahmedabad,Affluent,Savings,Withdrawal,1471.03,5546.18,733,No,None,0,0,No Loan,Medium,Insurance,ATM,Active,Yes,4,,
1003362,10990,503362,18-08-2026,43,Male,Bengaluru,Mass Market,Savings,Deposit,2108.23,159567.73,670,No,None,0,0,No Loan,Medium,Insurance,Mobile App,Active,Yes,1,,
1001745,11015,501745,15-04-2024,41,Male,Ahmedabad,Mass Market,Savings,UPI Payment,4268.49,11859.09,850,No,None,0,0,No Loan,Low,Personal Loan,Branch,Active,No,5,,
1001741,10375,501741,30-05-2025,46,Male,Bengaluru,Affluent,Fixed Deposit,Withdrawal,1400.58,3866.86,813,No,None,0,0,No Loan,Low,Investment,Mobile App,Active,No,5,,
1003516,11639,503516,17-01-2024,44,Male,Kolkata,Mass Market,Savings,Card Payment,829.35,45648.48,679,No,None,0,0,No Loan,Medium,Credit Card,ATM,Active,No,4,,
1001836,10787,501836,25-01-2026,40,Male,Chennai,Affluent,Savings,Withdrawal,1997.65,22532.97,642,No,None,0,0,No Loan,High,Insurance,Internet Banking,Inactive,No,5,,
1002099,10742,502099,19-09-2025,46,Female,Bengaluru,Mass Market,Current,Transfer,214.29,9370.8,694,No,None,0,0,No Loan,Medium,Credit Card,Mobile App,Active,No,3,,
1000737,11891,500737,25-05-2024,35,Male,Bengaluru,Mass Market,Savings,Deposit,1673.22,8294.2,755,Yes,Education,67657.93,9.64,Closed,Low,Savings Account,ATM,Active,No,4,,
1003351,11947,503351,18-01-2024,42,Male,Pune,Mass Market,Current,ATM,3464.21,13402.97,737,No,None,0,0,No Loan,Medium,Home Loan,Mobile App,Active,No,5,,
1000337,10834,500337,05-10-2025,39,Female,Hyderabad,Mass Market,Savings,Deposit,7387.19,37039.79,581,No,None,0,0,No Loan,High,Savings Account,ATM,Active,No,5,,
1003502,10290,503502,16-03-2026,49,Male,Bengaluru,Mass Market,Current,ATM,1145.01,41974.55,658,No,None,0,0,No Loan,Medium,Credit Card,ATM,Active,No,4,,
1004562,10585,504562,06-12-2025,39,Female,Mumbai,Mass Market,Savings,Transfer,932.01,20744.24,590,Yes,Home,68353.11,10.45,Active,High,Savings Account,Internet Banking,Inactive,No,5,,
1002657,11139,502657,11-06-2026,40,Female,Jaipur,Affluent,Salary,Transfer,2846.33,30259.9,787,No,None,0,0,No Loan,Low,Savings Account,Mobile App,Active,No,3,,
1004415,11807,504415,20-11-2025,45,Male,Pune,Affluent,Savings,Transfer,7033.31,29669.43,611,No,None,0,0,No Loan,High,Home Loan,ATM,Inactive,No,5,,
1001072,10182,501072,09-08-2024,46,Male,,Mass Market,Savings,Withdrawal,3032.57,18138.4,785,No,None,0,0,No Loan,Low,Investment,Mobile App,Inactive,No,3,,
1002306,11014,502306,01-06-2024,21,Male,Chennai,Mass Market,Current,ATM,2180.91,9951.96,844,No,None,0,0,No Loan,Low,Fixed Deposit,Mobile App,Active,No,4,,
1001698,11656,501698,23-11-2025,39,Female,Ahmedabad,Mass Market,Current,Transfer,5715.54,4597.05,728,No,None,0,0,No Loan,Medium,Investment,ATM,Inactive,No,5,,
1003593,10369,503593,27-11-2024,31,Male,Chennai,Affluent,Fixed Deposit,UPI Payment,310.25,7518.26,798,No,None,0,0,No Loan,Low,Insurance,Branch,Active,Yes,2,,
1003634,11925,503634,15-04-2025,38,Male,Chennai,Premium,Savings,Deposit,4711.23,14671.01,546,No,None,0,0,No Loan,High,Personal Loan,ATM,Active,No,3,,
1004123,12186,504123,10-01-2025,33,Male,Jaipur,Mass Market,Fixed Deposit,Card Payment,7769.6,13771.83,789,No,None,0,0,No Loan,Low,Savings Account,Internet Banking,Active,Yes,4,,
1004955,12210,504955,15-01-2025,41,Male,Chennai,Mass Market,Savings,UPI Payment,1194.88,24749.12,710,No,None,0,0,No Loan,Medium,Fixed Deposit,ATM,Active,No,5,,
1003382,10357,503382,04-07-2024,35,Male,Bengaluru,Mass Market,Savings,Card Payment,4677.6,6282.43,610,No,None,0,0,No Loan,High,Investment,Internet Banking,Inactive,No,4,,
1001489,10591,501489,15-04-2026,41,Male,Mumbai,Mass Market,Current,Transfer,1594.11,36975.94,713,No,None,0,0,No Loan,Medium,Credit Card,Phone Banking,Active,No,5,,
1000499,11157,500499,22-11-2024,21,Male,Ahmedabad,Mass Market,Salary,Withdrawal,2456.11,7994.77,632,No,None,0,0,No Loan,High,Fixed Deposit,Mobile App,Active,No,3,,
1004355,11823,504355,17-05-2025,36,Male,Mumbai,Mass Market,Savings,Withdrawal,1153.19,17423.48,719,No,None,0,0,No Loan,Medium,Insurance,Internet Banking,Active,No,4,,
1003246,12322,503246,25-11-2024,49,Male,Kolkata,Mass Market,Current,Withdrawal,4208.67,22519.3,696,No,None,0,0,No Loan,Medium,Fixed Deposit,Branch,Inactive,Yes,3,,
1002573,11284,502573,18-09-2024,45,Male,Pune,Affluent,Savings,UPI Payment,7252.93,31208.24,666,Yes,Personal,41191.17,12.8,Approved,Medium,Personal Loan,Mobile App,Active,No,5,,
1002601,11822,502601,06-09-2025,42,Male,Lucknow,Mass Market,Savings,UPI Payment,12576.35,20044.92,671,No,None,0,0,No Loan,Medium,Fixed Deposit,Mobile App,Active,Yes,3,,
1003289,10665,503289,05-05-2025,35,Male,Delhi,Affluent,Savings,UPI Payment,1217.61,101719.14,722,No,None,0,0,No Loan,Medium,Investment,Internet Banking,Dormant,No,5,,
1004423,11345,504423,23-02-2024,35,Male,Delhi,Affluent,Savings,Card Payment,907.81,125618.41,829,No,None,0,0,No Loan,Low,Insurance,ATM,Active,No,4,,
1002146,10759,502146,19-11-2025,31,,Bengaluru,Premium,Savings,Card Payment,3785.27,56911.72,689,Yes,Personal,18520.1,15.77,Approved,Medium,Savings Account,Mobile App,Inactive,No,5,,
1001611,10755,501611,03-02-2026,28,Female,Kolkata,Mass Market,Savings,Withdrawal,3685.19,1766.11,766,Yes,Business,41029.95,8.4,Active,Low,Personal Loan,Mobile App,Active,No,4,,
1002352,11327,502352,01-02-2026,38,Male,Bengaluru,Mass Market,Current,Deposit,886.33,5075.82,742,No,None,0,0,No Loan,Medium,Home Loan,Mobile App,Active,No,5,,
1004202,10955,504202,11-01-2024,58,Male,Mumbai,Affluent,Current,UPI Payment,17534.63,20072.79,610,Yes,Home,179604.66,12.34,Active,High,Personal Loan,Mobile App,Active,No,4,,
1003249,10940,503249,13-11-2025,63,Male,Kolkata,Affluent,Savings,UPI Payment,4039.55,31106.48,634,Yes,Education,23391.96,10.88,Active,High,Fixed Deposit,Branch,Active,No,4,,
1001023,10327,501023,08-01-2026,30,Female,Jaipur,Mass Market,Fixed Deposit,Transfer,808.32,9677.52,647,No,None,0,0,No Loan,High,Investment,Branch,Active,No,4,,
1002298,11094,502298,24-08-2024,34,Female,Hyderabad,High Net Worth,Savings,Card Payment,3134.91,5787.56,680,No,None,0,0,No Loan,Medium,Fixed Deposit,Internet Banking,Active,No,4,,
1004897,10187,504897,25-02-2024,43,Female,Bengaluru,Premium,Salary,Withdrawal,4954.53,184600.25,622,No,None,0,0,No Loan,High,Personal Loan,ATM,Active,No,4,,
1002705,10041,502705,15-12-2024,21,Female,Mumbai,Affluent,Savings,ATM,1771.61,5863.81,730,No,None,0,0,No Loan,Medium,Fixed Deposit,Mobile App,Active,No,4,,
1003079,12312,503079,22-03-2026,21,Male,Ahmedabad,Mass Market,Savings,Withdrawal,888.38,17864.37,782,No,None,0,0,No Loan,Low,Savings Account,Mobile App,Active,No,3,,
1002046,11885,502046,14-04-2024,34,Female,Ahmedabad,Affluent,Savings,Transfer,14807.54,35634.42,726,No,None,0,0,No Loan,Medium,Home Loan,Branch,Dormant,No,4,,
1000666,10435,500666,06-06-2024,39,Male,Kolkata,Mass Market,Savings,Transfer,4128.11,35267.58,686,Yes,Home,136260.17,15.87,Active,Medium,Savings Account,Mobile App,Inactive,No,4,,
1003951,11789,503951,11-12-2025,44,Male,Lucknow,Premium,Savings,UPI Payment,5410.54,29692.57,721,Yes,Home,13977.8,10.94,Defaulted,Medium,Fixed Deposit,Mobile App,Inactive,No,5,,
1002654,11788,502654,10-07-2025,28,Female,Pune,Premium,Current,Withdrawal,2766.66,27474.4,663,No,None,0,0,No Loan,Medium,Insurance,Phone Banking,Active,No,5,,
1001927,11094,501927,15-09-2024,29,Male,Hyderabad,Affluent,Savings,ATM,2314.56,10300.88,695,Yes,Home,142540.29,15.39,Active,Medium,Insurance,Internet Banking,Active,No,5,,
1004276,11852,504276,22-12-2024,42,Female,Delhi,Premium,Current,Deposit,1825.65,11813.73,836,No,None,0,0,No Loan,Low,Investment,Branch,Active,No,4,,
1002182,11247,502182,24-03-2024,40,Female,Delhi,Mass Market,Salary,Deposit,7744.79,5804.13,649,No,None,0,0,No Loan,High,Home Loan,Internet Banking,Dormant,No,3,,
1001018,10148,501018,28-04-2025,53,Male,Lucknow,Mass Market,Savings,UPI Payment,3182.38,43337.39,728,Yes,Business,55971.1,8.49,Closed,Medium,Fixed Deposit,Internet Banking,Active,No,5,,
1000558,12106,500558,24-03-2026,33,Male,Mumbai,Mass Market,Savings,Withdrawal,5890.58,11398.45,690,No,None,0,0,No Loan,Medium,Savings Account,ATM,Active,No,4,,
1002415,11244,502415,03-05-2026,34,Male,Ahmedabad,Mass Market,Current,Card Payment,6516.98,75002.86,614,No,None,0,0,No Loan,High,Savings Account,Internet Banking,Active,No,3,,
1001208,10778,501208,31-01-2026,33,Male,Chennai,Mass Market,Current,ATM,1682.73,7329.72,661,No,None,0,0,No Loan,Medium,Fixed Deposit,Internet Banking,Active,No,5,,
1003868,12145,503868,21-01-2024,21,Male,Hyderabad,Mass Market,Salary,Transfer,15770.9,6222.3,603,Yes,Business,66694.64,7.96,Active,High,Personal Loan,Mobile App,Dormant,No,4,,
1002672,10281,502672,07-11-2025,41,Male,Lucknow,Premium,Current,Transfer,4916.62,36779,843,Yes,Auto,38156.08,13.6,Defaulted,Low,Personal Loan,ATM,Inactive,No,4,,
1004380,10315,504380,28-07-2024,41,Male,Bengaluru,Mass Market,Savings,UPI Payment,7928.41,32921.26,630,No,None,0,0,No Loan,High,Investment,Mobile App,Active,No,5,,
1001511,12434,501511,24-12-2025,48,Female,Jaipur,Mass Market,Current,UPI Payment,5487.41,3294.59,680,No,None,0,0,No Loan,Medium,Credit Card,Branch,Inactive,No,4,,
1004288,10688,504288,31-01-2024,35,Female,Mumbai,Affluent,Savings,Transfer,2179.23,8393.9,701,No,None,0,0,No Loan,Medium,Fixed Deposit,Branch,Inactive,No,5,,
1000246,10099,500246,29-09-2024,44,Female,Lucknow,Premium,Savings,UPI Payment,1566.8,41745.24,697,No,None,0,0,No Loan,Medium,Insurance,Mobile App,Active,No,4,,
1001164,11763,501164,27-05-2025,21,Female,Hyderabad,Affluent,Savings,Transfer,3469.9,25396.91,689,Yes,Education,92273.15,7.45,Active,Medium,Insurance,Mobile App,Active,No,5,,
1004400,11491,504400,10-10-2025,21,Female,Hyderabad,Mass Market,Fixed Deposit,Withdrawal,1960.75,11487.17,646,No,None,0,0,No Loan,High,Investment,Internet Banking,Dormant,No,4,,
1000267,10955,500267,25-02-2025,40,Male,Delhi,Affluent,Savings,UPI Payment,3569.02,39013.67,630,No,None,0,0,No Loan,High,Fixed Deposit,Mobile App,Active,No,5,,
1003075,10696,503075,06-03-2024,36,Male,Delhi,Affluent,Savings,Deposit,941.56,74890.52,723,No,None,0,0,No Loan,Medium,Fixed Deposit,Internet Banking,Active,No,4,,
1001115,12052,501115,25-09-2025,22,Male,Ahmedabad,Mass Market,Savings,Deposit,6559.85,11328.54,760,No,None,0,0,No Loan,Low,Personal Loan,Mobile App,Active,No,5,,
1000064,10996,500064,12-02-2025,21,Male,Lucknow,Mass Market,Current,UPI Payment,3478.21,21987.45,701,No,None,0,0,No Loan,Medium,Credit Card,Internet Banking,Active,No,5,,
1002608,11699,502608,24-09-2024,38,Female,Bengaluru,Mass Market,Salary,UPI Payment,4904.4,29253.58,706,No,None,0,0,No Loan,Medium,Investment,Internet Banking,Active,No,4,,
1004972,11410,504972,23-08-2025,29,Male,Kolkata,Affluent,Savings,Card Payment,2712.4,9731.02,808,No,None,0,0,No Loan,Low,Investment,Mobile App,Active,No,4,,
1002979,11378,502979,23-03-2026,37,Male,Kolkata,Premium,Savings,Transfer,3551.53,130299.77,713,No,None,0,0,No Loan,Medium,Insurance,Mobile App,Active,No,5,,
1003027,10883,503027,02-01-2024,21,Male,Chennai,Affluent,Current,ATM,2815.3,6988.38,633,No,None,0,0,No Loan,High,Savings Account,Mobile App,Inactive,No,4,,
1003092,10201,503092,13-03-2024,39,Male,Lucknow,Mass Market,Savings,Card Payment,947.82,30198.54,778,No,None,0,0,No Loan,Low,Credit Card,ATM,Active,No,4,,
1003920,11002,503920,04-06-2024,37,Female,Jaipur,Mass Market,Fixed Deposit,Deposit,403.13,19988.28,703,No,None,0,0,No Loan,Medium,Credit Card,ATM,Dormant,No,5,,
1004352,10699,504352,22-03-2026,59,Male,Hyderabad,Mass Market,Savings,UPI Payment,3077.54,21791.9,638,No,None,0,0,No Loan,High,Investment,Internet Banking,Active,Yes,3,,
1002275,10515,502275,01-04-2024,21,Male,Chennai,Premium,Salary,Transfer,410.79,53770.39,776,Yes,Personal,51751.68,12.5,Closed,Low,Fixed Deposit,Mobile App,Active,No,5,,
1002578,11595,502578,20-12-2024,53,Male,Mumbai,Premium,Savings,UPI Payment,3291.77,83136.28,709,Yes,Education,26816.87,9.07,Approved,Medium,Home Loan,Internet Banking,Active,Yes,1,,
1003517,11958,503517,30-09-2025,31,Female,Kolkata,Premium,Savings,Withdrawal,2599.5,47600.87,724,Yes,Personal,51967.49,15.17,Active,Medium,Personal Loan,Phone Banking,Inactive,No,4,,
1001238,10921,501238,10-03-2025,29,Female,Ahmedabad,Premium,Current,Deposit,9786.63,8911.68,677,Yes,Auto,105409.57,7.16,Approved,Medium,Insurance,Internet Banking,Dormant,No,5,,
1000104,10805,500104,08-01-2024,34,Female,Delhi,Mass Market,Salary,UPI Payment,2391.61,47387.27,643,No,None,0,0,No Loan,High,Insurance,Internet Banking,Active,No,5,,
1002659,12267,502659,31-03-2024,35,Female,Bengaluru,Affluent,Savings,Withdrawal,16876.99,45590.88,768,No,None,0,0,No Loan,Low,Insurance,Branch,Active,No,4,,
1000273,10563,500273,04-10-2024,29,Male,Hyderabad,Mass Market,Current,Card Payment,635.8,19078.31,760,No,None,0,0,No Loan,Low,Insurance,ATM,Active,No,3,,
1000509,12218,500509,01-01-2024,23,Female,Jaipur,Mass Market,Salary,Deposit,767.73,128988.84,653,No,None,0,0,No Loan,Medium,Savings Account,Internet Banking,Active,No,5,,
1004347,12054,504347,10-05-2026,31,Male,Kolkata,Mass Market,Current,Card Payment,7902.68,30379.9,659,No,None,0,0,No Loan,Medium,Savings Account,Mobile App,Active,No,3,,
1004944,10554,504944,01-05-2025,38,Female,Lucknow,Affluent,Savings,Card Payment,518.07,25414.72,850,No,None,0,0,No Loan,Low,Fixed Deposit,Mobile App,Active,No,5,,
1004075,11094,504075,16-12-2025,48,Female,Kolkata,Affluent,Savings,Withdrawal,7202.87,65393.67,773,No,None,0,0,No Loan,Low,Fixed Deposit,Internet Banking,Active,No,4,,
1000866,12366,500866,30-05-2024,25,Female,Pune,Mass Market,Current,Deposit,9614.93,26265.82,594,No,None,0,0,No Loan,High,Savings Account,ATM,Active,No,5,,
1004198,10942,504198,09-07-2026,43,Female,Lucknow,Affluent,Salary,Withdrawal,1190.3,67311.56,721,No,None,0,0,No Loan,Medium,Home Loan,Mobile App,Active,No,5,,
1000909,11670,500909,19-11-2024,35,Female,Ahmedabad,Affluent,Fixed Deposit,ATM,2282.64,11792.26,616,No,None,0,0,No Loan,High,Personal Loan,Branch,Active,No,5,,
1003476,12039,503476,02-11-2025,24,Male,Kolkata,Mass Market,Savings,UPI Payment,18174.02,23767.98,748,No,None,0,0,No Loan,Medium,Insurance,ATM,Active,No,3,,
1004110,12047,504110,14-05-2025,42,Female,Chennai,Premium,Salary,Transfer,841.56,94331.59,747,No,None,0,0,No Loan,Medium,Fixed Deposit,Mobile App,Active,No,5,,
1003915,10019,503915,13-07-2026,34,Male,Hyderabad,Mass Market,Savings,UPI Payment,1895.08,4181.25,747,No,None,0,0,No Loan,Medium,Personal Loan,Mobile App,Active,Yes,5,,
1001628,10956,501628,17-01-2026,48,Female,Bengaluru,Mass Market,Current,Card Payment,1204.5,17408.17,780,Yes,Education,123159.52,10.19,Active,Low,Investment,Mobile App,Active,No,5,,
1004973,11695,504973,30-08-2026,34,Male,Jaipur,Affluent,Salary,Deposit,9080.22,164667.02,569,Yes,Education,91286.47,14.76,Active,High,Fixed Deposit,Phone Banking,Inactive,No,5,,
1001523,10166,501523,07-02-2025,41,Female,Lucknow,Premium,Current,UPI Payment,835.91,7450.51,637,Yes,Personal,63212.57,9.16,Approved,High,Insurance,Branch,Active,No,5,,
1000836,12049,500836,31-12-2024,48,Male,Delhi,Premium,Current,Card Payment,2679.2,23398.19,718,No,None,0,0,No Loan,Medium,Insurance,Internet Banking,Active,No,4,,
1000359,10992,500359,18-01-2026,35,Male,Jaipur,Affluent,Savings,UPI Payment,8437.76,16058,724,No,None,0,0,No Loan,Medium,Personal Loan,Internet Banking,Active,No,4,,
1000139,11664,500139,29-07-2024,38,Female,Hyderabad,Mass Market,Savings,Card Payment,879.34,36363.63,675,No,None,0,0,No Loan,Medium,Fixed Deposit,Branch,Active,No,4,,
1000300,11140,500300,11-03-2024,46,Male,Ahmedabad,Affluent,Savings,UPI Payment,1390.86,24379.06,742,No,None,0,0,No Loan,Medium,Credit Card,Phone Banking,Active,No,4,,
1001557,10106,501557,10-04-2026,42,Female,Ahmedabad,Affluent,Savings,UPI Payment,1741.07,10679.36,651,No,None,0,0,No Loan,Medium,Home Loan,Internet Banking,Active,No,4,,
1001004,10710,501004,31-12-2025,39,Female,Mumbai,Premium,Savings,UPI Payment,4006.1,99496.87,691,No,None,0,0,No Loan,Medium,Home Loan,ATM,Active,No,4,,
1000383,10513,500383,23-06-2026,38,Male,Jaipur,Mass Market,Current,Withdrawal,18724.91,69724.05,642,No,None,0,0,No Loan,High,Personal Loan,ATM,Dormant,No,4,,
1000942,11956,500942,05-06-2025,49,Male,Lucknow,Premium,Savings,Card Payment,4283.21,265088.37,833,No,None,0,0,No Loan,Low,Fixed Deposit,Internet Banking,Active,No,5,,
1004228,11547,504228,20-03-2024,55,Male,Lucknow,Mass Market,Savings,Withdrawal,1425.32,13887.88,645,No,None,0,0,No Loan,High,Insurance,Mobile App,Active,No,4,,
1004553,10192,504553,24-12-2024,21,Male,Kolkata,Mass Market,Savings,UPI Payment,4679.45,37821.2,783,No,None,0,0,No Loan,Low,Insurance,Internet Banking,Active,No,4,,
1000762,10485,500762,11-06-2025,34,Female,Bengaluru,Mass Market,Savings,UPI Payment,1702.81,24138.11,796,No,None,0,0,No Loan,Low,Savings Account,ATM,Inactive,No,4,,
1001731,12475,501731,25-09-2025,41,Male,Hyderabad,Affluent,Savings,UPI Payment,3528.2,60548.43,628,No,None,0,0,No Loan,High,Insurance,Mobile App,Active,No,4,,
1002824,10584,502824,17-09-2024,54,Male,Lucknow,Mass Market,Salary,UPI Payment,3038,18741.74,791,No,None,0,0,No Loan,Low,Savings Account,Phone Banking,Active,No,4,,
1004731,11217,504731,04-07-2024,25,Female,Ahmedabad,Premium,Salary,Transfer,2019.39,13604.06,661,No,None,0,0,No Loan,Medium,Credit Card,Branch,Active,No,3,,
1002102,10901,502102,15-01-2026,37,Female,Kolkata,Affluent,Salary,Deposit,57734.99,26964.42,713,Yes,Personal,124052.27,9.14,Closed,Medium,Personal Loan,Mobile App,Active,No,5,,
1004609,10657,504609,12-02-2026,38,Female,Bengaluru,Mass Market,Savings,UPI Payment,934.36,43652.06,813,No,None,0,0,No Loan,Low,Home Loan,Internet Banking,Active,No,3,,
1000899,12191,500899,06-04-2026,38,Male,Mumbai,Mass Market,Fixed Deposit,UPI Payment,8104.03,22618.72,737,No,None,0,0,No Loan,Medium,Credit Card,Mobile App,Active,No,5,,
1004018,11854,504018,27-08-2024,42,Female,Chennai,Affluent,Savings,Transfer,5274.76,95229.57,774,No,None,0,0,No Loan,Low,Fixed Deposit,Internet Banking,Inactive,No,4,,
1003803,10390,503803,09-05-2026,27,Other,Jaipur,Premium,Salary,Deposit,11485.3,37873.02,564,No,None,0,0,No Loan,High,Savings Account,Internet Banking,Active,No,3,,
1001403,11257,501403,24-10-2025,41,Female,Pune,Premium,Current,UPI Payment,14806.91,7099.8,766,No,None,0,0,No Loan,Low,Savings Account,Mobile App,Active,No,5,,
1002380,10973,502380,08-03-2026,49,Male,Delhi,Premium,Savings,UPI Payment,1734.61,8569.66,642,Yes,Personal,33322.39,10.54,Active,High,Fixed Deposit,ATM,Active,Yes,3,,
1003804,10295,503804,16-05-2026,35,Male,Pune,Mass Market,Savings,Deposit,2539.21,48974.23,728,No,None,0,0,No Loan,Medium,Credit Card,Branch,Active,No,4,,
1004397,12005,504397,04-07-2026,33,Male,Jaipur,Mass Market,Current,ATM,1409.67,84323.42,786,No,None,0,0,No Loan,Low,Personal Loan,Branch,Active,No,4,,
1002971,12353,502971,09-05-2025,27,Female,Chennai,Affluent,Fixed Deposit,Transfer,6247.28,65398.59,803,Yes,Personal,28706.71,11.87,Closed,Low,Personal Loan,Branch,Inactive,No,5,,
1001513,10584,501513,10-07-2025,42,Female,Chennai,Premium,Savings,Withdrawal,4541.89,74980.53,850,No,None,0,0,No Loan,Low,Home Loan,Internet Banking,Active,Yes,4,,
1001189,11637,501189,25-02-2024,45,Male,Hyderabad,Mass Market,Fixed Deposit,Deposit,2021.03,8345.44,760,No,None,0,0,No Loan,Low,Insurance,Mobile App,Active,No,4,,
1003771,10069,503771,28-06-2026,46,Male,Hyderabad,Mass Market,Savings,Deposit,8937.46,83057.44,663,Yes,Personal,103625.22,9.37,Active,Medium,Home Loan,ATM,Active,No,5,,
1004929,12230,504929,25-10-2024,39,Male,Chennai,Premium,Savings,Withdrawal,720.41,20047.43,609,No,None,0,0,No Loan,High,Home Loan,Branch,Active,No,4,,
1003895,10638,503895,25-08-2026,30,Male,Mumbai,Premium,Current,Withdrawal,2612.82,64445.18,762,No,None,0,0,No Loan,Low,Fixed Deposit,Mobile App,Dormant,No,4,,
1003949,12219,503949,29-10-2025,30,Male,Mumbai,Mass Market,Current,Deposit,3041.14,38479.04,626,No,None,0,0,No Loan,High,Fixed Deposit,Internet Banking,Active,Yes,2,,
1000109,11486,500109,10-05-2024,26,Female,Chennai,Affluent,Savings,UPI Payment,1233.22,15220.5,676,Yes,Business,74626.29,12.07,Closed,Medium,Insurance,Mobile App,Active,No,5,,
1002749,11574,502749,10-02-2026,49,Male,Delhi,Mass Market,Savings,Transfer,1147.06,23248.05,690,Yes,Education,110951.68,7.34,Closed,Medium,Personal Loan,Internet Banking,Inactive,No,,,
1002324,10162,502324,28-04-2026,41,Female,Chennai,Affluent,Savings,Card Payment,991.89,74484.01,601,Yes,Auto,92136.7,14.23,Active,High,Credit Card,ATM,Dormant,No,5,,
1003504,10279,503504,28-05-2024,27,Male,Pune,Affluent,Salary,Withdrawal,806.9,12048.74,712,No,None,0,0,No Loan,Medium,Investment,ATM,Active,No,4,,
1000059,12450,500059,06-10-2025,23,Female,Mumbai,Premium,Savings,Withdrawal,745.77,108479.92,755,Yes,Business,37635.45,10.27,Active,Low,Savings Account,Mobile App,Inactive,No,5,,
1000077,12236,500077,28-07-2026,45,Male,Pune,Affluent,Savings,Deposit,5455.76,123999.92,652,No,None,0,0,No Loan,Medium,Investment,Branch,Active,No,4,,
1000797,11606,500797,15-01-2025,44,Male,Kolkata,Mass Market,Current,Deposit,2572.65,20424.35,667,No,None,0,0,No Loan,Medium,Insurance,Branch,Dormant,No,3,,
1000369,10831,500369,29-08-2025,42,Female,Delhi,Mass Market,Savings,Withdrawal,3084.27,9865.86,776,Yes,Business,173825.03,10.03,Active,Low,Fixed Deposit,Mobile App,Dormant,No,5,,
1004916,10908,504916,05-12-2024,24,Male,Jaipur,Mass Market,Salary,Card Payment,5906.03,20991.38,687,No,None,0,0,No Loan,Medium,Personal Loan,ATM,Inactive,No,4,,
1000786,11542,500786,17-02-2024,28,Female,Delhi,Premium,Salary,Card Payment,2531.29,8679.68,712,Yes,Home,51090.6,13.47,Closed,Medium,Credit Card,Mobile App,Active,Yes,4,,
1002104,12261,502104,15-06-2024,42,Male,Lucknow,Mass Market,Savings,Deposit,1167.02,32964.53,669,Yes,Home,54331.14,8.06,Defaulted,Medium,Insurance,ATM,Active,No,4,,
1004392,10498,504392,24-09-2025,39,Female,Ahmedabad,Affluent,Savings,ATM,3521,19414.73,625,Yes,Education,127846.76,8.16,Active,High,Credit Card,ATM,Active,No,5,,
1002035,10537,502035,02-01-2025,23,Male,Delhi,Mass Market,Savings,UPI Payment,594.17,107737.11,704,No,None,0,0,No Loan,Medium,Investment,Mobile App,Active,No,5,,
1002124,11588,502124,08-03-2025,34,Male,Jaipur,Mass Market,Salary,Transfer,5085.57,80364.61,816,No,None,0,0,No Loan,Low,Investment,Mobile App,Dormant,Yes,1,,
1003779,11338,503779,03-12-2025,24,,Lucknow,Mass Market,Savings,Deposit,5046.21,224188.68,778,Yes,Home,56107.99,12.47,Closed,Low,Personal Loan,Internet Banking,Active,No,5,,
1002414,11366,502414,10-06-2026,40,Female,Hyderabad,Mass Market,Salary,UPI Payment,5575.49,83286.17,641,No,None,0,0,No Loan,High,Home Loan,ATM,Active,Yes,1,,
1001729,11209,501729,17-06-2024,47,Female,Mumbai,Mass Market,Current,Deposit,4553.06,29350.76,601,No,None,0,0,No Loan,High,Savings Account,ATM,Active,No,4,,
1000122,10096,500122,30-08-2024,30,Female,Chennai,Affluent,Savings,UPI Payment,396.44,12182.69,687,No,None,0,0,No Loan,Medium,Savings Account,Internet Banking,Active,No,5,,
1001871,11244,501871,18-08-2025,22,Female,Kolkata,Mass Market,Current,Withdrawal,12415.11,11090.13,656,Yes,Home,137045.06,14.74,Closed,Medium,Personal Loan,Internet Banking,Inactive,No,4,,
1002385,11901,502385,27-07-2024,40,Male,Ahmedabad,Affluent,Savings,UPI Payment,1785.16,45714.34,730,No,None,0,0,No Loan,Medium,Home Loan,Phone Banking,Active,No,5,,
1003661,10361,503661,24-10-2025,40,Male,Ahmedabad,Mass Market,Savings,Deposit,2905.81,36647.61,,No,None,0,0,No Loan,Medium,Fixed Deposit,Mobile App,Active,No,5,,
1000911,11203,500911,04-08-2024,35,Female,Lucknow,Mass Market,Savings,Card Payment,962.99,65127.8,805,No,None,0,0,No Loan,Low,Credit Card,Phone Banking,Inactive,No,5,,
1000125,12279,500125,15-11-2025,38,Male,Bengaluru,Affluent,Current,Withdrawal,8864.91,12811.43,743,Yes,Education,62783.05,8.12,Approved,Medium,Fixed Deposit,Internet Banking,Active,No,5,,
1004478,10897,504478,31-07-2024,38,Female,Hyderabad,Mass Market,Savings,UPI Payment,4452.72,16036.27,625,No,None,0,0,No Loan,High,Investment,Internet Banking,Active,No,4,,
1001587,10895,501587,05-06-2024,33,Male,Bengaluru,Affluent,Savings,ATM,567.16,69933.93,682,Yes,Home,15784.03,15.32,Defaulted,Medium,Fixed Deposit,Mobile App,Active,No,4,,
1001258,10318,501258,08-08-2026,35,Female,Mumbai,Affluent,Savings,UPI Payment,1444.42,4941.3,715,Yes,Personal,85539.42,13.79,Active,Medium,Personal Loan,Internet Banking,Dormant,No,5,,
1003457,10105,503457,08-04-2024,40,Female,Pune,High Net Worth,Salary,Deposit,5079.69,69867.46,707,Yes,Auto,52454.86,10.04,Closed,Medium,Personal Loan,Mobile App,Active,No,4,,
1003497,10040,503497,18-11-2024,23,Male,Kolkata,Mass Market,Savings,Withdrawal,3102.47,36307,693,No,None,0,0,No Loan,Medium,Savings Account,Phone Banking,Inactive,No,4,,
1003399,11835,503399,03-08-2026,21,Male,Bengaluru,Mass Market,Salary,Transfer,2164.7,19635.9,708,No,None,0,0,No Loan,Medium,Credit Card,Mobile App,Active,No,5,,
1001179,12090,501179,15-08-2024,42,Female,Hyderabad,Affluent,Savings,Transfer,166.3,5661.62,811,No,None,0,0,No Loan,Low,Personal Loan,Mobile App,Inactive,No,4,,
1002856,12498,502856,20-09-2025,52,Male,Delhi,Affluent,Salary,Card Payment,1183.59,37671.88,656,No,None,0,0,No Loan,Medium,Investment,ATM,Active,No,3,,
1003486,10221,503486,19-08-2024,32,Female,Lucknow,High Net Worth,Salary,Transfer,12487.27,48960.58,681,Yes,Personal,30099.87,8.42,Active,Medium,Home Loan,Phone Banking,Active,No,4,,
1004589,11463,504589,24-05-2026,50,Male,Jaipur,Affluent,Salary,Deposit,7912.1,28573.67,714,No,None,0,0,No Loan,Medium,Savings Account,Mobile App,Active,No,5,,
1002119,11792,502119,21-03-2025,41,Female,Bengaluru,Mass Market,Salary,Transfer,1826.75,41963.1,819,Yes,Education,125116.97,13.41,Closed,Low,Personal Loan,Internet Banking,Active,No,4,,
1000443,12083,500443,08-03-2025,49,Male,Pune,Mass Market,Salary,UPI Payment,6146.61,13509.01,671,Yes,Home,229128.29,10.98,Active,Medium,Investment,ATM,Active,No,3,,
1003101,11099,503101,28-06-2026,21,Female,Bengaluru,Mass Market,Current,UPI Payment,4698.42,16287.69,778,No,None,0,0,No Loan,Low,Investment,ATM,Dormant,Yes,4,,
1002887,11820,502887,02-07-2025,50,Male,Kolkata,Mass Market,Salary,UPI Payment,19541.23,62243.62,772,No,None,0,0,No Loan,Low,Investment,Mobile App,Active,No,5,,
1000926,12244,500926,20-04-2024,35,Female,Jaipur,Premium,Savings,Deposit,2979.64,29597.32,682,No,None,0,0,No Loan,Medium,Savings Account,Branch,Active,No,3,,
1002348,10831,502348,26-02-2025,34,Male,Pune,Affluent,Savings,UPI Payment,3258.65,3629.19,681,No,None,0,0,No Loan,Medium,Home Loan,Branch,Active,No,4,,
1002375,10500,502375,26-02-2024,23,Male,Ahmedabad,Mass Market,Salary,Transfer,4484.38,20388,719,No,None,0,0,No Loan,Medium,Savings Account,Mobile App,Dormant,No,4,,
1004781,12102,504781,13-10-2024,38,Male,Jaipur,Affluent,Current,Deposit,5793.82,30578.78,722,No,None,0,0,No Loan,Medium,Insurance,Internet Banking,Active,No,3,,
1001412,12462,501412,08-09-2025,34,Male,Chennai,Affluent,Savings,Withdrawal,3297.53,50652.07,805,No,None,0,0,No Loan,Low,Credit Card,ATM,Active,No,5,,
1003483,10874,503483,14-06-2024,41,Male,Delhi,Mass Market,Current,Transfer,3058.46,179496.31,645,No,None,0,0,No Loan,High,Insurance,Mobile App,Active,No,4,,
1003023,11961,503023,09-06-2024,39,Female,Ahmedabad,Premium,Salary,UPI Payment,4217.05,42438.43,670,No,None,0,0,No Loan,Medium,Fixed Deposit,Mobile App,Active,No,4,,
1001510,10117,501510,10-05-2025,21,Male,Mumbai,Affluent,Fixed Deposit,Transfer,11024.37,24817.07,756,No,None,0,0,No Loan,Low,Personal Loan,Mobile App,Active,No,3,,
1001228,11297,501228,28-12-2024,40,Female,Pune,Mass Market,Savings,Transfer,10446.52,240801.02,659,No,None,0,0,No Loan,Medium,Credit Card,Mobile App,Active,No,4,,
1003619,10452,503619,02-06-2026,48,Male,Bengaluru,Affluent,Savings,Withdrawal,3092.01,124700.66,725,No,None,0,0,No Loan,Medium,Home Loan,Mobile App,Active,No,4,,
1002371,12185,502371,14-01-2024,60,Male,Kolkata,Mass Market,Savings,UPI Payment,2354.5,26097.49,637,No,None,0,0,No Loan,High,Insurance,Mobile App,Active,No,4,,
1003529,11933,503529,26-12-2025,36,Female,Pune,Mass Market,Savings,Deposit,7480.13,26777.11,775,No,None,0,0,No Loan,Low,Insurance,Mobile App,Active,No,5,,
1002165,10366,502165,23-04-2024,29,Female,Kolkata,Mass Market,Savings,Card Payment,2501.64,4518.15,616,No,None,0,0,No Loan,High,Investment,Branch,Active,No,5,,
1003296,10484,503296,04-04-2026,56,Female,Hyderabad,Mass Market,Current,Card Payment,11547.49,21773.27,654,No,None,0,0,No Loan,Medium,Insurance,Internet Banking,Inactive,No,4,,
1000325,12456,500325,01-02-2026,30,Male,Hyderabad,Mass Market,Fixed Deposit,Transfer,1894.63,48041.07,603,Yes,Business,90079.11,14.5,Closed,High,Savings Account,Mobile App,Active,No,5,,
1003095,12242,503095,14-07-2025,31,Male,Kolkata,Mass Market,Savings,Deposit,1119.82,98110,763,No,None,0,0,No Loan,Low,Savings Account,Internet Banking,Active,No,4,,
1003272,10884,503272,16-12-2025,48,Female,Kolkata,Premium,Current,UPI Payment,2895.02,51709.88,698,No,None,0,0,No Loan,Medium,Investment,ATM,Active,No,5,,
1002037,11980,502037,12-08-2025,36,Female,Kolkata,Affluent,Savings,UPI Payment,4685.31,25587.62,760,No,None,0,0,No Loan,Low,Fixed Deposit,Phone Banking,Active,No,4,,
1003314,11242,503314,27-01-2024,33,Male,Bengaluru,Mass Market,Savings,Deposit,921.4,26543.1,722,Yes,Business,80135.07,14.27,Closed,Medium,Personal Loan,Internet Banking,Active,No,4,,
1003051,10163,503051,17-08-2025,25,Female,Jaipur,Mass Market,Savings,ATM,1233.4,66413.28,783,No,None,0,0,No Loan,Low,Investment,Internet Banking,Active,No,5,,
1001499,11560,501499,06-12-2024,44,Male,Bengaluru,Premium,Salary,Card Payment,1819.52,25411.35,677,No,None,0,0,No Loan,Medium,Savings Account,ATM,Active,No,,,
1001503,11260,501503,13-07-2026,28,Female,Kolkata,Affluent,Fixed Deposit,Transfer,7759.43,135344.6,786,No,None,0,0,No Loan,Low,Investment,Internet Banking,Active,No,4,,
1001007,12225,501007,24-08-2026,44,Male,Kolkata,Mass Market,Salary,Withdrawal,10955.33,8503.27,,No,None,0,0,No Loan,High,Insurance,Internet Banking,Active,No,5,,
1002635,12049,502635,26-06-2025,21,Female,Lucknow,Mass Market,Salary,Withdrawal,1158.71,9218.7,738,No,None,0,0,No Loan,Medium,Credit Card,Internet Banking,Active,No,5,,
1004909,12177,504909,27-01-2025,45,Male,Jaipur,Mass Market,Savings,UPI Payment,1286.05,11635.1,626,No,None,0,0,No Loan,High,Home Loan,Mobile App,Active,No,5,,
1003533,11136,503533,27-01-2025,44,Female,Bengaluru,Mass Market,Savings,Card Payment,4178.36,63021.59,737,No,None,0,0,No Loan,Medium,Savings Account,Mobile App,Active,No,5,,
1001468,10869,501468,10-04-2024,43,Male,Pune,Mass Market,Salary,Deposit,788.69,63901.24,724,No,None,0,0,No Loan,Medium,Home Loan,Mobile App,Active,No,5,,
1001226,11467,501226,21-02-2024,25,Female,Chennai,High Net Worth,Current,ATM,7634.61,55002.89,656,No,None,0,0,No Loan,Medium,Fixed Deposit,Phone Banking,Inactive,No,5,,
1002006,11453,502006,01-12-2024,46,Female,Chennai,Premium,Savings,ATM,11359.1,4434.45,645,No,None,0,0,No Loan,High,Insurance,Mobile App,Active,No,5,,
1002283,12350,502283,24-11-2025,38,Male,Pune,Mass Market,Savings,UPI Payment,960.55,69198.25,791,No,None,0,0,No Loan,Low,Insurance,ATM,Active,No,5,,
1002111,10164,502111,05-05-2026,34,Other,Delhi,Affluent,Salary,Card Payment,375.91,16243.83,611,Yes,Auto,195910.4,14.32,Active,High,Credit Card,Branch,Dormant,No,4,,
1001217,10137,501217,13-02-2026,31,Female,Hyderabad,Mass Market,Salary,UPI Payment,1520.63,16957.02,609,No,None,0,0,No Loan,High,Insurance,Mobile App,Active,No,5,,
1003995,11718,503995,20-05-2026,32,Male,Jaipur,Affluent,Salary,UPI Payment,6154.58,14328.21,731,No,None,0,0,No Loan,Medium,Fixed Deposit,Mobile App,Active,No,4,,
1004287,11113,504287,12-09-2025,44,Male,Mumbai,Premium,Current,Deposit,1361.29,15841.85,850,No,None,0,0,No Loan,Low,Personal Loan,ATM,Active,Yes,3,,
1000421,10336,500421,27-08-2025,34,Male,Hyderabad,Affluent,Savings,Card Payment,1022.29,19048.58,710,No,None,0,0,No Loan,Medium,Investment,Internet Banking,Active,No,5,,
1003438,12452,503438,30-04-2024,45,Male,Delhi,Affluent,Salary,Card Payment,20835.06,13195.89,765,No,None,0,0,No Loan,Low,Investment,Internet Banking,Active,Yes,4,,
1000007,10467,500007,27-03-2025,58,Male,Ahmedabad,Mass Market,Current,Withdrawal,11137.7,70823.84,708,Yes,Education,238871.1,12.25,Active,Medium,Insurance,Internet Banking,Active,Yes,1,,
1000933,10815,500933,14-05-2025,27,Male,Bengaluru,Premium,Savings,Deposit,2292.33,5807.01,723,No,None,0,0,No Loan,Medium,Insurance,ATM,Active,No,5,,
1001692,12004,501692,22-05-2024,25,Male,Bengaluru,Affluent,Savings,Withdrawal,2991.53,63332.9,666,Yes,Education,132086.37,10.54,Active,Medium,Personal Loan,Mobile App,Active,Yes,1,,
1000440,10012,500440,07-08-2024,27,Female,Bengaluru,Mass Market,Savings,UPI Payment,3148.61,21797.8,723,No,None,0,0,No Loan,Medium,Credit Card,Mobile App,Active,No,4,,
1001314,11777,501314,10-11-2025,38,Female,Pune,Mass Market,Savings,Card Payment,2877.64,76819.75,752,No,None,0,0,No Loan,Low,Fixed Deposit,Branch,Active,No,4,,
1000679,11020,500679,28-07-2026,26,Male,Chennai,Premium,Savings,UPI Payment,5387.79,33521.68,763,Yes,Auto,133511.02,7.69,Active,Low,Insurance,Internet Banking,Dormant,No,5,,
1004180,12214,504180,29-01-2026,48,Female,Delhi,Mass Market,Salary,Transfer,2256.3,142356.42,656,No,None,0,0,No Loan,Medium,Investment,ATM,Active,No,5,,
1004621,11777,504621,07-12-2025,38,Male,Bengaluru,Affluent,Salary,ATM,1227.55,195902.12,704,Yes,Personal,42023.94,12.4,Active,Medium,Home Loan,Mobile App,Active,No,5,,
1002003,10561,502003,11-09-2024,49,,Kolkata,Mass Market,Salary,UPI Payment,9945.37,37369.44,715,Yes,Education,124685.1,10.97,Closed,Medium,Credit Card,Mobile App,Active,No,5,,
1002479,10966,502479,12-05-2024,41,Other,Hyderabad,Mass Market,Salary,ATM,6826.53,26091.05,656,No,None,0,0,No Loan,Medium,Investment,Mobile App,Active,Yes,2,,
1004644,10019,504644,14-05-2025,48,Female,Pune,Mass Market,Current,Transfer,4120.78,186126.56,682,Yes,Business,126223.5,13.19,Closed,Medium,Home Loan,ATM,Active,Yes,4,,
1002903,12071,502903,19-05-2025,31,Male,Lucknow,Mass Market,Salary,UPI Payment,2173.08,16074.17,819,No,None,0,0,No Loan,Low,Investment,Internet Banking,Dormant,No,4,,
1002534,12316,502534,04-01-2024,25,Female,Lucknow,Affluent,Savings,Card Payment,846.23,45979.06,718,No,None,0,0,No Loan,Medium,Savings Account,Mobile App,Active,Yes,1,,
1004943,11398,504943,02-07-2025,49,Female,Jaipur,Affluent,Current,Transfer,1341.15,31747.91,786,Yes,Auto,42704.23,10.85,Closed,Low,Personal Loan,Internet Banking,Active,No,4,,
1004056,10195,504056,26-05-2024,30,Male,Lucknow,Mass Market,Salary,Card Payment,150.93,3277.98,645,No,None,0,0,No Loan,High,Home Loan,Internet Banking,Active,No,3,,
1003942,11338,503942,24-01-2024,33,Female,Chennai,Mass Market,Savings,Card Payment,23524.92,23989.19,744,No,None,0,0,No Loan,Medium,Insurance,Internet Banking,Active,No,5,,
1004255,10039,504255,18-10-2024,42,Female,,Mass Market,Salary,UPI Payment,3079.23,3737.3,743,No,None,0,0,No Loan,Medium,Credit Card,Mobile App,Active,No,5,,
1002793,11214,502793,17-08-2026,49,Male,Ahmedabad,Mass Market,Savings,UPI Payment,1107.46,21533.53,600,No,None,0,0,No Loan,High,Fixed Deposit,Mobile App,Active,No,5,,
1002656,12258,502656,21-11-2024,23,Male,Delhi,Premium,Current,Deposit,4012.95,168762.64,850,No,None,0,0,No Loan,Low,Investment,Internet Banking,Active,No,4,,
1000195,10609,500195,27-10-2025,25,Female,Ahmedabad,Mass Market,Savings,Transfer,1292.59,30934.84,651,Yes,Education,118372.05,15.96,Closed,Medium,Fixed Deposit,Branch,Active,No,5,,
1001475,10934,501475,09-12-2024,21,Female,Chennai,Mass Market,Salary,Card Payment,3482.27,92004.46,794,No,None,0,0,No Loan,Low,Fixed Deposit,ATM,Active,Yes,4,,
1004297,10679,504297,25-10-2024,43,Female,Ahmedabad,Mass Market,Savings,Transfer,4430.87,58254.55,711,No,None,0,0,No Loan,Medium,Fixed Deposit,ATM,Active,No,5,,
1001212,11818,501212,14-04-2026,39,Female,Pune,Mass Market,Current,UPI Payment,1572.87,32960.36,721,No,None,0,0,No Loan,Medium,Personal Loan,Mobile App,Inactive,No,,,
1002756,12396,502756,06-04-2024,36,Female,Mumbai,Mass Market,Salary,Deposit,2109.16,12561.35,729,No,None,0,0,No Loan,Medium,Savings Account,Internet Banking,Active,No,5,,
1001658,12366,501658,22-02-2026,41,Female,Hyderabad,Mass Market,Fixed Deposit,Deposit,3686.41,53868.53,801,Yes,Auto,107115.75,11.51,Active,Low,Insurance,Branch,Active,No,4,,
1002716,11694,502716,21-10-2025,35,,Hyderabad,Mass Market,Savings,Card Payment,11903.54,62282.7,694,No,None,0,0,No Loan,Medium,Investment,Mobile App,Inactive,No,4,,
1003035,11611,503035,06-11-2025,25,Female,Lucknow,Mass Market,Savings,Deposit,13585.5,13419.69,732,No,None,0,0,No Loan,Medium,Fixed Deposit,Phone Banking,Inactive,No,5,,
1004095,12075,504095,18-05-2026,39,Male,Delhi,Premium,Current,Transfer,2053.09,185127.12,705,No,None,0,0,No Loan,Medium,Savings Account,Phone Banking,Inactive,No,,,
1003627,10595,503627,04-02-2026,34,Female,Pune,Mass Market,Current,Transfer,7159.23,21627.39,707,Yes,Education,43446.36,13.99,Defaulted,Medium,Investment,Branch,Active,Yes,3,,
1001873,11807,501873,10-03-2025,39,Male,Ahmedabad,Affluent,Salary,Deposit,4435.1,45954.12,653,No,None,0,0,No Loan,Medium,Credit Card,Mobile App,Active,Yes,3,,
1001878,11661,501878,04-02-2026,40,Female,Hyderabad,Mass Market,Current,Card Payment,9548.39,6000.27,698,No,None,0,0,No Loan,Medium,Savings Account,ATM,Active,No,5,,
1001131,10646,501131,20-11-2024,30,Male,Delhi,Mass Market,Fixed Deposit,UPI Payment,11820.34,9194.85,802,Yes,Business,28069.95,9.92,Active,Low,Fixed Deposit,Mobile App,Active,No,5,,
1001462,11711,501462,28-02-2026,33,Male,Hyderabad,Affluent,Current,Withdrawal,941.63,17575.53,849,No,None,0,0,No Loan,Low,Savings Account,Internet Banking,Active,Yes,4,,
1000277,10226,500277,25-11-2024,36,Female,Mumbai,Mass Market,Savings,Card Payment,2218.36,169387.64,724,No,None,0,0,No Loan,Medium,Personal Loan,ATM,Active,No,5,,
1004873,11879,504873,13-06-2024,40,Female,Kolkata,Affluent,Savings,Deposit,1914.6,26403.92,646,Yes,Personal,77237.8,9.46,Active,High,Investment,Mobile App,Active,No,5,,
1002347,11170,502347,16-04-2026,25,Female,Hyderabad,Mass Market,Current,ATM,730.39,9934.82,745,No,None,0,0,No Loan,Medium,Credit Card,ATM,Active,No,5,,
1002312,10871,502312,18-04-2024,38,Female,Ahmedabad,Affluent,Savings,Card Payment,2102.16,68421.39,622,No,None,0,0,No Loan,High,Fixed Deposit,Internet Banking,Dormant,No,4,,
1001303,10825,501303,16-11-2024,34,Female,Ahmedabad,Mass Market,Savings,ATM,5381.23,43868.27,724,Yes,Home,54937.15,14.8,Closed,Medium,Home Loan,ATM,Inactive,No,5,,
1003065,10022,503065,08-03-2024,35,Female,Delhi,Mass Market,Savings,Transfer,4111.06,181647.81,651,No,None,0,0,No Loan,Medium,Insurance,Branch,Active,No,4,,
1000223,11017,500223,06-06-2025,38,Male,Mumbai,Premium,Fixed Deposit,Transfer,7715.32,20729.85,813,No,None,0,0,No Loan,Low,Credit Card,Branch,Active,No,4,,
1004651,11636,504651,08-08-2026,61,Other,Kolkata,Premium,Savings,UPI Payment,598.57,27713.95,673,No,None,0,0,No Loan,Medium,Fixed Deposit,Branch,Inactive,No,4,,
1004384,10156,504384,05-04-2024,23,Male,Delhi,Affluent,Savings,UPI Payment,3117.51,202813.26,686,Yes,Auto,85407.32,8,Active,Medium,Investment,Phone Banking,Active,No,5,,
1000574,11167,500574,29-04-2026,25,Female,Chennai,Mass Market,Savings,UPI Payment,2891.57,32450.96,596,No,None,0,0,No Loan,High,Investment,Internet Banking,Inactive,No,4,,
1001237,11373,501237,24-10-2024,21,Female,Mumbai,Affluent,Savings,Card Payment,2743.84,528716.45,671,No,None,0,0,No Loan,Medium,Credit Card,Phone Banking,Active,No,4,,
1003561,11112,503561,16-06-2025,29,Female,Pune,Mass Market,Current,Transfer,799.07,18354.37,625,No,None,0,0,No Loan,High,Home Loan,ATM,Active,No,4,,
1003689,10154,503689,13-06-2025,34,Female,Ahmedabad,Mass Market,Fixed Deposit,UPI Payment,2057.13,38131.09,584,Yes,Home,250712.76,12.06,Approved,High,Home Loan,Mobile App,Active,No,4,,
1001335,10921,501335,24-07-2024,45,Male,Bengaluru,Affluent,Salary,UPI Payment,8149.52,76164.78,752,No,None,0,0,No Loan,Low,Fixed Deposit,ATM,Active,No,3,,
1002810,10817,502810,09-05-2025,39,Female,Chennai,Mass Market,Savings,UPI Payment,2640.33,49607.12,577,No,None,0,0,No Loan,High,Fixed Deposit,ATM,Active,No,5,,
1000419,11349,500419,30-05-2026,35,Male,Bengaluru,Premium,Savings,Transfer,5544.45,14535.96,773,No,None,0,0,No Loan,Low,Investment,Mobile App,Active,Yes,3,,
1000268,10470,500268,15-11-2024,57,Female,Delhi,Mass Market,Savings,ATM,8897.08,58212.8,668,Yes,Education,286229.8,13.48,Active,Medium,Credit Card,Mobile App,Dormant,No,5,,
1001105,11304,501105,02-04-2024,46,Male,Bengaluru,Affluent,Savings,UPI Payment,1252.9,11077.54,730,No,None,0,0,No Loan,Medium,Home Loan,Mobile App,Active,No,5,,
1000258,10816,500258,23-12-2024,35,Male,Mumbai,Mass Market,Fixed Deposit,Card Payment,2809.42,103812.17,608,Yes,Auto,421031.01,11.15,Active,High,Personal Loan,Internet Banking,Active,No,4,,
1000296,10181,500296,16-05-2025,37,Female,Kolkata,Mass Market,Salary,Transfer,2027.36,31931.31,719,Yes,Home,355262.04,9.82,Active,Medium,Home Loan,Mobile App,Active,No,5,,
1002532,10307,502532,10-01-2025,28,Male,Lucknow,Affluent,Salary,ATM,3373.68,16311.98,850,Yes,Auto,16839.01,14.46,Approved,Low,Credit Card,Branch,Inactive,No,4,,
1000387,10488,500387,28-01-2026,46,Female,Hyderabad,Mass Market,Current,Card Payment,1191.9,1000,755,No,None,0,0,No Loan,Low,Savings Account,ATM,Active,No,5,,
1003324,10233,503324,11-03-2026,36,Female,,Affluent,Salary,Withdrawal,1855.84,38334.1,647,No,None,0,0,No Loan,High,Savings Account,Mobile App,Active,Yes,3,,
1003106,12093,503106,20-05-2026,25,Female,Mumbai,Mass Market,Salary,Transfer,1277.8,82752.67,702,No,None,0,0,No Loan,Medium,Insurance,ATM,Active,No,5,,
1002575,11126,502575,23-02-2025,34,Female,Bengaluru,Mass Market,Savings,UPI Payment,4065.36,48617.12,689,No,None,0,0,No Loan,Medium,Home Loan,ATM,Active,No,4,,
1004047,12444,504047,08-02-2024,32,Male,Lucknow,Mass Market,Savings,Withdrawal,4772.38,34996.93,741,Yes,Education,93722.38,13.54,Active,Medium,Personal Loan,Mobile App,Active,No,3,,
1004346,12233,504346,29-06-2024,31,Male,Lucknow,Mass Market,Current,Deposit,559.02,8295.4,791,Yes,Home,31007.58,15.86,Defaulted,Low,Personal Loan,Internet Banking,Active,No,3,,
1004129,10019,504129,12-03-2025,32,,Lucknow,Mass Market,Salary,Deposit,13051.03,33920.81,765,No,None,0,0,No Loan,Low,Insurance,Mobile App,Active,No,5,,
1004162,10833,504162,29-09-2024,28,Male,Jaipur,Affluent,Current,Deposit,4893.44,15077.06,776,No,None,0,0,No Loan,Low,Home Loan,Internet Banking,Active,Yes,3,,
1004395,11118,504395,26-08-2025,25,Female,Jaipur,Mass Market,Savings,Transfer,254.18,9193.46,704,No,None,0,0,No Loan,Medium,Investment,Branch,Active,Yes,3,,
1001564,11987,501564,12-12-2025,31,Male,Bengaluru,Mass Market,Savings,Card Payment,6119.53,9037.05,732,No,None,0,0,No Loan,Medium,Home Loan,ATM,Active,No,3,,
1001920,10744,501920,05-01-2024,37,Male,Ahmedabad,Mass Market,Current,Deposit,7588.17,9082.39,636,No,None,0,0,No Loan,High,Fixed Deposit,ATM,Active,Yes,1,,
1001401,11691,501401,17-06-2024,44,Male,Jaipur,Affluent,Fixed Deposit,UPI Payment,2727.67,16260.99,749,No,None,0,0,No Loan,Medium,Fixed Deposit,ATM,Active,No,4,,
1000713,10604,500713,28-01-2024,51,Male,Mumbai,Mass Market,Savings,Card Payment,8601.72,16951.78,737,No,None,0,0,No Loan,Medium,Investment,ATM,Active,No,5,,
1002365,10399,502365,28-12-2025,43,Female,Pune,Affluent,Savings,UPI Payment,1897.13,13093.06,695,Yes,Education,115020.11,12.22,Defaulted,Medium,Credit Card,Mobile App,Active,No,4,,
1002943,12496,502943,28-09-2025,32,Female,Jaipur,Mass Market,Savings,Withdrawal,2195.5,6364.21,737,No,None,0,0,No Loan,Medium,Fixed Deposit,Mobile App,Inactive,No,4,,
1000210,11664,500210,15-01-2025,44,Male,Mumbai,Mass Market,Current,ATM,1125.89,12269.05,728,No,None,0,0,No Loan,Medium,Insurance,ATM,Active,No,4,,
1003962,12473,503962,13-01-2025,44,Female,Delhi,Mass Market,Current,UPI Payment,6910.21,40944.6,731,No,None,0,0,No Loan,Medium,Fixed Deposit,Mobile App,Active,No,4,,
1001290,11464,501290,03-07-2026,39,Female,Delhi,Mass Market,Current,Withdrawal,1540.48,41518.1,686,Yes,Home,34607.28,7.41,Active,Medium,Savings Account,Internet Banking,Active,No,4,,
1002615,11099,502615,04-06-2026,26,Male,Lucknow,Mass Market,Current,ATM,5438.37,12900.49,661,Yes,Education,44734.67,14.04,Active,Medium,Savings Account,Mobile App,Inactive,No,4,,
1000450,10826,500450,27-12-2025,51,Male,Ahmedabad,Mass Market,Current,UPI Payment,2390.61,19062.44,802,No,None,0,0,No Loan,Low,Investment,Internet Banking,Active,No,3,,
1004103,10351,504103,13-04-2024,33,Female,Hyderabad,Mass Market,Fixed Deposit,Deposit,1537.26,38365.65,519,No,None,0,0,No Loan,High,Savings Account,Mobile App,Active,No,3,,
1002585,10930,502585,30-03-2026,34,Female,Mumbai,Affluent,Savings,Withdrawal,485.7,207580.15,850,No,None,0,0,No Loan,Low,Home Loan,Mobile App,Active,No,4,,
1001821,11005,501821,29-04-2024,40,Male,Mumbai,Affluent,Current,Deposit,2796.71,2210.84,677,Yes,Business,28935.42,10.03,Closed,Medium,Insurance,Internet Banking,Active,No,4,,
1000959,11640,500959,21-06-2025,50,Male,Mumbai,Mass Market,Current,Card Payment,2724.8,12488.69,655,Yes,Personal,33952.77,11.75,Closed,Medium,Credit Card,ATM,Active,No,3,,
1001794,11497,501794,09-11-2025,48,Female,Delhi,Mass Market,Savings,Card Payment,2349.58,10356.94,800,Yes,Business,31145.73,7.34,Active,Low,Fixed Deposit,Internet Banking,Active,Yes,3,,
1004952,11307,504952,27-07-2025,33,Male,Bengaluru,Affluent,Salary,Card Payment,7783,116001.19,744,No,None,0,0,No Loan,Medium,Investment,Internet Banking,Active,No,3,,
1000655,11985,500655,03-05-2025,23,Male,Chennai,Mass Market,Salary,Deposit,1920.13,15837.57,724,No,None,0,0,No Loan,Medium,Credit Card,ATM,Active,No,5,,
1002423,11642,502423,09-11-2025,42,Male,Pune,High Net Worth,Salary,ATM,3280.82,35072.89,727,Yes,Home,82520.17,11.37,Active,Medium,Credit Card,ATM,Active,No,4,,
1003871,11030,503871,15-01-2024,41,Male,Delhi,Premium,Current,Card Payment,1093.11,1961.43,697,No,None,0,0,No Loan,Medium,Investment,Internet Banking,Inactive,No,3,,
1002408,10985,502408,16-02-2024,37,Female,Jaipur,Mass Market,Salary,ATM,1668.84,37086.5,725,No,None,0,0,No Loan,Medium,Insurance,Mobile App,Active,No,5,,
1001761,10345,501761,02-11-2024,50,Female,Jaipur,Mass Market,Savings,Transfer,15079.76,29717.53,685,No,None,0,0,No Loan,Medium,Savings Account,Phone Banking,Active,No,4,,
1002370,10075,502370,25-10-2025,31,Male,Jaipur,Affluent,Savings,Deposit,3311.98,57139.08,715,Yes,Auto,181266.81,11.41,Active,Medium,Investment,Internet Banking,Active,No,3,,
1003940,10305,503940,01-08-2024,30,Female,Pune,Mass Market,Salary,Transfer,6672.8,24931.72,616,Yes,Business,16533.97,14.75,Active,High,Credit Card,ATM,Active,No,4,,
1004370,11974,504370,23-08-2024,35,Female,Mumbai,Premium,Savings,Transfer,1813.02,85771.76,776,No,None,0,0,No Loan,Low,Investment,Mobile App,Active,No,5,,
1000412,10357,500412,29-08-2025,38,Other,Pune,Affluent,Current,Deposit,4871.62,43803.9,687,No,None,0,0,No Loan,Medium,Insurance,Internet Banking,Active,No,5,,
1001775,10688,501775,05-06-2025,39,Female,Lucknow,Premium,Salary,UPI Payment,10536.58,8878.35,675,Yes,Home,42817.86,15.86,Closed,Medium,Fixed Deposit,Internet Banking,Inactive,No,4,,
1004463,12106,504463,24-06-2026,40,Male,Chennai,Affluent,Savings,UPI Payment,5544.09,2919.83,687,No,None,0,0,No Loan,Medium,Personal Loan,ATM,Active,No,4,,
1002202,12422,502202,19-01-2024,29,Female,Kolkata,Mass Market,Current,ATM,11620.76,14637.24,659,No,None,0,0,No Loan,Medium,Home Loan,Mobile App,Active,No,3,,
1004092,11206,504092,23-08-2024,27,Male,Jaipur,Affluent,Savings,UPI Payment,2260.86,19665.72,750,Yes,Home,125577.87,13.28,Active,Low,Fixed Deposit,Mobile App,Active,No,5,,
1003723,10610,503723,27-02-2025,48,Male,Delhi,Premium,Current,Deposit,5343.49,25789.64,654,Yes,Education,12630.33,9.39,Active,Medium,Personal Loan,Mobile App,Active,No,4,,
1004322,11017,504322,16-01-2025,48,Male,Mumbai,Affluent,Salary,Withdrawal,6505.6,13006.91,656,Yes,Home,35604.91,13.76,Active,Medium,Home Loan,Mobile App,Active,No,5,,
1004785,11779,504785,30-11-2025,42,Male,Pune,Mass Market,Savings,Card Payment,13769.37,83089.3,704,No,None,0,0,No Loan,Medium,Fixed Deposit,ATM,Active,Yes,4,,
1003721,11272,503721,08-01-2026,51,Male,Ahmedabad,Premium,Salary,Transfer,8981.07,105671.03,772,No,None,0,0,No Loan,Low,Credit Card,Phone Banking,Active,No,5,,
1004641,12061,504641,10-02-2026,36,Male,Hyderabad,Mass Market,Savings,Withdrawal,9495.29,9008.2,549,No,None,0,0,No Loan,High,Insurance,Branch,Active,No,3,,
1004687,10792,504687,11-08-2025,46,Female,Delhi,Mass Market,Current,Deposit,1870.25,3440.01,759,No,None,0,0,No Loan,Low,Home Loan,Internet Banking,Inactive,No,5,,
1003575,10582,503575,24-09-2025,24,Male,Chennai,Premium,Salary,UPI Payment,7007.04,28293.44,763,No,None,0,0,No Loan,Low,Personal Loan,Branch,Active,No,4,,
1001984,12409,501984,11-01-2024,40,Male,Hyderabad,Mass Market,Savings,Transfer,4092.21,33817.06,609,No,None,0,0,No Loan,High,Fixed Deposit,Phone Banking,Active,No,4,,
1003383,11625,503383,10-03-2024,37,Female,Pune,Affluent,Salary,Deposit,1385.17,13614.25,652,No,None,0,0,No Loan,Medium,Personal Loan,Internet Banking,Active,No,5,,
1004151,11591,504151,15-05-2024,41,Male,Jaipur,Mass Market,Salary,UPI Payment,2099.64,6765.78,744,Yes,Business,53341.43,8.47,Closed,Medium,Investment,Internet Banking,Active,No,5,,
1003587,10192,503587,26-06-2026,34,Male,Lucknow,Mass Market,Salary,UPI Payment,1768.96,47939.27,716,Yes,Business,307072.78,10.76,Active,Medium,Fixed Deposit,ATM,Active,No,5,,
1000431,11569,500431,25-03-2024,42,Male,Delhi,Premium,Savings,ATM,4368.3,56485.65,807,No,None,0,0,No Loan,Low,Home Loan,Mobile App,Active,No,4,,
1003124,11239,503124,12-01-2024,21,Female,Hyderabad,Mass Market,Savings,Deposit,1968.89,19153.42,742,No,None,0,0,No Loan,Medium,Investment,Mobile App,Active,No,5,,
1003838,10645,503838,22-04-2026,36,Female,Delhi,Mass Market,Savings,Card Payment,11296.79,25063.47,781,Yes,Home,153784.05,9.26,Closed,Low,Savings Account,Branch,Active,No,5,,
1001367,12088,501367,05-04-2025,26,Male,Chennai,Mass Market,Savings,Deposit,2220.74,72622.03,806,No,None,0,0,No Loan,Low,Personal Loan,Branch,Active,Yes,4,,
1002611,12355,502611,27-08-2026,37,Male,Kolkata,High Net Worth,Savings,ATM,2601.61,8389.17,721,Yes,Business,81414.23,10.61,Active,Medium,Fixed Deposit,ATM,Active,No,5,,
1003840,12069,503840,18-05-2025,28,Male,Ahmedabad,Affluent,Savings,UPI Payment,3651.64,19558.16,643,No,None,0,0,No Loan,High,Personal Loan,Mobile App,Active,Yes,5,,
1001177,10939,501177,14-04-2024,49,Male,Mumbai,Affluent,Salary,Transfer,3522.91,32818.42,697,Yes,Business,45511.07,12.79,Approved,Medium,Savings Account,Mobile App,Active,No,4,,
1003348,11590,503348,01-03-2026,51,Male,Mumbai,Mass Market,Savings,ATM,8109.26,22891.2,584,No,None,0,0,No Loan,High,Insurance,ATM,Inactive,No,5,,
1001477,11856,501477,31-12-2024,37,Male,Mumbai,Premium,Current,Deposit,6668.7,10382.66,703,No,None,0,0,No Loan,Medium,Fixed Deposit,Internet Banking,Dormant,No,5,,
1003168,11112,503168,17-09-2025,48,Male,Mumbai,High Net Worth,Salary,Transfer,7337.39,55452.73,823,No,None,0,0,No Loan,Low,Home Loan,Internet Banking,Active,No,4,,
1004969,11459,504969,06-02-2024,41,Female,Hyderabad,Mass Market,Salary,Transfer,4172.09,28117.53,584,No,None,0,0,No Loan,High,Savings Account,Mobile App,Active,No,5,,
1000103,11752,500103,21-11-2024,57,Male,Pune,Premium,Savings,Transfer,4976.24,48878.5,758,No,None,0,0,No Loan,Low,Fixed Deposit,ATM,Active,No,5,,
1001943,11233,501943,14-09-2024,40,Female,Ahmedabad,Affluent,Current,Deposit,564.11,46618.48,704,No,None,0,0,No Loan,Medium,Investment,ATM,Active,No,5,,
1004925,10818,504925,29-05-2024,39,Male,Ahmedabad,Mass Market,Salary,Deposit,7032.81,72797.49,686,Yes,Home,138149.64,9.14,Approved,Medium,Savings Account,Branch,Active,No,5,,
1001264,11263,501264,03-04-2025,33,Female,Ahmedabad,Affluent,Savings,Transfer,1120.97,22556.44,786,No,None,0,0,No Loan,Low,Fixed Deposit,Branch,Active,No,5,,
1003378,11856,503378,23-02-2026,21,Female,Chennai,Mass Market,Savings,Card Payment,5557.76,26034.43,662,No,None,0,0,No Loan,Medium,Home Loan,Mobile App,Active,Yes,3,,
1003154,11490,503154,05-06-2024,35,Male,Ahmedabad,Mass Market,Savings,Withdrawal,3295.6,53851.6,790,Yes,Education,19178.16,12.42,Active,Low,Fixed Deposit,Branch,Active,No,5,,
1004510,10087,504510,19-10-2024,32,Female,Delhi,Mass Market,Salary,Withdrawal,2085.12,23683.5,724,No,None,0,0,No Loan,Medium,Insurance,ATM,Inactive,No,4,,
1003077,10057,503077,03-09-2025,32,Male,Jaipur,Affluent,Savings,ATM,534.27,17005.46,791,Yes,Education,97985.12,10.52,Active,Low,Insurance,ATM,Active,No,4,,
1002755,11479,502755,06-06-2025,23,Female,Hyderabad,Mass Market,Salary,Deposit,1156.41,30725.53,690,No,None,0,0,No Loan,Medium,Savings Account,ATM,Active,No,5,,
1003604,10902,503604,31-03-2026,45,Female,Hyderabad,Mass Market,Salary,Deposit,4698.24,64618.55,642,No,None,0,0,No Loan,High,Savings Account,Internet Banking,Active,No,4,,
1003905,11258,503905,18-12-2025,38,Male,Kolkata,Premium,Savings,UPI Payment,673.5,32660.81,632,No,None,0,0,No Loan,High,Savings Account,Mobile App,Active,No,5,,
1002989,10836,502989,28-04-2025,39,Female,Jaipur,High Net Worth,Salary,Card Payment,1595.32,43049.37,711,No,None,0,0,No Loan,Medium,Home Loan,Branch,Active,No,5,,
1001644,11292,501644,14-01-2025,38,Male,Chennai,Mass Market,Savings,Transfer,947.08,18818.21,738,No,None,0,0,No Loan,Medium,Insurance,Mobile App,Active,No,5,,
1004516,11602,504516,30-09-2025,24,Male,Kolkata,Mass Market,Current,Withdrawal,7456.1,43132.08,750,No,None,0,0,No Loan,Low,Savings Account,Mobile App,Inactive,No,4,,
1000001,10861,500001,24-04-2025,24,Male,Hyderabad,Affluent,Savings,UPI Payment,686.63,30498.61,729,No,None,0,0,No Loan,Medium,Insurance,Internet Banking,Active,No,4,,
1001581,10459,501581,22-09-2024,29,Male,Ahmedabad,Affluent,Salary,Deposit,2893.82,59874.89,835,No,None,0,0,No Loan,Low,Fixed Deposit,Branch,Active,Yes,3,,
1004433,11592,504433,03-04-2026,21,Male,Mumbai,Premium,Salary,Transfer,1014.49,58607.87,649,Yes,Home,192415.11,15.67,Approved,High,Credit Card,Branch,Active,No,4,,
1004126,11597,504126,23-01-2026,45,Male,Bengaluru,Mass Market,Savings,UPI Payment,7323.59,25446.53,771,Yes,Education,170907.6,7.2,Active,Low,Insurance,Mobile App,Active,No,4,,
1001357,10593,501357,27-02-2024,46,Male,Lucknow,Mass Market,Savings,Transfer,1107,132480.55,707,No,None,0,0,No Loan,Medium,Home Loan,ATM,Active,No,4,,
1003407,12020,503407,07-09-2024,24,Female,Mumbai,Affluent,Savings,Deposit,4166,5351.86,728,Yes,Business,146217.21,11.33,Active,Medium,Personal Loan,Internet Banking,Dormant,No,3,,
1002343,11374,502343,27-07-2025,24,Female,Hyderabad,Affluent,Savings,Withdrawal,10847.67,38383.68,742,No,None,0,0,No Loan,Medium,Fixed Deposit,Internet Banking,Active,No,4,,
1002406,11620,502406,02-10-2025,29,Female,Mumbai,Affluent,Savings,Card Payment,2596.8,22039.66,710,No,None,0,0,No Loan,Medium,Insurance,Branch,Active,No,4,,
1002053,12393,502053,11-01-2025,26,Male,Bengaluru,Mass Market,Savings,Withdrawal,9600.44,28394.54,789,Yes,Education,54903.56,10.68,Active,Low,Investment,Mobile App,Active,No,5,,
1002234,12286,502234,18-03-2024,26,Female,Chennai,Affluent,Salary,Card Payment,2527.5,30767.5,721,No,None,0,0,No Loan,Medium,Savings Account,Internet Banking,Active,No,5,,
1000397,11244,500397,03-06-2026,38,Female,Kolkata,Affluent,Current,Transfer,7346.08,70991.22,679,No,None,0,0,No Loan,Medium,Investment,Mobile App,Active,No,3,,
1004115,10114,504115,09-12-2025,55,Female,Pune,Mass Market,Savings,UPI Payment,6292.7,17605.91,769,No,None,0,0,No Loan,Low,Personal Loan,Mobile App,Active,No,5,,
1001065,11288,501065,26-12-2024,42,Female,Bengaluru,Mass Market,Savings,ATM,1690.87,37909.82,740,No,None,0,0,No Loan,Medium,Insurance,Internet Banking,Active,Yes,3,,
1004624,11016,504624,09-03-2026,36,Female,Kolkata,Affluent,Savings,Card Payment,11134.11,128446.38,698,No,None,0,0,No Loan,Medium,Fixed Deposit,Phone Banking,Active,Yes,4,,
1002169,11235,502169,27-03-2026,27,Female,Delhi,Affluent,Salary,Transfer,16334.95,24314.66,649,No,None,0,0,No Loan,High,Home Loan,ATM,Active,No,5,,
1000819,11465,500819,19-03-2024,30,Male,Bengaluru,Premium,Savings,ATM,1529.52,24291.53,780,No,None,0,0,No Loan,Low,Savings Account,Internet Banking,Active,No,5,,
1001813,11764,501813,24-01-2025,27,Male,Ahmedabad,Mass Market,Savings,ATM,2238.29,4422.52,736,No,None,0,0,No Loan,Medium,Savings Account,ATM,Active,No,5,,
1002568,10575,502568,19-11-2024,34,Female,Pune,Premium,Savings,UPI Payment,1435.81,48898.72,603,No,None,0,0,No Loan,High,Fixed Deposit,ATM,Active,No,5,,
1001553,10090,501553,17-07-2026,38,Female,Ahmedabad,Affluent,Current,Deposit,2842.48,29828.63,686,No,None,0,0,No Loan,Medium,Investment,Phone Banking,Active,No,4,,
1003136,12079,503136,27-12-2024,32,Female,Hyderabad,Mass Market,Fixed Deposit,UPI Payment,10200.68,86089.59,645,No,None,0,0,No Loan,High,Insurance,Internet Banking,Active,No,4,,
1000817,12022,500817,17-09-2024,40,Female,Mumbai,High Net Worth,Current,UPI Payment,5019.69,21500.48,752,No,None,0,0,No Loan,Low,Insurance,Phone Banking,Active,No,5,,
1001573,11714,501573,30-06-2026,36,Female,Kolkata,Mass Market,Savings,ATM,3492.69,8910.3,678,No,None,0,0,No Loan,Medium,Savings Account,Mobile App,Active,No,5,,
1004526,10884,504526,11-01-2024,35,Female,Pune,Affluent,Fixed Deposit,Card Payment,18463.57,26833.65,738,No,None,0,0,No Loan,Medium,Personal Loan,Internet Banking,Active,No,,,
1001801,12010,501801,13-02-2025,53,Male,Lucknow,Mass Market,Current,Transfer,11617.99,15394.7,605,No,None,0,0,No Loan,High,Credit Card,ATM,Active,No,5,,
1004946,10421,504946,13-06-2024,29,Female,Kolkata,Affluent,Savings,Deposit,532.22,55235.2,667,No,None,0,0,No Loan,Medium,Home Loan,ATM,Inactive,No,4,,
1000382,10634,500382,26-02-2025,34,Male,Lucknow,Premium,Current,UPI Payment,8054.9,6645.84,750,No,None,0,0,No Loan,Low,Insurance,Internet Banking,Active,No,5,,
1003334,11007,503334,12-03-2024,46,Male,Jaipur,Premium,Current,Card Payment,8728.51,97806.55,701,No,None,0,0,No Loan,Medium,Home Loan,Mobile App,Active,No,5,,
1003842,12351,503842,02-05-2024,37,Female,Chennai,Mass Market,Salary,ATM,2763.64,10550.54,677,Yes,Personal,33541.53,9.23,Active,Medium,Investment,Mobile App,Active,No,5,,
1002310,10822,502310,11-03-2025,21,Male,Bengaluru,Premium,Savings,Withdrawal,1860.19,7304.38,786,No,None,0,0,No Loan,Low,Credit Card,ATM,Active,No,5,,
1003520,10384,503520,20-05-2025,30,Male,Kolkata,Mass Market,Salary,UPI Payment,2414.31,15876.92,671,No,None,0,0,No Loan,Medium,Credit Card,Branch,Active,No,4,,
1004941,11016,504941,15-06-2026,46,Male,Delhi,Mass Market,Savings,Deposit,3196.66,6385.65,749,Yes,Home,54815.57,11.76,Approved,Medium,Credit Card,Phone Banking,Inactive,No,5,,
1001781,10019,501781,21-04-2025,37,Female,Hyderabad,Mass Market,Current,Transfer,1613.22,80273.17,691,Yes,Personal,101274.6,13.54,Active,Medium,Savings Account,Mobile App,Active,No,3,,
1002742,10527,502742,23-06-2026,33,Female,Chennai,Mass Market,Salary,Withdrawal,2237.17,9579.78,664,No,None,0,0,No Loan,Medium,Credit Card,Mobile App,Active,No,4,,
1002623,12320,502623,30-12-2025,47,Male,Delhi,Mass Market,Savings,Deposit,1566.43,24689.11,663,No,None,0,0,No Loan,Medium,Personal Loan,ATM,Active,No,4,,
1002349,11652,502349,10-04-2025,32,Female,Ahmedabad,Mass Market,Current,UPI Payment,3641.45,29947.44,759,No,None,0,0,No Loan,Low,Insurance,Mobile App,Active,No,4,,
1000865,11605,500865,02-05-2026,38,Male,Jaipur,Mass Market,Savings,Withdrawal,44881.41,103543.81,633,No,None,0,0,No Loan,High,Credit Card,Mobile App,Inactive,No,5,,
1003036,11240,503036,10-03-2026,28,Male,Delhi,Affluent,Salary,UPI Payment,1430.04,8439.44,666,No,None,0,0,No Loan,Medium,Insurance,Phone Banking,Active,No,4,,
1003180,10137,503180,21-04-2024,37,Female,Pune,Mass Market,Savings,UPI Payment,2996.26,306470.04,723,Yes,Education,49656.68,10.39,Closed,Medium,Fixed Deposit,Mobile App,Active,No,3,,
1000555,10934,500555,01-01-2026,38,Female,Hyderabad,Mass Market,Savings,UPI Payment,3056.82,11302.82,616,No,None,0,0,No Loan,High,Investment,Mobile App,Active,No,5,,
1001160,12117,501160,22-11-2024,24,Female,Bengaluru,Mass Market,Current,UPI Payment,2799.43,106492.08,756,Yes,Personal,73168.16,9.29,Active,Low,Home Loan,Mobile App,Active,Yes,5,,
1001214,10391,501214,04-09-2024,37,Female,Chennai,Mass Market,Salary,Withdrawal,1920.11,7900.77,721,No,None,0,0,No Loan,Medium,Fixed Deposit,Internet Banking,Active,No,4,,
1004236,10906,504236,02-04-2024,29,Male,Jaipur,Mass Market,Salary,UPI Payment,169.28,22601.41,607,Yes,Business,147976.19,10.96,Approved,High,Fixed Deposit,Internet Banking,Active,No,4,,
1003617,10891,503617,16-01-2024,28,Female,Jaipur,Affluent,Savings,Withdrawal,12096.93,47165.33,773,Yes,Home,128885.85,12.41,Closed,Low,Savings Account,ATM,Inactive,Yes,4,,
1000049,11479,500049,23-03-2024,49,Female,Jaipur,Mass Market,Savings,UPI Payment,1555.54,5810.07,774,No,None,0,0,No Loan,Low,Credit Card,Phone Banking,Active,No,5,,
1003164,11885,503164,20-12-2025,33,Male,Jaipur,Mass Market,Savings,Withdrawal,5730.32,18602.48,699,No,None,0,0,No Loan,Medium,Home Loan,Internet Banking,Inactive,No,4,,
1000701,10900,500701,22-10-2024,39,Female,Pune,Affluent,Savings,Deposit,1131.24,86081.49,,Yes,Business,27782.28,8.44,Closed,Medium,Personal Loan,ATM,Active,No,5,,
1000653,10771,500653,25-03-2024,37,Male,Ahmedabad,Affluent,Current,ATM,1219.03,23769.63,750,No,None,0,0,No Loan,Low,Insurance,ATM,Active,No,5,,
1001056,11202,501056,15-07-2025,30,Female,Delhi,Mass Market,Savings,Deposit,7907.38,29108.26,772,No,None,0,0,No Loan,Low,Credit Card,ATM,Active,No,4,,
1003882,11648,503882,09-03-2024,28,Male,Jaipur,Affluent,Savings,UPI Payment,1296,18067.63,672,Yes,Auto,126493.81,13.27,Closed,Medium,Fixed Deposit,Internet Banking,Active,Yes,3,,
1003327,11114,503327,01-01-2025,43,Male,Hyderabad,Affluent,Savings,ATM,2841.15,8272.56,693,No,None,0,0,No Loan,Medium,Personal Loan,Mobile App,Dormant,No,5,,
1000749,10526,500749,02-08-2026,42,Female,Kolkata,Affluent,Salary,UPI Payment,2130.9,73357.76,738,No,None,0,0,No Loan,Medium,Credit Card,Mobile App,Active,No,4,,
1001456,12445,501456,17-07-2024,41,Male,Kolkata,Affluent,Savings,Withdrawal,4595.08,25737.96,688,No,None,0,0,No Loan,Medium,Savings Account,Phone Banking,Active,No,5,,
1004205,10944,504205,12-06-2024,21,Female,Mumbai,Affluent,Fixed Deposit,Deposit,3131.79,67402.29,559,Yes,Business,57380.38,14.73,Active,High,Fixed Deposit,ATM,Active,Yes,2,,
1002101,11447,502101,15-05-2026,25,Male,Ahmedabad,Premium,Current,Card Payment,8471.53,116078.6,731,No,None,0,0,No Loan,Medium,Insurance,ATM,Active,No,3,,
1002025,11806,502025,07-11-2024,46,Male,Hyderabad,Mass Market,Savings,UPI Payment,7224.23,147256.98,715,No,None,0,0,No Loan,Medium,Credit Card,ATM,Active,No,5,,
1000867,10236,500867,30-10-2025,53,Female,Chennai,Premium,Current,ATM,8862.95,104582.6,646,No,None,0,0,No Loan,High,Investment,Internet Banking,Active,No,4,,
1000753,11027,500753,26-04-2025,31,Male,Bengaluru,Mass Market,Savings,Transfer,1037.2,42470.43,730,Yes,Home,142849.73,11.53,Closed,Medium,Home Loan,Mobile App,Active,No,5,,
1001645,10530,501645,09-05-2024,32,Female,Bengaluru,Mass Market,Current,UPI Payment,1229.13,98963.07,729,Yes,Home,185135.27,14.25,Active,Medium,Home Loan,Branch,Inactive,No,3,,
1000093,10379,500093,11-07-2024,52,Male,Bengaluru,Mass Market,Savings,Deposit,4105.83,20330.04,699,No,None,0,0,No Loan,Medium,Investment,Mobile App,Active,No,4,,
1004608,11677,504608,18-09-2025,25,Male,Chennai,Mass Market,Current,Deposit,2213.57,5318.52,679,No,None,0,0,No Loan,Medium,Fixed Deposit,ATM,Active,No,4,,
1003117,11498,503117,17-10-2025,54,Female,Pune,Affluent,Savings,Deposit,6301.72,167717.24,673,Yes,Home,274352.08,8.08,Active,Medium,Investment,Mobile App,Active,No,5,,
1002448,11337,502448,01-02-2025,50,Female,Chennai,Mass Market,Current,Card Payment,2191.7,41229.29,727,No,None,0,0,No Loan,Medium,Personal Loan,Branch,Active,No,4,,
1002645,12191,502645,16-03-2025,40,Female,Delhi,Affluent,Savings,Card Payment,7323.18,127724.82,721,No,None,0,0,No Loan,Medium,Personal Loan,ATM,Active,No,5,,
1001491,11710,501491,29-09-2024,37,Female,Chennai,Affluent,Savings,ATM,2592.88,51046.62,689,No,None,0,0,No Loan,Medium,Home Loan,Internet Banking,Active,No,5,,
1002911,12488,502911,24-06-2025,38,Female,Hyderabad,Mass Market,Salary,Transfer,17106.5,31603.31,814,Yes,Auto,68471.77,7.1,Active,Low,Investment,Branch,Active,No,4,,
1004374,11352,504374,13-08-2024,55,Other,Jaipur,Mass Market,Savings,Card Payment,453.54,9199.7,610,No,None,0,0,No Loan,High,Savings Account,Mobile App,Active,No,4,,
1000730,10107,500730,09-02-2026,25,Male,Delhi,Affluent,Savings,UPI Payment,14022.97,24516.94,836,No,None,0,0,No Loan,Low,Credit Card,Mobile App,Active,No,5,,
1002733,10977,502733,15-04-2025,27,Female,Hyderabad,Mass Market,Salary,ATM,6395.78,12178.35,817,No,None,0,0,No Loan,Low,Investment,Branch,Dormant,No,3,,
1002487,11904,502487,19-10-2025,21,Female,Bengaluru,Mass Market,Current,Card Payment,3160.18,56135.49,617,No,None,0,0,No Loan,High,Savings Account,ATM,Active,No,5,,
1003997,11856,503997,25-05-2025,40,Male,Delhi,Premium,Salary,Transfer,1359.36,43355.43,707,No,None,0,0,No Loan,Medium,Insurance,Mobile App,Active,Yes,3,,
1001937,10067,501937,17-04-2024,21,Male,Pune,Mass Market,Current,Withdrawal,1819.95,37894.01,710,No,None,0,0,No Loan,Medium,Personal Loan,Internet Banking,Active,No,5,,
1001746,11800,501746,25-03-2024,27,Male,Chennai,Mass Market,Current,Transfer,805.43,32642.06,638,Yes,Business,17331.76,15.1,Active,High,Savings Account,Internet Banking,Active,No,5,,
1004450,11087,504450,01-05-2026,36,Male,Bengaluru,Premium,Savings,Transfer,2448.99,29688.58,644,No,None,0,0,No Loan,High,Credit Card,Internet Banking,Active,No,5,,
1004020,11235,504020,25-06-2026,29,Male,Hyderabad,Affluent,Salary,Deposit,18841.29,17555.85,667,Yes,Home,48975.9,9.35,Closed,Medium,Credit Card,Mobile App,Active,No,5,,
1004102,11699,504102,06-05-2024,48,Male,Bengaluru,Mass Market,Salary,Transfer,6380.66,97477.44,746,Yes,Business,67384.89,11.83,Active,Medium,Insurance,Phone Banking,Active,No,5,,
1001958,10657,501958,31-05-2025,30,Female,Hyderabad,High Net Worth,Savings,UPI Payment,2322.09,202806.99,702,Yes,Business,25279.67,7.57,Approved,Medium,Fixed Deposit,Mobile App,Inactive,No,5,,
1001111,10237,501111,17-10-2024,36,Female,Chennai,Premium,Salary,UPI Payment,13556.23,11393.14,747,Yes,Business,61965.99,14.34,Approved,Medium,Insurance,Branch,Active,No,3,,
1003353,11146,503353,26-04-2024,38,Female,Chennai,Mass Market,Savings,ATM,5319.22,21429.68,720,Yes,Home,239678.84,14.75,Approved,Medium,Fixed Deposit,Internet Banking,Active,No,5,,
1004051,10658,504051,22-06-2025,44,Male,Pune,Premium,Savings,Transfer,13786.78,18351.42,701,Yes,Business,53113.75,10.4,Closed,Medium,Home Loan,Mobile App,Active,No,4,,
1004482,10968,504482,16-08-2025,56,Male,Delhi,Affluent,Current,Card Payment,5059.24,13124.01,599,Yes,Education,256678.45,11.11,Active,High,Insurance,Mobile App,Active,No,4,,
1004167,11750,504167,08-01-2025,37,Female,Chennai,Mass Market,Savings,Deposit,2200.65,33955.57,668,No,None,0,0,No Loan,Medium,Credit Card,Mobile App,Active,No,5,,
1000347,11716,500347,13-06-2025,45,Female,Kolkata,Mass Market,Salary,Transfer,3587.93,40936.49,647,No,None,0,0,No Loan,High,Insurance,Mobile App,Active,No,5,,
1001186,11459,501186,31-05-2026,30,Male,Chennai,Mass Market,Current,Card Payment,959.48,20247.19,783,No,None,0,0,No Loan,Low,Investment,ATM,Active,No,5,,
1004025,11926,504025,07-07-2026,33,Female,Lucknow,Affluent,Salary,Deposit,12045.01,10407.89,695,No,None,0,0,No Loan,Medium,Savings Account,Mobile App,Active,No,5,,
1001516,10072,501516,13-03-2024,38,Male,,Affluent,Salary,Deposit,1266.56,78341.6,769,No,None,0,0,No Loan,Low,Insurance,Mobile App,Active,No,4,,
1004680,11308,504680,11-07-2025,21,Female,Pune,Mass Market,Savings,UPI Payment,1644.95,11340.89,697,No,None,0,0,No Loan,Medium,Home Loan,Internet Banking,Active,No,5,,
1000579,10968,500579,23-03-2026,36,Male,Bengaluru,Mass Market,Salary,Deposit,1753.98,8300.1,730,No,None,0,0,No Loan,Medium,Personal Loan,Mobile App,Active,Yes,2,,
1001965,11541,501965,31-12-2024,38,Female,Chennai,Mass Market,Salary,UPI Payment,5393.66,9139.48,625,Yes,Personal,45675.95,13.77,Active,High,Home Loan,Branch,Active,Yes,1,,
1000076,10764,500076,24-12-2025,24,Female,Ahmedabad,Premium,Savings,Card Payment,9143.55,10871.72,669,No,None,0,0,No Loan,Medium,Investment,Internet Banking,Inactive,No,4,,
1001430,11041,501430,06-04-2024,47,Male,Bengaluru,Affluent,Savings,Withdrawal,1181.33,3781.82,824,No,None,0,0,No Loan,Low,Personal Loan,Mobile App,Active,No,5,,
1003752,11272,503752,13-08-2024,38,Female,Chennai,Mass Market,Savings,Deposit,526.12,17790.26,699,No,None,0,0,No Loan,Medium,Personal Loan,Phone Banking,Active,No,4,,
1004441,10822,504441,22-04-2024,24,Female,Bengaluru,Mass Market,Savings,UPI Payment,1067,10473.92,741,No,None,0,0,No Loan,Medium,Investment,ATM,Active,No,5,,
1004324,11882,504324,21-01-2026,36,Male,Pune,Premium,Savings,ATM,718.07,15075.4,685,No,None,0,0,No Loan,Medium,Savings Account,Mobile App,Inactive,No,3,,
1004963,11888,504963,28-12-2024,42,Male,Hyderabad,Mass Market,Salary,Card Payment,5543.38,5046.93,760,Yes,Auto,43062.41,9.27,Closed,Low,Insurance,Branch,Inactive,Yes,3,,
1001847,11444,501847,15-01-2026,46,Female,Mumbai,Affluent,Savings,UPI Payment,5281.4,16888.57,687,No,None,0,0,No Loan,Medium,Fixed Deposit,Branch,Inactive,No,5,,
1000132,11598,500132,20-04-2025,38,Male,Kolkata,Mass Market,Savings,UPI Payment,8165.17,45699.18,724,Yes,Auto,108022.01,15.34,Active,Medium,Insurance,Mobile App,Active,No,3,,
1000179,11077,500179,30-07-2025,22,Female,Lucknow,Mass Market,Savings,ATM,1399.13,8483.2,763,No,None,0,0,No Loan,Low,Home Loan,ATM,Active,No,5,,
1002965,12479,502965,15-06-2026,36,Female,Bengaluru,Affluent,Fixed Deposit,Deposit,7190.9,123164.74,663,No,None,0,0,No Loan,Medium,Home Loan,Internet Banking,Active,No,4,,
1004477,10796,504477,22-07-2024,40,Female,Hyderabad,Mass Market,Savings,UPI Payment,828.15,67920.21,665,No,None,0,0,No Loan,Medium,Personal Loan,Mobile App,Active,No,3,,
1002711,11656,502711,09-01-2025,41,Female,Hyderabad,Affluent,Savings,Card Payment,8404.21,16312.53,668,No,None,0,0,No Loan,Medium,Insurance,Mobile App,Active,No,4,,
1004702,10171,504702,12-01-2024,27,Female,Pune,Mass Market,Savings,UPI Payment,7717.63,51397.68,633,No,None,0,0,No Loan,High,Personal Loan,Internet Banking,Active,No,3,,
1001843,11180,501843,19-04-2024,39,Male,Hyderabad,Mass Market,Current,Deposit,4423.37,13339.31,817,No,None,0,0,No Loan,Low,Home Loan,ATM,Inactive,No,3,,
1002218,10846,502218,30-08-2026,34,Male,Pune,Mass Market,Fixed Deposit,Withdrawal,3395.06,10873.14,576,Yes,Auto,27470.84,14.01,Closed,High,Investment,Mobile App,Active,No,4,,
1003594,10851,503594,28-08-2025,37,Female,Kolkata,Affluent,Current,ATM,4035.22,44762.99,536,No,None,0,0,No Loan,High,Insurance,Internet Banking,Active,Yes,3,,
1002389,10581,502389,08-09-2024,49,Male,Delhi,Mass Market,Salary,Card Payment,5824.81,228247.43,579,No,None,0,0,No Loan,High,Insurance,ATM,Active,No,4,,
1000605,10798,500605,05-06-2026,39,Male,Chennai,Mass Market,Savings,Card Payment,3280.93,180637.95,694,Yes,Auto,44883.75,10.38,Closed,Medium,Fixed Deposit,Mobile App,Inactive,No,5,,
1002643,11839,502643,19-02-2025,47,Female,Ahmedabad,Mass Market,Savings,Transfer,9998.89,8597.68,784,No,None,0,0,No Loan,Low,Personal Loan,Mobile App,Active,No,5,,
1000026,10475,500026,04-02-2025,31,Male,Bengaluru,Affluent,Savings,UPI Payment,3447.85,8543.48,664,No,None,0,0,No Loan,Medium,Home Loan,Phone Banking,Active,No,5,,
1000659,10763,500659,18-09-2025,41,Female,Ahmedabad,Mass Market,Savings,Card Payment,3968.45,24329.96,713,No,None,0,0,No Loan,Medium,Fixed Deposit,Mobile App,Active,No,3,,
1001897,12467,501897,18-03-2026,41,Male,Bengaluru,Mass Market,Savings,UPI Payment,3221.29,41407.05,781,No,None,0,0,No Loan,Low,Fixed Deposit,ATM,Active,Yes,1,,
1003545,10443,503545,22-06-2024,27,Male,Bengaluru,Mass Market,Savings,ATM,4507.82,20206.78,695,No,None,0,0,No Loan,Medium,Fixed Deposit,Mobile App,Active,No,4,,
1004769,12147,504769,18-10-2024,31,Male,Chennai,Premium,Savings,UPI Payment,6546.15,6913.14,747,Yes,Auto,184837.22,15.05,Closed,Medium,Credit Card,Phone Banking,Active,No,4,,
1000174,10855,500174,02-06-2026,23,Male,,Affluent,Salary,Transfer,23758.2,66067.41,801,No,None,0,0,No Loan,Low,Personal Loan,Branch,Active,No,5,,
1001612,10035,501612,10-07-2026,38,Male,Jaipur,Mass Market,Current,UPI Payment,1321.69,9216.88,753,No,None,0,0,No Loan,Low,Fixed Deposit,Internet Banking,Active,Yes,5,,
1000438,10285,500438,15-02-2025,43,Female,Bengaluru,Affluent,Savings,Deposit,1064.52,5719.56,845,No,None,0,0,No Loan,Low,Fixed Deposit,ATM,Active,No,5,,
1000332,10400,500332,30-10-2024,21,Male,Bengaluru,Affluent,Savings,Withdrawal,3957.91,8970.9,587,Yes,Home,137594.81,15.08,Defaulted,High,Savings Account,Phone Banking,Active,No,5,,
1002414,11366,502414,10-06-2026,40,Female,Hyderabad,Mass Market,Salary,UPI Payment,5575.49,83286.17,641,No,None,0,0,No Loan,High,Home Loan,ATM,Active,Yes,1,,
1001455,12001,501455,23-04-2024,40,Female,Ahmedabad,Mass Market,Salary,Withdrawal,1481.61,18997.41,723,No,None,0,0,No Loan,Medium,Personal Loan,Branch,Active,No,5,,
1000343,11149,500343,17-04-2024,34,Female,Pune,Affluent,Current,UPI Payment,2341.86,24725.15,688,No,None,0,0,No Loan,Medium,Investment,Internet Banking,Active,No,4,,
1003214,11125,503214,23-06-2026,26,Male,Hyderabad,Mass Market,Fixed Deposit,Deposit,1538.86,5975.04,708,No,None,0,0,No Loan,Medium,Home Loan,Internet Banking,Dormant,No,5,,
1002562,12414,502562,23-04-2025,45,Female,Mumbai,Affluent,Salary,Transfer,5372.79,38530.33,777,Yes,Home,190527.66,7.48,Active,Low,Insurance,Branch,Active,No,4,,
1001089,10746,501089,15-07-2026,54,Male,Bengaluru,Affluent,Salary,Transfer,8386.54,33561.23,792,No,None,0,0,No Loan,Low,Home Loan,Mobile App,Active,No,5,,
1000480,10396,500480,03-06-2025,48,Male,Mumbai,Mass Market,Salary,Withdrawal,14190.43,38076.03,,Yes,Education,125387.9,12.75,Active,Low,Credit Card,Internet Banking,Inactive,No,5,,
1000728,11080,500728,13-04-2026,36,Female,Delhi,Mass Market,Salary,Transfer,6228.21,43811.97,667,No,None,0,0,No Loan,Medium,Insurance,Mobile App,Active,No,4,,
1003802,10490,503802,22-02-2024,48,Female,Ahmedabad,Mass Market,Current,Card Payment,9602.18,22191.3,763,Yes,Home,26009.95,10.12,Closed,Low,Fixed Deposit,Internet Banking,Active,No,5,,
1000977,12419,500977,09-08-2024,46,Female,Hyderabad,Premium,Fixed Deposit,Deposit,7280.5,48334.94,734,No,None,0,0,No Loan,Medium,Fixed Deposit,Phone Banking,Inactive,No,5,,
1002054,10642,502054,16-10-2025,49,Male,Hyderabad,Mass Market,Salary,UPI Payment,1018.12,90393.11,696,No,None,0,0,No Loan,Medium,Personal Loan,Mobile App,Inactive,Yes,1,,
1002993,11304,502993,07-08-2026,31,Female,Bengaluru,Mass Market,Savings,Card Payment,4424.41,12097.54,850,No,None,0,0,No Loan,Low,Insurance,ATM,Active,No,5,,
1001929,10708,501929,07-09-2025,61,Female,Hyderabad,Mass Market,Savings,Card Payment,1525.96,8032.23,708,No,None,0,0,No Loan,Medium,Savings Account,Branch,Active,No,5,,
1001469,10084,501469,24-06-2024,33,Female,Delhi,Mass Market,Savings,ATM,3809.45,2486,729,No,None,0,0,No Loan,Medium,Fixed Deposit,Branch,Active,No,3,,
1001225,10402,501225,27-03-2026,31,Female,Kolkata,Mass Market,Savings,Transfer,1328.33,86515,760,No,None,0,0,No Loan,Low,Insurance,Branch,Active,No,4,,
1003729,10301,503729,27-07-2026,23,Female,Hyderabad,Mass Market,Savings,Deposit,1073.72,20449.86,686,No,None,0,0,No Loan,Medium,Home Loan,Mobile App,Active,Yes,4,,
1001953,10311,501953,06-07-2024,42,Male,Pune,Mass Market,Savings,UPI Payment,9361.19,26486.68,704,Yes,Business,199489,13.12,Defaulted,Medium,Credit Card,Internet Banking,Inactive,No,5,,
1004841,12075,504841,22-03-2024,31,Female,Delhi,Mass Market,Savings,Withdrawal,1290.47,21775.11,760,No,None,0,0,No Loan,Low,Fixed Deposit,Internet Banking,Active,No,5,,
1004616,12414,504616,28-11-2024,55,Female,Mumbai,Affluent,Savings,Deposit,3421.7,54037.57,658,No,None,0,0,No Loan,Medium,Personal Loan,Mobile App,Inactive,No,4,,
1001893,11250,501893,12-06-2024,41,Female,Lucknow,Affluent,Savings,Deposit,10495.45,60416.48,784,Yes,Business,175200.15,9.28,Active,Low,Fixed Deposit,ATM,Active,No,5,,
1001300,10885,501300,21-04-2025,50,Male,Kolkata,Mass Market,Salary,Card Payment,14153.91,121519.75,753,No,None,0,0,No Loan,Low,Credit Card,Internet Banking,Inactive,No,4,,
1003806,11718,503806,16-08-2026,28,Male,Lucknow,Mass Market,Current,Transfer,4124.9,28804.45,711,No,None,0,0,No Loan,Medium,Investment,ATM,Active,No,4,,
1004610,10166,504610,13-06-2025,27,,Delhi,Mass Market,Savings,ATM,22216.14,371184.03,788,No,None,0,0,No Loan,Low,Savings Account,Mobile App,Active,No,4,,
1000661,12449,500661,08-12-2024,42,Male,Mumbai,Mass Market,Savings,Deposit,1751.86,10364.02,765,No,None,0,0,No Loan,Low,Investment,Mobile App,Active,Yes,4,,
1004761,10606,504761,16-12-2025,27,Male,Jaipur,Mass Market,Savings,Card Payment,3939.6,15557.06,633,Yes,Home,64691.9,13.02,Active,High,Home Loan,Branch,Active,Yes,3,,
1002410,11432,502410,06-04-2026,51,Female,Jaipur,Affluent,Current,Withdrawal,2318.52,49855.74,731,Yes,Home,38102.39,12.5,Closed,Medium,Insurance,Mobile App,Active,No,3,,
1004571,10844,504571,14-06-2025,21,Male,Chennai,Affluent,Current,UPI Payment,745.34,47333.01,654,No,None,0,0,No Loan,Medium,Savings Account,Mobile App,Active,No,5,,
1002992,11983,502992,30-08-2024,35,Male,Delhi,Mass Market,Savings,Withdrawal,2735.7,4014.33,728,No,None,0,0,No Loan,Medium,Insurance,Mobile App,Inactive,No,3,,
1004735,10973,504735,13-05-2024,37,Male,Hyderabad,Mass Market,Savings,UPI Payment,1428.37,30452.14,682,No,None,0,0,No Loan,Medium,Investment,Mobile App,Active,No,4,,
1003067,10683,503067,22-11-2025,47,Female,Jaipur,Mass Market,Salary,Transfer,2431.53,13297.21,836,No,None,0,0,No Loan,Low,Insurance,Mobile App,Active,No,3,,
1002719,10779,502719,08-05-2026,35,Female,Chennai,Mass Market,Savings,Deposit,2037.77,50351.32,711,No,None,0,0,No Loan,Medium,Credit Card,Internet Banking,Inactive,No,5,,
1003614,11856,503614,03-08-2026,46,Male,Chennai,Mass Market,Salary,UPI Payment,4521.48,34000.59,675,No,None,0,0,No Loan,Medium,Investment,ATM,Inactive,No,,,
1003207,11630,503207,22-07-2024,36,Female,Lucknow,Mass Market,Fixed Deposit,Transfer,582.96,190961.99,610,Yes,Business,80738.47,12.17,Closed,High,Fixed Deposit,ATM,Active,No,4,,
1001279,10705,501279,29-09-2024,37,Male,Delhi,Mass Market,Fixed Deposit,UPI Payment,1231.34,19464.66,731,No,None,0,0,No Loan,Medium,Investment,Phone Banking,Dormant,No,4,,
1003086,12049,503086,19-08-2025,53,Female,Kolkata,Affluent,Current,Transfer,1967.06,12310.37,629,No,None,0,0,No Loan,High,Home Loan,Mobile App,Active,No,4,,
1001622,11978,501622,17-07-2026,45,Female,Kolkata,Premium,Savings,UPI Payment,1090.55,153848.88,579,No,None,0,0,No Loan,High,Fixed Deposit,ATM,Active,No,5,,
1003692,10669,503692,16-07-2026,46,Male,Chennai,High Net Worth,Salary,Card Payment,2113.64,46447.82,691,No,None,0,0,No Loan,Medium,Fixed Deposit,Branch,Dormant,No,5,,
1002847,10936,502847,28-11-2025,29,Female,Hyderabad,Mass Market,Salary,Transfer,4164.01,39838.74,690,No,None,0,0,No Loan,Medium,Investment,Branch,Active,No,4,,
1000068,11276,500068,29-07-2026,53,Male,Mumbai,Mass Market,Salary,Card Payment,2820.04,32373.96,599,No,None,0,0,No Loan,High,Savings Account,Branch,Active,No,5,,
1004265,10031,504265,10-10-2024,21,Female,,Mass Market,Salary,Card Payment,2808.43,299670.91,797,Yes,Business,143543.9,10.83,Closed,Low,Credit Card,Mobile App,Active,No,4,,
1004627,10982,504627,14-03-2025,42,Female,Hyderabad,Premium,Salary,ATM,2834.81,7834.98,850,Yes,Business,72692.11,11.87,Approved,Low,Insurance,Phone Banking,Active,No,4,,
1003809,10568,503809,08-03-2025,38,Female,,Mass Market,Current,UPI Payment,429.63,79727.67,757,No,None,0,0,No Loan,Low,Home Loan,Mobile App,Active,Yes,2,,
1000821,10847,500821,14-09-2025,34,Male,Pune,Mass Market,Fixed Deposit,ATM,2983.45,59314.95,681,Yes,Personal,28460.77,10.31,Closed,Medium,Fixed Deposit,Internet Banking,Inactive,No,5,,
1001227,10615,501227,31-05-2026,54,Male,Ahmedabad,Affluent,Salary,Transfer,1716.64,26861.72,850,No,None,0,0,No Loan,Low,Investment,Branch,Active,No,5,,
1003007,12212,503007,31-01-2025,21,Female,,Mass Market,Fixed Deposit,Withdrawal,667.33,137915.46,768,No,None,0,0,No Loan,Low,Personal Loan,Internet Banking,Inactive,No,4,,
1004273,12286,504273,02-10-2024,40,Female,Hyderabad,Affluent,Fixed Deposit,Card Payment,4438.07,26890.19,624,No,None,0,0,No Loan,High,Personal Loan,ATM,Inactive,No,5,,
1002759,12124,502759,21-07-2024,26,Male,,Mass Market,Current,Transfer,2485.62,16187.59,637,Yes,Personal,375441.15,15.9,Closed,High,Savings Account,Branch,Active,Yes,2,,
1004468,11271,504468,03-05-2025,43,Female,Delhi,Affluent,Savings,Card Payment,3916.57,32434.69,676,No,None,0,0,No Loan,Medium,Investment,ATM,Inactive,No,4,,
1004280,10825,504280,05-01-2026,58,Female,Kolkata,Mass Market,Salary,Withdrawal,5502.31,10434.12,822,No,None,0,0,No Loan,Low,Credit Card,Phone Banking,Dormant,No,4,,
1003365,10493,503365,16-06-2026,38,Female,Pune,Mass Market,Savings,Card Payment,3504.74,4184.63,790,No,None,0,0,No Loan,Low,Credit Card,Phone Banking,Active,No,5,,
1001144,11387,501144,13-04-2026,27,Male,Bengaluru,Affluent,Fixed Deposit,UPI Payment,18415.95,140531.92,747,No,None,0,0,No Loan,Medium,Savings Account,Internet Banking,Active,No,3,,
1000398,11093,500398,20-06-2024,30,Female,Hyderabad,Affluent,Savings,UPI Payment,3705.22,150073.5,687,Yes,Education,57754.89,11.32,Active,Medium,Home Loan,Mobile App,Active,No,3,,
1002922,10126,502922,11-02-2024,23,Male,Ahmedabad,Mass Market,Savings,Withdrawal,1469.58,14936.41,821,No,None,0,0,No Loan,Low,Credit Card,Internet Banking,Inactive,No,4,,
1004312,10187,504312,16-01-2025,49,Female,Delhi,Affluent,Salary,UPI Payment,1877.04,13641.14,580,No,None,0,0,No Loan,High,Investment,Mobile App,Inactive,Yes,2,,
1003037,12455,503037,28-01-2024,31,Male,Ahmedabad,Mass Market,Fixed Deposit,Card Payment,2179.21,154096.23,850,Yes,Auto,37232.47,12.85,Active,Low,Insurance,Mobile App,Inactive,Yes,2,,
1001399,11248,501399,29-06-2025,22,Male,Delhi,Affluent,Fixed Deposit,ATM,2713.32,34979.56,602,No,None,0,0,No Loan,High,Credit Card,Internet Banking,Active,No,4,,
1001660,11852,501660,04-11-2025,22,Male,Delhi,Premium,Savings,UPI Payment,7477.54,21606.17,697,No,None,0,0,No Loan,Medium,Investment,Mobile App,Active,No,3,,
1000980,11333,500980,27-06-2024,23,Male,Pune,Mass Market,Current,Card Payment,6425.41,31080.3,733,Yes,Personal,187714.07,7.57,Active,Medium,Home Loan,Internet Banking,Active,No,5,,
1001299,11334,501299,02-05-2026,29,Male,Lucknow,Mass Market,Savings,Card Payment,1948.3,30634.34,741,No,None,0,0,No Loan,Medium,Home Loan,Mobile App,Active,No,3,,
1003419,12219,503419,11-01-2026,39,Male,Bengaluru,Mass Market,Current,UPI Payment,1843.79,27477.2,703,No,None,0,0,No Loan,Medium,Fixed Deposit,ATM,Active,No,4,,
1000083,11368,500083,09-12-2024,40,Female,Kolkata,Mass Market,Salary,Card Payment,978.19,18714.02,749,No,None,0,0,No Loan,Medium,Fixed Deposit,Mobile App,Active,Yes,3,,
1003709,11467,503709,06-06-2025,46,Female,Kolkata,Affluent,Salary,UPI Payment,3010.35,13483.2,683,No,None,0,0,No Loan,Medium,Fixed Deposit,Branch,Active,No,4,,
1002474,11705,502474,14-05-2024,39,Male,Kolkata,Mass Market,Savings,Withdrawal,1610.6,11459.55,850,No,None,0,0,No Loan,Low,Personal Loan,Branch,Active,No,5,,
1003758,12260,503758,28-06-2026,43,Male,Kolkata,Affluent,Savings,Deposit,1050.5,3996.17,642,Yes,Business,61074.73,14.94,Active,High,Insurance,Phone Banking,Active,No,5,,
1003800,10691,503800,11-04-2025,57,Male,Ahmedabad,Premium,Savings,Withdrawal,1670.78,15473.91,683,No,None,0,0,No Loan,Medium,Home Loan,Internet Banking,Active,No,4,,
1002304,11044,502304,05-07-2025,33,Other,Bengaluru,Mass Market,Savings,Withdrawal,381.98,10824.86,679,Yes,Auto,26789.79,11.37,Active,Medium,Savings Account,Branch,Active,No,3,,
1000424,10497,500424,20-06-2024,33,Female,Ahmedabad,Affluent,Current,UPI Payment,2871.02,19349.74,679,Yes,Home,316484.07,14.02,Active,Medium,Personal Loan,Branch,Active,No,4,,
1004350,10387,504350,24-08-2025,32,Female,Chennai,Affluent,Salary,UPI Payment,7346.23,16439.51,745,No,None,0,0,No Loan,Medium,Investment,Branch,Active,No,4,,
1001905,10770,501905,01-10-2024,25,Male,Lucknow,Mass Market,Salary,Deposit,628.67,97166.54,722,No,None,0,0,No Loan,Medium,Credit Card,Mobile App,Active,Yes,3,,
1004625,11084,504625,19-04-2025,51,Female,Lucknow,Affluent,Savings,Withdrawal,2149.27,52610.58,645,Yes,Auto,198735.9,11.97,Closed,High,Insurance,Mobile App,Active,No,4,,
1004120,10515,504120,24-10-2024,28,Male,Jaipur,Mass Market,Salary,ATM,1192.89,133784.54,722,No,None,0,0,No Loan,Medium,Personal Loan,Mobile App,Active,No,4,,
1004317,12033,504317,02-12-2024,47,Male,Ahmedabad,Affluent,Fixed Deposit,Deposit,5440.65,18109.26,761,No,None,0,0,No Loan,Low,Insurance,Internet Banking,Active,No,4,,
1001566,11926,501566,17-05-2026,34,Male,Kolkata,Affluent,Savings,UPI Payment,2252.22,43239.08,770,Yes,Education,50768.59,12.77,Closed,Low,Insurance,ATM,Active,No,4,,
1003371,10863,503371,15-04-2024,25,Female,Pune,Mass Market,Savings,UPI Payment,2758.22,152577.23,783,No,None,0,0,No Loan,Low,Insurance,Internet Banking,Active,No,5,,
1000840,11574,500840,23-09-2024,42,Male,Delhi,Mass Market,Savings,Card Payment,5452.56,13177.62,786,Yes,Education,260757.23,13.87,Closed,Low,Personal Loan,Internet Banking,Active,No,5,,
1000501,10733,500501,18-04-2026,21,Female,Chennai,Mass Market,Salary,Transfer,2910.72,36120.95,808,No,None,0,0,No Loan,Low,Credit Card,Branch,Active,No,5,,
1000142,11497,500142,20-03-2026,35,Male,Ahmedabad,Mass Market,Savings,UPI Payment,1065.16,21253.54,769,No,None,0,0,No Loan,Low,Investment,Internet Banking,Inactive,No,4,,
1001378,11717,501378,06-08-2024,37,Male,Kolkata,Affluent,Savings,Deposit,2100.17,29222.71,661,Yes,Education,102575.77,11.69,Active,Medium,Investment,ATM,Active,No,3,,
1004016,12362,504016,04-07-2026,21,Male,Ahmedabad,Affluent,Savings,Transfer,438.81,11623.28,749,No,None,0,0,No Loan,Medium,Credit Card,Mobile App,Active,No,4,,
1003260,12102,503260,29-05-2025,52,Female,Pune,Mass Market,Savings,Deposit,999.15,14622.06,714,No,None,0,0,No Loan,Medium,Savings Account,Mobile App,Active,No,4,,
1001139,11709,501139,02-05-2025,53,Female,Jaipur,Mass Market,Savings,ATM,2823.96,31097.43,736,No,None,0,0,No Loan,Medium,Insurance,ATM,Dormant,Yes,3,,
1003097,10942,503097,28-05-2025,38,Male,Chennai,Affluent,Savings,UPI Payment,5988.65,4445.22,647,No,None,0,0,No Loan,High,Credit Card,ATM,Active,No,5,,
1001788,10822,501788,23-01-2026,38,Male,Mumbai,Mass Market,Savings,UPI Payment,2314.64,54123.56,726,Yes,Home,130158.68,11.79,Approved,Medium,Home Loan,Internet Banking,Active,No,5,,
1002582,12401,502582,11-08-2025,42,Female,Pune,Affluent,Current,Transfer,3380.77,7932.71,740,No,None,0,0,No Loan,Medium,Insurance,ATM,Active,No,4,,
1000551,11215,500551,20-04-2024,37,Male,Bengaluru,Affluent,Current,ATM,2648.09,7861.57,792,No,None,0,0,No Loan,Low,Fixed Deposit,Internet Banking,Active,No,5,,
1003115,12370,503115,16-08-2024,46,Female,Pune,Mass Market,Savings,UPI Payment,1801.11,5599.81,683,No,None,0,0,No Loan,Medium,Fixed Deposit,Mobile App,Active,No,4,,
1002020,10793,502020,16-04-2026,44,Female,Chennai,Mass Market,Savings,Transfer,3511.7,18331.89,674,No,None,0,0,No Loan,Medium,Home Loan,Mobile App,Active,No,4,,
1000949,10712,500949,02-08-2024,45,Female,Pune,Mass Market,Savings,Deposit,1562.74,18277.3,760,No,None,0,0,No Loan,Low,Personal Loan,Mobile App,Active,No,5,,
1002276,10449,502276,06-05-2024,32,Female,Chennai,Premium,Current,Card Payment,5429.8,13333.78,831,No,None,0,0,No Loan,Low,Savings Account,Internet Banking,Active,No,4,,
1000533,11882,500533,02-03-2025,36,Male,Mumbai,Mass Market,Savings,Transfer,1664.12,15868.78,778,Yes,Personal,88895.76,11.71,Approved,Low,Credit Card,ATM,Active,No,4,,
1001830,10715,501830,11-03-2026,29,Male,Hyderabad,Mass Market,Salary,UPI Payment,5079.59,22574.34,635,No,None,0,0,No Loan,High,Savings Account,Branch,Active,No,3,,
1002933,11649,502933,08-05-2024,38,Female,Ahmedabad,Affluent,Current,Deposit,5434.42,15936.66,750,Yes,Home,187321.32,9.32,Closed,Low,Savings Account,Internet Banking,Active,Yes,4,,
1004429,12464,504429,22-04-2024,51,Male,Chennai,High Net Worth,Current,ATM,1420.81,5286.39,702,No,None,0,0,No Loan,Medium,Credit Card,ATM,Active,No,5,,
1003890,11630,503890,10-04-2024,39,Female,Kolkata,Mass Market,Current,Transfer,8730.71,34122.52,680,No,None,0,0,No Loan,Medium,Credit Card,Phone Banking,Active,No,4,,
1001603,12336,501603,21-06-2025,38,Male,Pune,Mass Market,Salary,Deposit,3070.31,87026.37,651,No,None,0,0,No Loan,Medium,Personal Loan,Mobile App,Active,No,5,,
1000640,11470,500640,11-06-2025,44,Female,Jaipur,Affluent,Current,Transfer,2092.74,29445.58,775,No,None,0,0,No Loan,Low,Insurance,Mobile App,Active,Yes,3,,
1004843,11684,504843,12-10-2024,33,Female,Lucknow,Affluent,Savings,UPI Payment,1456.01,39069.11,651,No,None,0,0,No Loan,Medium,Investment,Branch,Dormant,No,5,,
1000968,10051,500968,07-07-2024,40,Male,Lucknow,Mass Market,Savings,Transfer,7848.11,6806.71,780,No,None,0,0,No Loan,Low,Investment,ATM,Inactive,No,4,,
1004248,10110,504248,19-08-2024,32,Male,Mumbai,Affluent,Savings,Withdrawal,7516.84,28327.69,761,No,None,0,0,No Loan,Low,Personal Loan,Phone Banking,Inactive,No,4,,
1002641,10442,502641,19-03-2026,37,Female,Hyderabad,Affluent,Fixed Deposit,Withdrawal,11837.71,28259.9,777,Yes,Education,21667.17,13.29,Active,Low,Investment,Mobile App,Active,No,3,,
1001684,11802,501684,18-07-2025,26,Male,Pune,Mass Market,Current,Deposit,1709.81,55934.57,594,Yes,Auto,29337.36,12.33,Defaulted,High,Home Loan,ATM,Active,No,4,,
1004481,12495,504481,18-11-2024,21,Female,Chennai,Affluent,Salary,Withdrawal,1105.26,163555.28,621,No,None,0,0,No Loan,High,Insurance,Branch,Active,No,3,,
1002358,12449,502358,04-03-2025,44,Male,Chennai,Mass Market,Salary,Deposit,16045.07,75267.05,635,Yes,Education,47176.29,13.96,Closed,High,Fixed Deposit,ATM,Active,No,4,,
1000156,10684,500156,04-07-2025,27,Male,Pune,Affluent,Savings,UPI Payment,12808.9,77812.86,513,Yes,Business,20314.67,14.31,Closed,High,Fixed Deposit,Internet Banking,Active,No,3,,
1002630,11071,502630,23-05-2026,45,Female,Hyderabad,Premium,Current,Withdrawal,2009.87,15950.22,850,Yes,Personal,44255.61,11.5,Active,Low,Fixed Deposit,Mobile App,Dormant,No,4,,
1004160,10918,504160,17-01-2026,39,Male,Bengaluru,Affluent,Salary,Card Payment,3067.33,26381.61,648,No,None,0,0,No Loan,High,Fixed Deposit,Branch,Active,No,4,,
1001090,11410,501090,04-12-2025,55,Female,Pune,Mass Market,Fixed Deposit,ATM,1665.67,6254,767,No,None,0,0,No Loan,Low,Credit Card,Branch,Active,No,4,,
1003821,12140,503821,24-06-2025,28,Other,Ahmedabad,Affluent,Fixed Deposit,Deposit,5207.88,14841.03,700,No,None,0,0,No Loan,Medium,Home Loan,ATM,Inactive,No,3,,
1004251,11117,504251,19-12-2024,25,Female,Lucknow,Affluent,Current,UPI Payment,2530.77,76512.51,625,No,None,0,0,No Loan,High,Insurance,Mobile App,Dormant,No,5,,
1000289,12206,500289,06-08-2026,52,Male,Ahmedabad,Premium,Savings,UPI Payment,4416.73,227896.74,805,Yes,Business,95296.61,10.53,Active,Low,Home Loan,Mobile App,Active,No,4,,
1000931,11142,500931,01-01-2026,39,Male,Bengaluru,Mass Market,Savings,Deposit,1998.55,25055.7,596,No,None,0,0,No Loan,High,Home Loan,Mobile App,Inactive,No,4,,
1002551,10283,502551,30-05-2025,48,Female,Bengaluru,Premium,Savings,Card Payment,1575.61,8473.01,696,No,None,0,0,No Loan,Medium,Home Loan,Branch,Active,No,5,,
1002278,11507,502278,03-04-2026,45,Male,Bengaluru,Mass Market,Savings,Deposit,1102.97,16502.51,652,No,None,0,0,No Loan,Medium,Credit Card,Branch,Inactive,No,4,,
1003387,10870,503387,12-02-2026,27,Male,Mumbai,Premium,Savings,Deposit,1491.93,7961.13,729,Yes,Education,434062.33,14.45,Active,Medium,Home Loan,Mobile App,Active,Yes,3,,
1002699,11678,502699,01-04-2026,35,Female,Mumbai,Premium,Savings,UPI Payment,2171.82,68684.22,758,No,None,0,0,No Loan,Low,Home Loan,Internet Banking,Active,No,4,,
1003894,10721,503894,14-05-2026,21,Female,Mumbai,Premium,Savings,Card Payment,2138.38,53655.44,789,Yes,Home,151116.21,15.99,Active,Low,Savings Account,Mobile App,Active,No,4,,
1000943,10794,500943,29-06-2025,46,Female,Bengaluru,Mass Market,Current,UPI Payment,25551.82,34322.83,548,Yes,Business,115406.25,13.95,Approved,High,Credit Card,Internet Banking,Inactive,No,5,,
1003878,12462,503878,24-04-2025,23,Male,Chennai,Mass Market,Salary,UPI Payment,1359.62,4277.66,667,Yes,Home,103267.98,7.97,Active,Medium,Savings Account,Internet Banking,Inactive,No,5,,
1004673,10187,504673,18-12-2024,36,Female,Hyderabad,Mass Market,Savings,ATM,2481.9,20121.24,828,No,None,0,0,No Loan,Low,Savings Account,Mobile App,Active,No,4,,
1001699,11580,501699,19-10-2024,37,Male,Lucknow,Mass Market,Fixed Deposit,Card Payment,3680.2,19461.61,680,No,None,0,0,No Loan,Medium,Home Loan,ATM,Active,Yes,3,,
1004719,12424,504719,20-07-2024,47,Male,Lucknow,Premium,Savings,Withdrawal,4893.99,22469.43,850,No,None,0,0,No Loan,Low,Credit Card,Phone Banking,Active,No,3,,
1003197,10906,503197,15-07-2026,33,Male,Bengaluru,Mass Market,Savings,UPI Payment,1888.66,25634.5,714,Yes,Personal,139763.76,13.64,Closed,Medium,Credit Card,Branch,Active,No,5,,
1002522,11992,502522,14-03-2024,46,Male,Pune,Affluent,Savings,UPI Payment,1510.95,3346.49,592,No,None,0,0,No Loan,High,Insurance,Mobile App,Active,No,5,,
1002827,11133,502827,02-05-2024,32,Male,Hyderabad,Premium,Savings,Transfer,7724.65,4092.32,639,No,None,0,0,No Loan,High,Personal Loan,Internet Banking,Active,No,4,,
1000986,12292,500986,22-11-2024,41,Female,Ahmedabad,Affluent,Savings,Card Payment,4360.32,50303.84,740,No,None,0,0,No Loan,Medium,Savings Account,Branch,Active,No,4,,
1002788,10701,502788,16-06-2026,21,Male,,Premium,Salary,Transfer,455.65,6737.32,838,Yes,Personal,63936.07,7.23,Active,Low,Investment,Internet Banking,Active,No,4,,
1003083,11089,503083,11-10-2024,63,Male,Bengaluru,High Net Worth,Savings,ATM,1416.24,35962.58,682,No,None,0,0,No Loan,Medium,Fixed Deposit,Internet Banking,Dormant,No,4,,
1002584,11940,502584,06-03-2024,39,Male,Lucknow,Affluent,Salary,Transfer,760.39,31802.97,753,No,None,0,0,No Loan,Low,Fixed Deposit,Phone Banking,Inactive,No,5,,
1004788,11013,504788,27-09-2024,21,Female,Pune,Premium,Savings,Deposit,4198.76,21367.09,744,Yes,Business,32699.81,10.97,Approved,Medium,Personal Loan,Internet Banking,Active,No,4,,
1000982,12361,500982,21-04-2024,35,Female,Ahmedabad,Premium,Current,UPI Payment,3000.06,17430.81,719,Yes,Home,117985.01,8.75,Active,Medium,Fixed Deposit,Phone Banking,Active,No,5,,
1002750,11812,502750,12-06-2026,44,Female,Chennai,Mass Market,Savings,Card Payment,1093.74,90974.28,708,No,None,0,0,No Loan,Medium,Personal Loan,Mobile App,Inactive,No,4,,
1002446,10896,502446,16-08-2025,48,Female,Mumbai,Mass Market,Fixed Deposit,Withdrawal,2069.27,57082.47,527,No,None,0,0,No Loan,High,Insurance,Mobile App,Active,No,4,,
1004698,11482,504698,28-08-2025,32,Female,Bengaluru,Affluent,Savings,Deposit,1257.07,7863.28,715,Yes,Home,99909.17,9.34,Active,Medium,Credit Card,Internet Banking,Active,No,5,,
1002958,10786,502958,19-06-2025,30,Female,Bengaluru,Mass Market,Current,Withdrawal,1847.87,252918.85,701,Yes,Business,64671.68,14.94,Active,Medium,Credit Card,Mobile App,Active,No,5,,
1003544,12080,503544,28-08-2025,35,Male,Jaipur,Mass Market,Savings,Transfer,540.83,24094.67,744,Yes,Education,24542.02,11.76,Closed,Medium,Insurance,ATM,Active,No,4,,
1004708,12054,504708,18-03-2026,26,Male,Chennai,Mass Market,Salary,Transfer,4778.17,21566.16,620,No,None,0,0,No Loan,High,Fixed Deposit,Internet Banking,Active,No,5,,
1001458,10887,501458,27-09-2024,28,Female,Jaipur,Premium,Savings,Card Payment,3410.61,6757.94,740,No,None,0,0,No Loan,Medium,Investment,Mobile App,Active,Yes,2,,
1001396,11548,501396,01-08-2025,40,Male,Ahmedabad,Mass Market,Savings,ATM,2924.66,46799.14,746,Yes,Personal,81588.45,15.12,Active,Medium,Home Loan,Mobile App,Active,No,5,,
1000265,10640,500265,31-08-2024,35,Male,Delhi,Affluent,Savings,Withdrawal,2678.06,10729.64,727,No,None,0,0,No Loan,Medium,Home Loan,Mobile App,Active,Yes,3,,
1003683,11827,503683,24-10-2025,40,Male,Hyderabad,Mass Market,Savings,Deposit,878.52,48089.72,724,No,None,0,0,No Loan,Medium,Investment,Mobile App,Active,No,5,,
1000930,11866,500930,22-12-2025,22,Female,Lucknow,Mass Market,Savings,UPI Payment,3332.48,24959.39,755,No,None,0,0,No Loan,Low,Credit Card,Mobile App,Active,No,5,,
1003076,11310,503076,21-01-2024,44,Female,Mumbai,Premium,Salary,Card Payment,1708.95,26848.54,701,No,None,0,0,No Loan,Medium,Credit Card,Mobile App,Active,No,4,,
1002708,10988,502708,08-04-2025,21,Female,Lucknow,Mass Market,Savings,Transfer,6054.17,17646.83,626,No,None,0,0,No Loan,High,Fixed Deposit,Mobile App,Dormant,Yes,3,,
1000247,12201,500247,20-08-2026,34,Male,Kolkata,Mass Market,Salary,ATM,619.77,44603.94,622,Yes,Auto,52654.97,7.6,Closed,High,Credit Card,Internet Banking,Active,No,4,,
1003608,12241,503608,16-04-2025,49,Female,Delhi,Mass Market,Current,Transfer,1863.02,31829.98,613,No,None,0,0,No Loan,High,Home Loan,Mobile App,Active,No,4,,
1001759,10987,501759,26-01-2025,21,Male,Kolkata,Mass Market,Salary,ATM,5501.3,33416.11,652,No,None,0,0,No Loan,Medium,Credit Card,Mobile App,Active,No,4,,
1004915,10306,504915,07-08-2025,40,Male,Lucknow,Mass Market,Current,Deposit,5261.84,71149.1,690,No,None,0,0,No Loan,Medium,Investment,Mobile App,Active,No,4,,
1002826,12037,502826,27-09-2024,33,Male,Pune,Mass Market,Current,Card Payment,13992.24,54757.6,719,No,None,0,0,No Loan,Medium,Fixed Deposit,ATM,Active,No,4,,
1000924,12337,500924,31-10-2024,39,Female,Hyderabad,Premium,Savings,Deposit,986.85,22447.79,706,Yes,Auto,21269.52,15.83,Closed,Medium,Savings Account,ATM,Active,No,4,,
1003096,10802,503096,10-04-2024,21,Male,Jaipur,Mass Market,Current,ATM,1789.89,75783.91,688,No,None,0,0,No Loan,Medium,Home Loan,Internet Banking,Active,Yes,3,,
1000269,11046,500269,27-03-2024,34,Female,Mumbai,Mass Market,Savings,Withdrawal,1857.55,73898.49,751,No,None,0,0,No Loan,Low,Home Loan,Internet Banking,Active,No,5,,
1000670,12146,500670,04-05-2026,33,Male,Chennai,Mass Market,Savings,Withdrawal,5922.28,13175.62,689,Yes,Business,89503.28,7.51,Active,Medium,Home Loan,Branch,Inactive,No,4,,
1002751,10505,502751,03-01-2024,44,Female,Ahmedabad,Mass Market,Savings,Deposit,6025.69,142419.33,709,No,None,0,0,No Loan,Medium,Home Loan,Mobile App,Active,No,5,,
1001911,10700,501911,12-04-2026,32,Female,Delhi,Mass Market,Savings,Withdrawal,8670.75,15536.94,658,Yes,Home,224300.07,7.26,Approved,Medium,Savings Account,Internet Banking,Active,Yes,3,,
1003001,11238,503001,30-12-2025,38,Male,Jaipur,Premium,Salary,Transfer,5452.35,16544.9,628,Yes,Education,167551.27,13.76,Active,High,Credit Card,Mobile App,Active,No,4,,
1001153,10187,501153,14-03-2025,28,Female,Hyderabad,Mass Market,Current,Deposit,2231.95,43132.87,673,No,None,0,0,No Loan,Medium,Personal Loan,Branch,Active,No,4,,
1004828,12448,504828,11-04-2025,24,Female,Kolkata,Premium,Savings,Withdrawal,9902.01,209676.39,731,No,None,0,0,No Loan,Medium,Savings Account,Mobile App,Active,No,5,,
1003471,12330,503471,25-10-2024,40,Male,Bengaluru,Mass Market,Savings,UPI Payment,7489.15,21529.34,740,No,None,0,0,No Loan,Medium,Investment,Internet Banking,Active,No,5,,
1004252,10862,504252,28-11-2024,46,Female,Pune,Mass Market,Savings,Card Payment,2507.6,80040.8,838,No,None,0,0,No Loan,Low,Home Loan,Mobile App,Active,Yes,4,,
1003896,12283,503896,30-08-2024,35,Female,Mumbai,Premium,Current,Card Payment,5300.47,71341.5,642,No,None,0,0,No Loan,High,Personal Loan,Internet Banking,Inactive,No,3,,
1002188,11614,502188,05-07-2026,28,Female,Lucknow,Affluent,Savings,Deposit,5427.66,26324.55,814,Yes,Personal,77338.65,9.22,Closed,Low,Investment,Internet Banking,Inactive,No,3,,
1002998,12483,502998,17-02-2026,24,Other,Pune,Affluent,Salary,Card Payment,6723.07,47382.4,669,No,None,0,0,No Loan,Medium,Credit Card,Mobile App,Active,No,3,,
1001916,12336,501916,22-06-2026,49,Female,Bengaluru,Mass Market,Current,Card Payment,8281.08,24999.24,747,Yes,Education,67842.49,13.33,Active,Medium,Home Loan,ATM,Active,No,4,,
1000613,11263,500613,14-03-2025,36,Female,Delhi,Mass Market,Salary,UPI Payment,329.35,3230.77,625,No,None,0,0,No Loan,High,Personal Loan,Internet Banking,Active,Yes,2,,
1003751,10073,503751,23-03-2026,26,Male,Hyderabad,Mass Market,Savings,Card Payment,1693.73,71884.79,820,Yes,Home,37165.06,9.75,Closed,Low,Credit Card,Mobile App,Active,No,5,,
1004604,12056,504604,01-06-2024,66,Male,Pune,Affluent,Fixed Deposit,UPI Payment,5282.24,13277.52,634,No,None,0,0,No Loan,High,Savings Account,ATM,Active,No,4,,
1001899,11547,501899,15-04-2026,47,Female,Pune,Affluent,Fixed Deposit,Withdrawal,4003.97,60177.55,744,No,None,0,0,No Loan,Medium,Investment,Mobile App,Dormant,No,4,,
1001650,11623,501650,17-06-2026,22,Female,Hyderabad,Affluent,Current,UPI Payment,1084.03,13125.31,676,No,None,0,0,No Loan,Medium,Fixed Deposit,Internet Banking,Active,No,5,,
1003169,10818,503169,02-03-2024,31,Female,Bengaluru,Premium,Savings,UPI Payment,1019.96,22889.93,798,No,None,0,0,No Loan,Low,Personal Loan,Mobile App,Inactive,No,5,,
1000259,11528,500259,09-09-2025,30,Female,Chennai,Premium,Current,ATM,4214.11,4316.93,840,No,None,0,0,No Loan,Low,Investment,ATM,Dormant,No,4,,
1000848,12040,500848,14-10-2025,34,Female,Hyderabad,Affluent,Savings,Withdrawal,3688.3,28935.8,676,No,None,0,0,No Loan,Medium,Investment,Mobile App,Active,No,4,,
1004373,11997,504373,11-06-2024,45,Female,Ahmedabad,Mass Market,Savings,Transfer,8204.63,28981.57,747,No,None,0,0,No Loan,Medium,Personal Loan,Mobile App,Active,No,5,,
1001234,10183,501234,01-02-2026,23,Male,Delhi,Mass Market,Savings,Withdrawal,3218.1,41931.34,714,No,None,0,0,No Loan,Medium,Insurance,Mobile App,Active,No,5,,
1001128,11623,501128,11-05-2026,24,Female,Pune,Mass Market,Savings,Transfer,2993.94,109076.42,656,No,None,0,0,No Loan,Medium,Fixed Deposit,ATM,Active,No,4,,
1001968,10364,501968,27-12-2024,40,Female,Pune,Affluent,Savings,Withdrawal,5139.19,4603.23,746,No,None,0,0,No Loan,Medium,Investment,ATM,Active,No,4,,
1000559,10685,500559,05-09-2024,40,Male,Hyderabad,Premium,Salary,UPI Payment,7540.72,80404.41,781,No,None,0,0,No Loan,Low,Home Loan,Internet Banking,Active,No,5,,
1004778,12169,504778,25-10-2025,27,Male,Pune,Mass Market,Current,Deposit,912.98,10018.97,652,No,None,0,0,No Loan,Medium,Investment,Mobile App,Active,No,4,,
1000485,10718,500485,21-11-2025,50,Female,Kolkata,Mass Market,Salary,Deposit,2363.34,29895.67,674,No,None,0,0,No Loan,Medium,Credit Card,Mobile App,Active,Yes,2,,
1001321,10003,501321,19-06-2024,39,Female,Bengaluru,Mass Market,Fixed Deposit,Deposit,5646.38,35603.27,695,Yes,Auto,40108.45,10.63,Closed,Medium,Fixed Deposit,Mobile App,Inactive,Yes,5,,
1002760,10579,502760,14-02-2025,28,Male,Delhi,Mass Market,Salary,UPI Payment,2232.58,6949.68,683,No,None,0,0,No Loan,Medium,Insurance,Mobile App,Active,No,3,,
1000008,11239,500008,22-10-2025,52,Male,Chennai,Premium,Salary,Deposit,3030.67,34722.51,552,Yes,Home,30111.97,14.2,Active,High,Home Loan,Mobile App,Active,No,5,,
1003460,11217,503460,18-05-2024,35,Male,Kolkata,Affluent,Current,Card Payment,1786.86,40728.85,753,Yes,Business,133485.82,8.62,Closed,Low,Savings Account,ATM,Active,No,4,,
1003205,10431,503205,25-06-2025,39,Male,Jaipur,Mass Market,Savings,ATM,11591.54,4009.92,649,No,None,0,0,No Loan,High,Fixed Deposit,Internet Banking,Active,No,5,,
1001451,12007,501451,17-03-2025,28,Female,Delhi,Premium,Savings,Withdrawal,1218.93,15934.14,699,Yes,Personal,73707.05,9.88,Active,Medium,Home Loan,Internet Banking,Active,No,5,,
1003999,12107,503999,22-02-2024,42,Female,Chennai,Mass Market,Savings,Deposit,1139.39,23172.6,674,No,None,0,0,No Loan,Medium,Investment,Internet Banking,Active,No,5,,
1001815,10944,501815,20-02-2024,37,Male,Pune,Mass Market,Savings,Withdrawal,6652.68,55556.84,,No,None,0,0,No Loan,Medium,Credit Card,Branch,Dormant,No,5,,
1000774,11604,500774,14-03-2025,21,Female,Bengaluru,Mass Market,Fixed Deposit,Transfer,873.28,17959.81,587,No,None,0,0,No Loan,High,Investment,ATM,Active,Yes,4,,
1001012,12204,501012,22-04-2026,35,Female,Ahmedabad,Mass Market,Fixed Deposit,Card Payment,7008.16,12528.98,712,No,None,0,0,No Loan,Medium,Personal Loan,ATM,Active,No,4,,
1002834,10174,502834,16-02-2024,50,Female,Lucknow,Affluent,Current,Transfer,2464.24,97150.33,624,No,None,0,0,No Loan,High,Investment,ATM,Active,No,5,,
1002464,10629,502464,26-03-2026,21,Female,Bengaluru,Affluent,Fixed Deposit,Card Payment,12256.98,6269.36,817,No,None,0,0,No Loan,Low,Personal Loan,Mobile App,Active,No,4,,
1001992,11690,501992,10-05-2025,31,Female,Mumbai,Mass Market,Savings,Deposit,5312.8,59650.42,759,Yes,Business,112322,14.36,Defaulted,Low,Investment,Internet Banking,Active,No,4,,
1001278,10432,501278,01-05-2024,41,Male,Ahmedabad,Mass Market,Savings,ATM,14140.31,21989.09,642,No,None,0,0,No Loan,High,Credit Card,Mobile App,Active,No,5,,
1001784,10851,501784,09-09-2024,53,Male,Bengaluru,Affluent,Savings,Transfer,6288.49,11531.06,672,No,None,0,0,No Loan,Medium,Personal Loan,Internet Banking,Active,No,5,,
1004066,11815,504066,08-03-2026,36,Female,Pune,Affluent,Current,Card Payment,5329.35,22033.87,618,No,None,0,0,No Loan,High,Personal Loan,Internet Banking,Active,No,4,,
1000447,10418,500447,23-10-2025,51,Female,Lucknow,Affluent,Savings,UPI Payment,1265.15,17210.26,684,No,None,0,0,No Loan,Medium,Personal Loan,Mobile App,Inactive,No,5,,
1000881,11315,500881,26-10-2025,46,Male,Chennai,Mass Market,Savings,ATM,10655.28,12135.18,,Yes,Home,133626.01,12.8,Active,Low,Credit Card,Branch,Active,No,4,,
1004470,12131,504470,17-11-2025,41,Female,Bengaluru,Mass Market,Current,Transfer,4514.5,7837.15,733,No,None,0,0,No Loan,Medium,Credit Card,Mobile App,Active,No,5,,
1000782,11494,500782,25-09-2025,41,Other,Kolkata,Affluent,Savings,Transfer,2959.05,175367.12,637,No,None,0,0,No Loan,High,Home Loan,Branch,Active,No,4,,
1001750,10086,501750,29-04-2026,29,Female,Kolkata,Mass Market,Savings,Transfer,1169.56,98782.18,670,No,None,0,0,No Loan,Medium,Investment,Mobile App,Active,No,4,,
1003404,10520,503404,28-01-2025,30,Male,Mumbai,Premium,Savings,Transfer,1756.51,76816.57,735,No,None,0,0,No Loan,Medium,Savings Account,Mobile App,Active,No,3,,
1004892,11363,504892,01-03-2025,45,Female,Chennai,Mass Market,Savings,Withdrawal,1806.38,68395.78,829,No,None,0,0,No Loan,Low,Savings Account,ATM,Active,No,4,,
1000884,10078,500884,20-05-2026,33,Female,Jaipur,Mass Market,Salary,Card Payment,4948.78,73345.79,686,No,None,0,0,No Loan,Medium,Credit Card,Mobile App,Active,No,5,,
1002945,11842,502945,21-11-2024,26,Male,Mumbai,Mass Market,Savings,Transfer,4594.08,92335.69,786,No,None,0,0,No Loan,Low,Investment,Mobile App,Active,No,4,,
1001092,10471,501092,09-07-2026,35,Male,Jaipur,Mass Market,Savings,ATM,6713.83,12887.23,617,No,None,0,0,No Loan,High,Savings Account,Mobile App,Active,Yes,2,,
1004672,10808,504672,01-10-2024,38,Male,Delhi,Mass Market,Fixed Deposit,Withdrawal,7551.63,24131.56,688,No,None,0,0,No Loan,Medium,Credit Card,ATM,Active,No,4,,
1000532,10714,500532,22-08-2026,46,Female,Chennai,High Net Worth,Salary,ATM,5040.92,515084.79,725,No,None,0,0,No Loan,Medium,Insurance,Mobile App,Active,No,5,,
1004041,12434,504041,03-03-2026,45,Male,Ahmedabad,Mass Market,Current,Deposit,4311.48,15941.45,659,Yes,Home,50257.39,13.03,Approved,Medium,Credit Card,Internet Banking,Active,Yes,2,,
1003340,11593,503340,19-11-2025,40,Male,Chennai,Affluent,Salary,Card Payment,9175.03,37625.2,646,No,None,0,0,No Loan,High,Credit Card,Mobile App,Active,No,5,,
1004590,10278,504590,24-12-2024,40,Female,Hyderabad,Affluent,Salary,UPI Payment,6798.97,87125.78,716,No,None,0,0,No Loan,Medium,Fixed Deposit,ATM,Active,No,3,,
1001728,10217,501728,29-06-2025,39,Female,Delhi,Mass Market,Current,UPI Payment,703.2,32945.58,757,Yes,Business,81046.3,12.57,Active,Low,Home Loan,Mobile App,Active,No,5,,
1000611,12194,500611,29-04-2026,27,Other,Delhi,Affluent,Salary,ATM,4721.95,12465.93,630,Yes,Business,40893.8,13.95,Approved,High,Personal Loan,ATM,Active,No,4,,
1000571,12095,500571,20-06-2025,45,Female,Bengaluru,Mass Market,Savings,Transfer,1224.4,16755.13,785,Yes,Business,162925.35,11.56,Approved,Low,Personal Loan,Internet Banking,Active,No,5,,
1002687,10633,502687,23-04-2025,26,Female,Pune,Mass Market,Savings,Transfer,278.86,18015.22,584,No,None,0,0,No Loan,High,Personal Loan,Mobile App,Active,Yes,4,,
1003044,10082,503044,08-03-2026,40,Male,Mumbai,Mass Market,Savings,Card Payment,7685.77,188553.99,817,No,None,0,0,No Loan,Low,Personal Loan,Mobile App,Active,No,4,,
1000344,12198,500344,24-09-2024,21,Male,Ahmedabad,Mass Market,Current,Deposit,3073.25,41819.1,625,Yes,Personal,217438.85,11.11,Active,High,Investment,Mobile App,Dormant,No,5,,
1003016,12294,503016,10-11-2024,23,Female,Chennai,Mass Market,Savings,Card Payment,3883.04,25965.18,563,No,None,0,0,No Loan,High,Insurance,ATM,Active,No,5,,
1003155,11036,503155,30-11-2024,29,Male,Lucknow,Premium,Savings,UPI Payment,1430.38,17729.36,780,No,None,0,0,No Loan,Low,Home Loan,Mobile App,Active,Yes,2,,
1000435,11441,500435,12-05-2026,42,Male,Hyderabad,Mass Market,Current,Transfer,4140.64,4433.98,695,No,None,0,0,No Loan,Medium,Personal Loan,Mobile App,Inactive,Yes,3,,
1001904,10921,501904,11-05-2026,21,Female,Chennai,Affluent,Savings,Card Payment,610.42,28161.33,626,No,None,0,0,No Loan,High,Personal Loan,ATM,Active,No,3,,
1003823,11163,503823,10-09-2025,33,Female,Mumbai,Premium,Savings,Withdrawal,6334.81,6888.39,748,No,None,0,0,No Loan,Medium,Savings Account,Branch,Active,No,,,
1002790,12097,502790,05-05-2024,38,Female,Pune,Mass Market,Salary,Card Payment,1682.02,56298.05,757,No,None,0,0,No Loan,Low,Home Loan,Mobile App,Active,No,5,,
1002070,12311,502070,02-08-2024,55,Female,Lucknow,Affluent,Savings,Deposit,2692.46,187195.95,782,No,None,0,0,No Loan,Low,Credit Card,Mobile App,Active,No,4,,
1001538,11334,501538,21-06-2025,36,Male,Jaipur,Mass Market,Savings,Withdrawal,4224.67,28631.53,648,Yes,Auto,64359.41,15.98,Approved,High,Savings Account,Internet Banking,Active,Yes,1,,
1002268,11305,502268,18-09-2024,44,Male,Mumbai,Premium,Current,UPI Payment,2996.14,8404.42,,No,None,0,0,No Loan,Medium,Home Loan,Phone Banking,Inactive,No,5,,
1002362,11776,502362,31-10-2025,51,Female,Delhi,Premium,Savings,ATM,470.72,52102.3,681,Yes,Education,217801.16,15.33,Active,Medium,Personal Loan,Branch,Inactive,Yes,2,,
1001518,12014,501518,08-03-2025,44,Male,Ahmedabad,Premium,Savings,Deposit,5136.46,41360.41,704,No,None,0,0,No Loan,Medium,Insurance,Mobile App,Active,No,5,,
1000966,11929,500966,15-03-2024,44,Male,Kolkata,Affluent,Savings,Deposit,2491.31,35253,648,No,None,0,0,No Loan,High,Insurance,Mobile App,Inactive,No,3,,
1004417,11505,504417,26-11-2024,53,Male,Hyderabad,Affluent,Savings,UPI Payment,2887.64,42469.21,646,No,None,0,0,No Loan,High,Insurance,ATM,Active,No,5,,
1000529,11206,500529,01-03-2026,32,Male,Chennai,Mass Market,Savings,Transfer,1130.18,15259.85,696,No,None,0,0,No Loan,Medium,Investment,ATM,Active,No,5,,
1000177,11662,500177,26-07-2026,54,Male,Hyderabad,Mass Market,Savings,UPI Payment,3521.79,36527.37,762,Yes,Home,93446.8,8.63,Approved,Low,Home Loan,Mobile App,Active,Yes,3,,
1004595,10761,504595,21-11-2024,47,Female,Lucknow,Mass Market,Salary,UPI Payment,10764.72,17060.12,757,No,None,0,0,No Loan,Low,Investment,ATM,Active,No,4,,
1004109,11995,504109,22-08-2024,44,Female,,Mass Market,Savings,Withdrawal,2987.69,23902.05,850,No,None,0,0,No Loan,Low,Insurance,ATM,Active,No,4,,
1004308,10227,504308,09-11-2025,23,Male,Pune,Premium,Savings,Card Payment,1395.7,70737.91,675,No,None,0,0,No Loan,Medium,Insurance,Mobile App,Active,No,4,,
1000573,11550,500573,27-04-2024,43,Female,Delhi,Mass Market,Savings,Deposit,654.93,14572.99,746,No,None,0,0,No Loan,Medium,Savings Account,Mobile App,Active,No,4,,
1002315,12086,502315,08-08-2026,25,Female,Pune,Premium,Savings,Deposit,4158.05,3723.29,775,No,None,0,0,No Loan,Low,Savings Account,Mobile App,Active,No,4,,
1003525,10844,503525,16-12-2025,37,Male,Kolkata,Mass Market,Savings,Deposit,7105.01,5656.61,832,No,None,0,0,No Loan,Low,Home Loan,Mobile App,Active,No,5,,
1002940,11179,502940,04-05-2024,37,Female,Chennai,Mass Market,Savings,Card Payment,4092.74,74701.25,676,No,None,0,0,No Loan,Medium,Investment,Phone Banking,Active,No,4,,
1003227,11479,503227,06-11-2024,25,Female,Kolkata,Premium,Current,Card Payment,1132.09,13495.91,802,No,None,0,0,No Loan,Low,Home Loan,Mobile App,Active,No,4,,
1004328,12044,504328,27-12-2024,22,Male,Ahmedabad,Mass Market,Salary,Transfer,9794.55,142082.33,524,Yes,Business,24615.95,10.99,Active,High,Savings Account,Mobile App,Active,No,4,,
1002209,10523,502209,02-08-2025,31,,Delhi,Affluent,Savings,UPI Payment,3134.98,113501.85,728,Yes,Home,134982.24,12.12,Closed,Medium,Savings Account,Phone Banking,Active,No,4,,
1002581,12179,502581,30-01-2026,29,Male,Kolkata,Mass Market,Fixed Deposit,UPI Payment,2589.22,3475.33,710,No,None,0,0,No Loan,Medium,Insurance,Mobile App,Inactive,No,4,,
1002771,10780,502771,03-12-2024,26,Female,Delhi,Affluent,Current,UPI Payment,3343.78,25815.64,617,No,None,0,0,No Loan,High,Home Loan,ATM,Active,No,4,,
1000384,11120,500384,02-09-2024,42,Male,Kolkata,High Net Worth,Savings,Deposit,2206.27,40647.28,720,No,None,0,0,No Loan,Medium,Credit Card,Mobile App,Dormant,No,4,,
1000853,12220,500853,13-03-2024,21,Male,Kolkata,Premium,Salary,Deposit,2174.97,59166.21,658,No,None,0,0,No Loan,Medium,Savings Account,Mobile App,Active,Yes,3,,
1001881,11073,501881,11-06-2026,49,Male,Delhi,Premium,Savings,Deposit,1810.71,4640.9,779,No,None,0,0,No Loan,Low,Insurance,Internet Banking,Active,Yes,3,,
1000371,11082,500371,22-12-2024,26,Male,Delhi,Premium,Current,Withdrawal,1854.02,35529.57,579,Yes,Business,63151.65,8.25,Active,High,Insurance,ATM,Active,No,5,,
1004338,11667,504338,24-05-2024,29,Male,Mumbai,Mass Market,Savings,UPI Payment,8587.48,35910.95,759,No,None,0,0,No Loan,Low,Insurance,Mobile App,Active,No,5,,
1004334,10220,504334,21-04-2025,42,Male,Pune,Affluent,Savings,Withdrawal,2774.25,55651.65,741,No,None,0,0,No Loan,Medium,Personal Loan,Mobile App,Active,No,3,,
1001106,10593,501106,05-12-2024,29,Female,Kolkata,Mass Market,Salary,Card Payment,2471.26,3295.48,659,No,None,0,0,No Loan,Medium,Investment,Branch,Active,Yes,4,,
1002587,10265,502587,19-06-2024,34,Female,Delhi,Mass Market,Savings,UPI Payment,578.15,65635.35,670,No,None,0,0,No Loan,Medium,Personal Loan,Branch,Active,No,5,,
1003965,10718,503965,10-04-2025,41,Male,Delhi,Mass Market,Salary,Deposit,5499.49,14132.12,705,No,None,0,0,No Loan,Medium,Savings Account,Mobile App,Active,No,5,,
1001337,10170,501337,16-01-2024,45,Female,Ahmedabad,Affluent,Savings,UPI Payment,8001.41,16913.38,724,No,None,0,0,No Loan,Medium,Personal Loan,ATM,Active,No,4,,
1002190,12217,502190,06-02-2024,45,Male,Hyderabad,Affluent,Salary,Deposit,2796.54,40578.86,652,No,None,0,0,No Loan,Medium,Home Loan,Mobile App,Active,Yes,4,,
1004605,11809,504605,06-01-2026,36,Female,Mumbai,Affluent,Savings,Withdrawal,1536.13,13018.84,793,No,None,0,0,No Loan,Low,Insurance,Mobile App,Active,No,5,,
1002673,10424,502673,18-02-2024,30,Male,Pune,Mass Market,Salary,ATM,1342.84,26409.96,586,No,None,0,0,No Loan,High,Credit Card,ATM,Active,No,4,,
1003618,11482,503618,12-05-2025,40,Female,Mumbai,Mass Market,Current,Deposit,5151.27,6511.81,763,Yes,Auto,166497.02,12.45,Closed,Low,Credit Card,Mobile App,Active,No,4,,
1002946,12310,502946,18-07-2025,27,Male,Mumbai,Mass Market,Savings,ATM,2495.12,53643.95,712,No,None,0,0,No Loan,Medium,Insurance,Branch,Active,No,4,,
1004859,10692,504859,25-10-2025,34,Female,Chennai,Mass Market,Savings,Card Payment,5866.7,8632.61,679,No,None,0,0,No Loan,Medium,Personal Loan,Internet Banking,Dormant,Yes,2,,
1001172,12344,501172,28-02-2024,53,Female,Chennai,Affluent,Current,UPI Payment,2561.56,91194.27,753,No,None,0,0,No Loan,Low,Investment,Branch,Active,No,4,,
1003993,11875,503993,23-07-2026,44,Female,Jaipur,Premium,Savings,Deposit,810.78,142266.6,669,No,None,0,0,No Loan,Medium,Fixed Deposit,Internet Banking,Active,No,5,,
1004279,10991,504279,25-08-2026,24,Male,Lucknow,Mass Market,Salary,Withdrawal,3592.34,12142.75,714,Yes,Education,85560.76,11.42,Closed,Medium,Fixed Deposit,Internet Banking,Active,No,4,,
1001423,10278,501423,13-08-2024,43,Male,Pune,Affluent,Savings,Deposit,2508.84,6373.59,761,No,None,0,0,No Loan,Low,Investment,Mobile App,Active,Yes,5,,
1003208,11737,503208,29-01-2024,47,Male,Chennai,Affluent,Savings,ATM,583.95,19276.95,744,Yes,Auto,186277.17,13.93,Defaulted,Medium,Investment,Internet Banking,Active,No,3,,
1004128,10383,504128,07-04-2025,31,Male,Delhi,Mass Market,Current,Card Payment,4518.42,12416.83,609,No,None,0,0,No Loan,High,Credit Card,Mobile App,Active,No,4,,
1004363,10725,504363,30-08-2025,42,Female,Lucknow,Mass Market,Savings,Card Payment,7515.77,47231.97,684,Yes,Business,164341.88,11.2,Active,Medium,Credit Card,Internet Banking,Active,No,5,,
1001465,10989,501465,15-12-2025,38,Male,Chennai,Mass Market,Salary,Deposit,3612.27,41844.58,675,No,None,0,0,No Loan,Medium,Investment,Branch,Active,No,4,,
1000875,11856,500875,26-02-2026,39,Female,Ahmedabad,Mass Market,Salary,Withdrawal,3300.44,99776.82,739,No,None,0,0,No Loan,Medium,Home Loan,Branch,Dormant,Yes,3,,
1002340,12067,502340,31-07-2026,39,Male,Lucknow,Mass Market,Savings,UPI Payment,2253.05,22204.31,634,No,None,0,0,No Loan,High,Fixed Deposit,Internet Banking,Active,No,5,,
1004351,11792,504351,15-07-2026,42,Female,Lucknow,Mass Market,Current,Withdrawal,2638.72,54798.17,729,No,None,0,0,No Loan,Medium,Fixed Deposit,Mobile App,Inactive,No,4,,
1001252,11915,501252,18-01-2025,46,Female,Mumbai,Premium,Savings,Withdrawal,3933.55,21175.46,703,No,None,0,0,No Loan,Medium,Credit Card,ATM,Active,No,4,,
1004970,12038,504970,05-10-2025,33,Female,Hyderabad,Mass Market,Savings,ATM,2260.07,125354.55,734,No,None,0,0,No Loan,Medium,Home Loan,Internet Banking,Active,No,5,,
1000841,11829,500841,02-09-2025,41,Male,Bengaluru,Affluent,Salary,Withdrawal,10873.06,46371.02,658,No,None,0,0,No Loan,Medium,Fixed Deposit,Internet Banking,Active,No,5,,
1003085,11573,503085,24-08-2025,22,Male,Jaipur,Mass Market,Savings,Card Payment,1735.85,52583.63,688,Yes,Auto,80708.15,8.11,Active,Medium,Credit Card,Internet Banking,Inactive,No,5,,
1000582,10373,500582,10-04-2026,34,Male,Bengaluru,Affluent,Salary,Card Payment,3127.94,50601.82,695,Yes,Education,68847.8,10.71,Defaulted,Medium,Insurance,Branch,Inactive,No,5,,
1000205,10147,500205,22-08-2025,34,Male,Delhi,Premium,Savings,Withdrawal,2349.77,22738.72,708,No,None,0,0,No Loan,Medium,Home Loan,Internet Banking,Active,Yes,2,,
1001642,11270,501642,10-09-2024,36,Female,Jaipur,Premium,Savings,UPI Payment,4058.77,40647.97,749,Yes,Home,41539.9,13.62,Closed,Medium,Fixed Deposit,Mobile App,Active,No,4,,
1002015,11812,502015,12-09-2024,47,Male,Kolkata,Affluent,Salary,Card Payment,2181.11,32983.82,678,No,None,0,0,No Loan,Medium,Fixed Deposit,Mobile App,Active,Yes,1,,
1000906,12152,500906,18-01-2025,21,Male,Delhi,Affluent,Savings,Deposit,14639.48,57365.41,792,No,None,0,0,No Loan,Low,Home Loan,ATM,Active,No,4,,
1000632,10714,500632,16-06-2024,39,Male,Bengaluru,Affluent,Savings,Withdrawal,1855.28,10985.71,785,No,None,0,0,No Loan,Low,Credit Card,Mobile App,Active,No,5,,
1004794,10491,504794,25-02-2024,44,Female,Ahmedabad,Affluent,Savings,UPI Payment,2918.58,21272.34,674,No,None,0,0,No Loan,Medium,Fixed Deposit,Mobile App,Active,No,4,,
1001975,11767,501975,20-12-2024,33,Female,Bengaluru,Premium,Savings,Card Payment,4374.79,105355.49,697,No,None,0,0,No Loan,Medium,Insurance,Mobile App,Active,No,5,,
1000163,11521,500163,27-10-2025,53,Female,Delhi,Mass Market,Savings,Withdrawal,5470.4,33585.1,578,Yes,Personal,32813.39,7.68,Approved,High,Savings Account,Mobile App,Active,No,4,,
1003188,12225,503188,21-02-2024,44,Female,Hyderabad,Affluent,Savings,UPI Payment,1983.03,13657.49,770,No,None,0,0,No Loan,Low,Credit Card,Branch,Inactive,No,4,,
1002880,11237,502880,07-03-2026,45,Female,Hyderabad,Affluent,Savings,UPI Payment,1714.27,14859.21,840,Yes,Business,92518.02,14.3,Closed,Low,Investment,Mobile App,Active,No,3,,
1004506,12399,504506,08-05-2024,39,Female,Jaipur,Mass Market,Current,UPI Payment,3700.84,11708.11,680,No,None,0,0,No Loan,Medium,Investment,Branch,Active,Yes,3,,
1000618,11241,500618,15-10-2024,24,Male,Mumbai,Affluent,Savings,UPI Payment,3959.34,142665.19,571,No,None,0,0,No Loan,High,Fixed Deposit,ATM,Active,No,4,,
1004087,10104,504087,08-02-2026,34,Male,Lucknow,Affluent,Savings,Deposit,3091.59,6977.82,720,No,None,0,0,No Loan,Medium,Personal Loan,Branch,Active,No,4,,
1001432,12449,501432,18-09-2025,30,Male,Lucknow,Mass Market,Salary,Transfer,2600.31,69110.35,698,No,None,0,0,No Loan,Medium,Investment,Mobile App,Inactive,No,4,,
1000548,12396,500548,25-02-2024,33,Male,Hyderabad,Affluent,Savings,Deposit,2592.46,35533.92,704,Yes,Auto,45052.65,9.8,Active,Medium,Personal Loan,Branch,Active,No,5,,
1003350,12470,503350,16-01-2026,21,Male,Jaipur,Affluent,Savings,Card Payment,7279.99,15495.82,660,No,None,0,0,No Loan,Medium,Insurance,Mobile App,Active,No,5,,
1004557,10311,504557,29-06-2025,22,Male,Jaipur,Mass Market,Current,Deposit,24742.19,54349.25,717,No,None,0,0,No Loan,Medium,Personal Loan,Branch,Active,Yes,1,,
1004233,10763,504233,15-03-2025,25,Male,Lucknow,Affluent,Savings,Withdrawal,1840.39,24528.47,683,Yes,Personal,85241.93,14.91,Active,Medium,Home Loan,Phone Banking,Active,No,5,,
1002403,10686,502403,25-12-2025,30,Female,Pune,Affluent,Salary,Card Payment,4524.27,84599.02,713,No,None,0,0,No Loan,Medium,Fixed Deposit,Mobile App,Inactive,No,4,,
1002681,11299,502681,14-06-2024,39,Male,Delhi,Mass Market,Salary,Deposit,3473.11,267304.79,649,No,None,0,0,No Loan,High,Savings Account,Mobile App,Active,No,5,,
1002493,11980,502493,17-01-2024,40,Female,Mumbai,Premium,Savings,Card Payment,3534.42,42986.86,760,No,None,0,0,No Loan,Low,Investment,ATM,Active,Yes,3,,
1004084,10366,504084,14-09-2024,45,Female,Delhi,Mass Market,Savings,UPI Payment,710.29,22583.88,747,No,None,0,0,No Loan,Medium,Credit Card,Internet Banking,Active,Yes,1,,
1001862,11799,501862,19-08-2024,35,Female,Mumbai,Mass Market,Savings,Deposit,9038.4,65627.85,799,No,None,0,0,No Loan,Low,Insurance,ATM,Active,No,4,,
1000641,10449,500641,23-06-2025,50,Male,Mumbai,Affluent,Salary,ATM,13352.95,33789.01,747,Yes,Auto,149545.26,11.3,Approved,Medium,Personal Loan,ATM,Active,Yes,4,,
1003003,10165,503003,02-08-2025,54,Female,Jaipur,Mass Market,Current,Deposit,290.9,27820.64,697,No,None,0,0,No Loan,Medium,Savings Account,Mobile App,Active,No,4,,
1000638,10685,500638,05-11-2024,32,Male,Delhi,Premium,Savings,Card Payment,4350.12,263080.57,613,No,None,0,0,No Loan,High,Investment,ATM,Active,No,4,,
1004121,11232,504121,01-09-2025,25,Male,Hyderabad,Premium,Savings,Card Payment,4789.79,23689.54,652,Yes,Personal,46212.47,12.82,Active,Medium,Fixed Deposit,Mobile App,Active,Yes,2,,
1003929,10239,503929,09-10-2024,37,Female,Hyderabad,Mass Market,Savings,UPI Payment,5073.58,39988.3,685,No,None,0,0,No Loan,Medium,Savings Account,Internet Banking,Active,No,5,,
1003002,11785,503002,24-04-2024,38,Female,Lucknow,Affluent,Savings,Deposit,1168.46,12949.57,621,Yes,Business,124181,11.84,Active,High,Personal Loan,Internet Banking,Active,No,5,,
1002097,12453,502097,01-12-2024,38,Male,Pune,Mass Market,Fixed Deposit,UPI Payment,2421.21,83781.39,837,No,None,0,0,No Loan,Low,Investment,Mobile App,Active,No,3,,
1003911,11688,503911,13-04-2026,38,Male,Mumbai,Premium,Savings,UPI Payment,1213.62,22307.99,713,No,None,0,0,No Loan,Medium,Fixed Deposit,Branch,Active,No,5,,
1004032,11781,504032,27-02-2024,51,Male,Bengaluru,Mass Market,Savings,Deposit,17760.44,54962.1,699,No,None,0,0,No Loan,Medium,Savings Account,ATM,Active,No,3,,
1003693,11519,503693,01-12-2025,39,Female,Lucknow,Mass Market,Current,ATM,3074.34,8202.55,741,No,None,0,0,No Loan,Medium,Home Loan,Internet Banking,Active,No,5,,
1002857,11843,502857,17-07-2024,46,Male,Pune,Affluent,Savings,UPI Payment,2752.33,40969.83,671,No,None,0,0,No Loan,Medium,Savings Account,Internet Banking,Active,No,4,,
1000922,11121,500922,25-06-2025,21,Male,Chennai,Premium,Savings,UPI Payment,1624.32,11639.2,681,No,None,0,0,No Loan,Medium,Savings Account,Mobile App,Active,No,3,,
1000547,11997,500547,27-06-2024,37,Female,Kolkata,Affluent,Current,Card Payment,870.39,8608.31,774,No,None,0,0,No Loan,Low,Home Loan,Mobile App,Active,No,5,,
1003685,11538,503685,19-01-2026,46,Female,Jaipur,Affluent,Salary,Withdrawal,2636.24,112119.04,772,No,None,0,0,No Loan,Low,Investment,Internet Banking,Active,Yes,3,,
1001901,10969,501901,03-07-2026,29,Female,Pune,Mass Market,Savings,Deposit,2169.52,5517.12,766,No,None,0,0,No Loan,Low,Fixed Deposit,Mobile App,Inactive,No,5,,
1002029,10238,502029,27-05-2026,49,Female,Kolkata,Affluent,Savings,UPI Payment,2012.95,61754.17,781,No,None,0,0,No Loan,Low,Fixed Deposit,ATM,Inactive,No,4,,
1002302,11405,502302,14-08-2024,39,Female,Kolkata,Mass Market,Current,Card Payment,310.18,26912.39,649,Yes,Business,113710.23,10.95,Active,High,Fixed Deposit,ATM,Active,No,4,,
1001886,10146,501886,08-12-2024,34,Female,Ahmedabad,Affluent,Current,Withdrawal,8236.75,21458.6,781,Yes,Education,24994.13,15.75,Defaulted,Low,Fixed Deposit,Branch,Active,No,5,,
1001643,10637,501643,30-10-2024,31,Male,Hyderabad,Mass Market,Salary,Deposit,719.38,216571.53,771,No,None,0,0,No Loan,Low,Investment,ATM,Dormant,No,5,,
1003526,11535,503526,19-08-2026,21,Male,Ahmedabad,Affluent,Savings,UPI Payment,494.07,1784.61,840,No,None,0,0,No Loan,Low,Credit Card,Mobile App,Active,No,4,,
1004820,10520,504820,28-08-2025,37,Female,Lucknow,Mass Market,Savings,Withdrawal,6273.26,1458.12,764,No,None,0,0,No Loan,Low,Fixed Deposit,ATM,Dormant,No,4,,
1002098,12294,502098,10-08-2025,28,Male,Hyderabad,Affluent,Salary,Card Payment,2384.21,71251.16,764,No,None,0,0,No Loan,Low,Insurance,Mobile App,Active,No,4,,
1004368,10276,504368,01-06-2025,32,Female,Kolkata,Mass Market,Current,Withdrawal,1418.76,88972.55,712,No,None,0,0,No Loan,Medium,Insurance,Mobile App,Active,No,5,,
1004663,11089,504663,22-02-2026,41,Male,Hyderabad,Premium,Current,Deposit,1256.74,4923.77,626,No,None,0,0,No Loan,High,Savings Account,Internet Banking,Dormant,No,5,,
1004505,12210,504505,02-04-2026,50,Male,Hyderabad,Mass Market,Salary,Withdrawal,1066.08,5813.8,751,No,None,0,0,No Loan,Low,Investment,Mobile App,Active,No,4,,
1004978,10871,504978,24-06-2024,28,Male,Chennai,Premium,Savings,Transfer,3189.33,13441.97,712,No,None,0,0,No Loan,Medium,Home Loan,Mobile App,Active,No,4,,
1000837,12138,500837,06-02-2026,38,Male,Chennai,Affluent,Salary,ATM,13758.35,16058.67,690,No,None,0,0,No Loan,Medium,Investment,Internet Banking,Active,No,3,,
1000602,11945,500602,05-12-2025,31,Male,Pune,Affluent,Current,UPI Payment,5262.07,37629.58,663,Yes,Home,268591.87,15.36,Active,Medium,Fixed Deposit,Mobile App,Active,No,4,,
1002185,12377,502185,29-10-2025,45,Male,Chennai,Premium,Current,UPI Payment,4343.08,101767.19,777,Yes,Personal,121333.31,8.13,Active,Low,Personal Loan,Mobile App,Inactive,No,4,,
1003884,11069,503884,25-04-2026,44,Male,Jaipur,Affluent,Savings,Withdrawal,3140.87,31776.68,747,No,None,0,0,No Loan,Medium,Investment,Internet Banking,Active,No,4,,
1002805,12430,502805,16-03-2024,44,Male,Bengaluru,Mass Market,Savings,Deposit,1189.44,30072.8,708,No,None,0,0,No Loan,Medium,Fixed Deposit,ATM,Active,No,5,,
1004318,11253,504318,20-03-2026,41,Male,Bengaluru,Premium,Savings,Transfer,951.23,82581.95,663,Yes,Personal,71122.65,8.54,Approved,Medium,Personal Loan,Branch,Active,No,5,,
1001583,10208,501583,08-04-2025,30,Male,Jaipur,Mass Market,Savings,Card Payment,1795.18,9990.58,768,Yes,Business,144237.42,10.36,Active,Low,Investment,Internet Banking,Active,No,,,
1004726,11476,504726,29-08-2026,40,Female,Chennai,Mass Market,Fixed Deposit,Deposit,1157.21,81212.94,610,Yes,Home,113255.6,14.37,Approved,High,Savings Account,ATM,Active,No,4,,
1003319,10631,503319,12-11-2025,21,Male,Hyderabad,Premium,Savings,Transfer,6761.98,36870.83,820,No,None,0,0,No Loan,Low,Savings Account,ATM,Active,Yes,4,,
1003978,12233,503978,31-10-2024,45,Female,Hyderabad,Mass Market,Savings,Transfer,8898.47,1974.57,680,No,None,0,0,No Loan,Medium,Home Loan,Branch,Active,Yes,3,,
1001071,10165,501071,12-09-2024,51,Female,Chennai,Premium,Savings,UPI Payment,855.99,3854.3,669,No,None,0,0,No Loan,Medium,Personal Loan,Mobile App,Inactive,No,5,,
1001776,10489,501776,13-04-2025,31,Male,Delhi,Affluent,Salary,Withdrawal,1724.5,45361.36,728,Yes,Home,52066.29,15.06,Approved,Medium,Savings Account,Mobile App,Active,No,4,,
1004819,11828,504819,22-07-2026,38,Male,Lucknow,Affluent,Savings,Deposit,5671.2,22984.79,638,No,None,0,0,No Loan,High,Savings Account,Branch,Active,No,3,,
1001284,12042,501284,19-04-2024,48,Female,Chennai,Premium,Savings,UPI Payment,2306.37,40791.17,724,Yes,Home,118262.09,11.6,Active,Medium,Insurance,Phone Banking,Active,No,4,,
1003066,11750,503066,18-10-2024,44,Female,Kolkata,Mass Market,Savings,Withdrawal,3361.54,6776.87,727,No,None,0,0,No Loan,Medium,Investment,Mobile App,Active,No,5,,
1004764,11049,504764,24-09-2024,32,Male,Pune,Mass Market,Savings,Transfer,9644.95,12282.51,,No,None,0,0,No Loan,Low,Savings Account,Mobile App,Inactive,No,4,,
1001837,11826,501837,17-12-2024,44,Male,Mumbai,Mass Market,Savings,Card Payment,12291.07,74253.31,557,No,None,0,0,No Loan,High,Credit Card,Internet Banking,Dormant,No,4,,
1004253,11084,504253,14-03-2025,34,Female,Delhi,Affluent,Savings,Deposit,853.14,11345.17,715,No,None,0,0,No Loan,Medium,Investment,Mobile App,Active,No,5,,
1001020,11087,501020,29-11-2025,30,Male,Lucknow,Mass Market,Savings,Transfer,2059.82,20587.74,801,No,None,0,0,No Loan,Low,Insurance,Phone Banking,Active,No,5,,
1003221,11682,503221,20-06-2025,31,Female,Hyderabad,Mass Market,Savings,Deposit,5314.91,41296.49,685,No,None,0,0,No Loan,Medium,Investment,Branch,Active,No,4,,
1001327,10580,501327,28-07-2026,40,Female,Bengaluru,Mass Market,Current,Deposit,1088.94,61558.82,646,No,None,0,0,No Loan,High,Investment,ATM,Active,No,5,,
1000476,10397,500476,14-12-2024,47,Female,Delhi,Mass Market,Savings,Withdrawal,4453.43,65286.11,779,No,None,0,0,No Loan,Low,Fixed Deposit,Internet Banking,Active,No,4,,
1003464,11961,503464,29-01-2024,37,Male,Jaipur,Affluent,Salary,UPI Payment,1217.27,78146.44,771,No,None,0,0,No Loan,Low,Investment,ATM,Active,Yes,3,,
1001652,10526,501652,24-09-2024,27,Female,Delhi,Mass Market,Salary,UPI Payment,716.63,9550.31,699,Yes,Education,65966.22,11.01,Approved,Medium,Personal Loan,Internet Banking,Active,No,5,,
1004017,11893,504017,17-08-2025,31,Female,Delhi,Affluent,Salary,Transfer,12013.64,11055.28,787,No,None,0,0,No Loan,Low,Investment,Branch,Active,No,5,,
1004296,11527,504296,29-10-2025,35,Female,Jaipur,Mass Market,Savings,ATM,6817.62,108083.17,746,No,None,0,0,No Loan,Medium,Investment,Mobile App,Active,No,4,,
1004190,11053,504190,05-06-2025,35,Male,Bengaluru,Mass Market,Savings,ATM,2640.13,24997.31,691,Yes,Education,64992.37,12.04,Active,Medium,Savings Account,Internet Banking,Active,No,5,,
1004671,12046,504671,17-04-2025,38,Male,Bengaluru,Mass Market,Current,UPI Payment,4773.74,36091.91,666,No,None,0,0,No Loan,Medium,Home Loan,ATM,Inactive,No,4,,
1002599,10588,502599,03-08-2025,34,Male,Delhi,High Net Worth,Current,Transfer,1494.13,5557.37,622,No,None,0,0,No Loan,High,Fixed Deposit,Phone Banking,Active,No,4,,
1001374,12140,501374,01-07-2025,35,Female,Delhi,Mass Market,Salary,UPI Payment,1592.24,63081.05,653,Yes,Auto,39358.58,14.96,Active,Medium,Personal Loan,Mobile App,Active,No,5,,
1000740,10303,500740,02-06-2026,26,Female,Delhi,Mass Market,Fixed Deposit,Transfer,10768.25,3624.36,776,No,None,0,0,No Loan,Low,Fixed Deposit,Branch,Active,No,5,,
1004408,12356,504408,03-06-2025,21,Male,Chennai,Mass Market,Current,Card Payment,3151.13,21575.84,729,Yes,Education,133586.49,15.55,Active,Medium,Investment,ATM,Active,Yes,4,,
1004693,10876,504693,14-04-2026,34,Male,Chennai,Premium,Salary,Deposit,4110.31,29558.2,798,Yes,Education,504408.4,15.96,Active,Low,Personal Loan,Mobile App,Active,No,5,,
1000868,11970,500868,24-07-2024,26,Male,Bengaluru,Mass Market,Salary,Transfer,4066.75,5407.43,781,No,None,0,0,No Loan,Low,Fixed Deposit,ATM,Dormant,No,5,,
1001141,11600,501141,09-12-2025,54,Male,Kolkata,Premium,Savings,Transfer,1159.66,11402.86,610,No,None,0,0,No Loan,High,Credit Card,Mobile App,Inactive,Yes,4,,
1000998,11203,500998,27-01-2026,59,Female,Jaipur,Mass Market,Savings,Transfer,2925.16,16627.13,684,Yes,Education,107979.78,10.27,Active,Medium,Savings Account,Internet Banking,Active,No,4,,
1001338,10521,501338,22-11-2024,48,Other,Delhi,Premium,Savings,Transfer,3113.1,26696.33,830,Yes,Education,113538.19,12.14,Approved,Low,Personal Loan,Internet Banking,Active,No,5,,
1000542,10829,500542,10-11-2024,39,Male,Mumbai,Affluent,Savings,Deposit,2672.53,4420.24,695,No,None,0,0,No Loan,Medium,Credit Card,Internet Banking,Active,No,5,,
1001100,10905,501100,22-12-2024,21,Female,Pune,Mass Market,Salary,Deposit,12202.29,15520.47,766,No,None,0,0,No Loan,Low,Investment,ATM,Active,No,3,,
1001133,10168,501133,21-10-2025,40,,Pune,Premium,Savings,Transfer,4153.01,9097.36,789,No,None,0,0,No Loan,Low,Credit Card,Mobile App,Active,No,4,,
1004083,12104,504083,09-08-2024,42,Male,Pune,Affluent,Savings,Card Payment,7611.25,13471.5,608,No,None,0,0,No Loan,High,Personal Loan,Mobile App,Active,No,5,,
1004130,12122,504130,05-11-2024,35,Male,Lucknow,Premium,Savings,Deposit,867.29,90347.63,699,No,None,0,0,No Loan,Medium,Savings Account,Internet Banking,Active,No,3,,
1002259,10515,502259,21-03-2025,21,Male,Hyderabad,Mass Market,Savings,UPI Payment,8184.11,63192.25,831,No,None,0,0,No Loan,Low,Savings Account,Phone Banking,Active,No,3,,
1004006,11280,504006,12-02-2025,26,Female,Kolkata,Affluent,Savings,ATM,12498.49,9704.58,599,No,None,0,0,No Loan,High,Insurance,Branch,Active,No,4,,
1000060,11580,500060,19-07-2024,21,Female,Ahmedabad,Affluent,Savings,Transfer,2835.75,32661.4,509,Yes,Home,78277.07,13.59,Active,High,Investment,Internet Banking,Active,No,4,,
1004204,10952,504204,21-09-2025,41,Female,Delhi,Affluent,Salary,Transfer,1530.55,10552.62,722,No,None,0,0,No Loan,Medium,Fixed Deposit,Internet Banking,Active,No,5,,
1001939,10058,501939,16-08-2025,36,Male,Ahmedabad,Premium,Savings,Card Payment,2673.19,38280.13,654,Yes,Auto,110657.94,13.54,Active,Medium,Investment,Internet Banking,Inactive,No,4,,
1002592,11419,502592,14-03-2025,36,Female,Mumbai,Premium,Current,UPI Payment,532.71,37797.14,619,No,None,0,0,No Loan,High,Personal Loan,Mobile App,Inactive,No,5,,
1004947,11270,504947,04-05-2024,49,Male,Hyderabad,Mass Market,Savings,UPI Payment,1586.98,18665.35,715,No,None,0,0,No Loan,Medium,Personal Loan,Internet Banking,Active,No,5,,
1001079,10775,501079,19-03-2024,45,Male,Mumbai,Mass Market,Salary,ATM,3084.02,26986.24,763,No,None,0,0,No Loan,Low,Fixed Deposit,Mobile App,Active,No,4,,
1003380,11356,503380,21-03-2025,47,Male,Lucknow,Mass Market,Savings,Deposit,28861.05,136774.26,712,No,None,0,0,No Loan,Medium,Savings Account,Branch,Active,Yes,2,,
1003143,10660,503143,27-07-2025,48,Male,Jaipur,Mass Market,Current,UPI Payment,7524.48,10902.84,623,No,None,0,0,No Loan,High,Investment,Internet Banking,Active,No,5,,
1002504,11178,502504,12-05-2025,47,Female,Mumbai,Premium,Savings,Card Payment,3926.58,16603.97,676,No,None,0,0,No Loan,Medium,Fixed Deposit,Mobile App,Active,No,5,,
1000941,10095,500941,03-06-2024,24,Male,Bengaluru,Affluent,Current,UPI Payment,2192.78,41626.48,730,Yes,Auto,141229.53,10.43,Active,Medium,Credit Card,Mobile App,Active,No,4,,
1001081,10147,501081,29-11-2024,49,Female,Hyderabad,Mass Market,Current,UPI Payment,2549.96,53574.99,850,No,None,0,0,No Loan,Low,Savings Account,Internet Banking,Active,No,5,,
1000188,10401,500188,19-09-2024,41,Male,Bengaluru,Mass Market,Savings,UPI Payment,1536.46,27497.56,717,Yes,Auto,25256.5,8.84,Closed,Medium,Insurance,Mobile App,Active,No,5,,
1002650,12020,502650,30-01-2025,36,Female,Ahmedabad,Affluent,Salary,Withdrawal,1186.42,22668.38,672,No,None,0,0,No Loan,Medium,Fixed Deposit,Internet Banking,Active,No,5,,
1002086,10768,502086,14-04-2024,33,Male,Ahmedabad,Affluent,Savings,Card Payment,6134.45,4137.2,726,Yes,Auto,25690.73,11.42,Active,Medium,Insurance,ATM,Active,No,5,,
1002250,11487,502250,19-06-2024,46,Male,Ahmedabad,Premium,Savings,Transfer,3845.9,45911.53,684,No,None,0,0,No Loan,Medium,Insurance,Mobile App,Active,No,5,,
1004901,12242,504901,09-05-2024,28,Male,Mumbai,Affluent,Savings,UPI Payment,1403.75,17110.82,767,No,None,0,0,No Loan,Low,Savings Account,Branch,Active,No,5,,
1002024,10095,502024,10-10-2024,29,Female,Chennai,Premium,Savings,Deposit,3170.01,55010.2,656,No,None,0,0,No Loan,Medium,Investment,Mobile App,Active,No,4,,
1002698,12137,502698,16-01-2024,45,Male,Chennai,Premium,Savings,UPI Payment,883.66,12640.66,757,No,None,0,0,No Loan,Low,Insurance,Mobile App,Active,No,5,,
1004067,10838,504067,22-01-2024,30,Male,Jaipur,Affluent,Savings,Card Payment,634.41,42615.99,750,Yes,Auto,48235.28,11.79,Active,Low,Savings Account,Internet Banking,Active,Yes,2,,
1003625,10375,503625,30-07-2026,45,Male,Jaipur,Mass Market,Savings,Withdrawal,2185.78,34401.94,774,Yes,Education,150695.28,7.65,Active,Low,Personal Loan,Phone Banking,Active,No,4,,
1000227,12302,500227,04-03-2025,34,Male,Mumbai,Premium,Savings,ATM,1230.85,26895.09,747,Yes,Personal,47833.3,14.58,Closed,Medium,Credit Card,Branch,Active,No,4,,
1003320,11848,503320,16-02-2025,54,Male,Lucknow,Premium,Fixed Deposit,Card Payment,8543.53,15109.65,768,No,None,0,0,No Loan,Low,Fixed Deposit,Branch,Active,No,5,,
1001930,11805,501930,09-06-2026,22,Female,Ahmedabad,Mass Market,Current,Deposit,984.83,52521.91,658,Yes,Personal,116850.6,12.04,Active,Medium,Personal Loan,Internet Banking,Active,Yes,3,,
1003936,12065,503936,16-10-2024,21,Female,Delhi,Mass Market,Savings,UPI Payment,2098.25,9843.67,634,No,None,0,0,No Loan,High,Personal Loan,Branch,Dormant,No,4,,
1004787,10483,504787,17-08-2024,28,Female,Ahmedabad,Mass Market,Current,Card Payment,2165.63,6966.02,642,Yes,Education,105439.75,8.96,Approved,High,Savings Account,Phone Banking,Active,No,5,,
1001405,10360,501405,29-05-2025,46,Female,Mumbai,Affluent,Savings,Deposit,1005.81,22921.26,731,No,None,0,0,No Loan,Medium,Investment,Mobile App,Dormant,No,3,,
1002180,10992,502180,02-09-2024,29,Female,,Mass Market,Current,UPI Payment,4196.15,22604.84,709,No,None,0,0,No Loan,Medium,Personal Loan,Mobile App,Inactive,No,4,,
1000698,12143,500698,09-03-2026,39,Male,Lucknow,Affluent,Savings,Card Payment,3467.74,26996.42,772,No,None,0,0,No Loan,Low,Savings Account,Mobile App,Dormant,No,3,,
1001125,11701,501125,19-08-2025,32,Female,Kolkata,Premium,Salary,Deposit,12165.39,9664.06,664,No,None,0,0,No Loan,Medium,Fixed Deposit,Branch,Inactive,Yes,4,,
1002811,10553,502811,17-04-2026,21,Female,Kolkata,Premium,Savings,UPI Payment,3819.88,11034.59,806,No,None,0,0,No Loan,Low,Credit Card,Internet Banking,Active,No,5,,
1002935,11458,502935,21-04-2026,26,Male,Jaipur,Mass Market,Salary,Deposit,3188.39,6849.65,737,No,None,0,0,No Loan,Medium,Insurance,ATM,Active,No,4,,
1001779,11668,501779,08-01-2024,42,Female,Hyderabad,Mass Market,Salary,UPI Payment,3593.39,67886.84,744,No,None,0,0,No Loan,Medium,Personal Loan,Internet Banking,Active,No,4,,
1002874,10268,502874,27-08-2025,41,Male,Jaipur,Mass Market,Salary,Deposit,5689.94,19496.35,737,No,None,0,0,No Loan,Medium,Investment,Phone Banking,Active,No,5,,
1001038,11395,501038,12-11-2024,29,Female,Delhi,Affluent,Savings,Card Payment,608.37,58799.67,570,No,None,0,0,No Loan,High,Credit Card,Mobile App,Active,No,4,,
1004185,10805,504185,02-10-2024,35,Female,Lucknow,Affluent,Savings,Transfer,2814.21,31684.64,635,No,None,0,0,No Loan,High,Credit Card,Internet Banking,Active,No,4,,
1002257,11725,502257,25-04-2026,36,Male,Bengaluru,Mass Market,Salary,Deposit,1265.34,46024.08,642,No,None,0,0,No Loan,High,Insurance,ATM,Active,Yes,2,,
1000314,11687,500314,09-10-2024,36,Female,Hyderabad,Premium,Salary,UPI Payment,2958.31,57879.35,550,Yes,Home,239096.18,8.22,Active,High,Insurance,Mobile App,Dormant,No,4,,
1002282,11429,502282,30-04-2025,30,Male,Pune,Affluent,Fixed Deposit,UPI Payment,1697.37,14638.46,850,No,None,0,0,No Loan,Low,Investment,Mobile App,Inactive,No,4,,
1001417,11436,501417,05-01-2026,26,Female,Mumbai,High Net Worth,Savings,Card Payment,3079.72,121794.28,708,Yes,Education,27822.38,10.62,Closed,Medium,Home Loan,ATM,Inactive,No,4,,
1001037,10769,501037,09-09-2024,40,Female,Lucknow,Mass Market,Savings,Card Payment,2006.3,94318.53,781,No,None,0,0,No Loan,Low,Home Loan,ATM,Inactive,No,4,,
1002160,11669,502160,23-02-2025,40,Female,Hyderabad,Mass Market,Savings,UPI Payment,1319.35,11898.96,752,No,None,0,0,No Loan,Low,Home Loan,Internet Banking,Active,No,5,,
1004173,10375,504173,23-07-2024,28,,Jaipur,Mass Market,Savings,UPI Payment,4299.97,83001.71,657,No,None,0,0,No Loan,Medium,Fixed Deposit,ATM,Active,Yes,2,,
1001755,11994,501755,21-03-2024,51,Male,Ahmedabad,Affluent,Current,Card Payment,1009.37,17647.38,618,Yes,Personal,523031.88,14.21,Active,High,Personal Loan,Mobile App,Active,No,5,,
1003128,11051,503128,20-05-2025,52,Male,Mumbai,Premium,Savings,Transfer,13915.31,12585.14,791,No,None,0,0,No Loan,Low,Savings Account,ATM,Active,No,4,,
1003635,10140,503635,18-01-2025,36,Male,Kolkata,Premium,Savings,Transfer,2804.34,31118.55,776,No,None,0,0,No Loan,Low,Personal Loan,Internet Banking,Active,No,4,,
1004975,11102,504975,03-02-2026,26,Male,Ahmedabad,Premium,Salary,Withdrawal,3568.35,48970.87,625,No,None,0,0,No Loan,High,Fixed Deposit,Mobile App,Active,No,4,,
1004531,10975,504531,27-03-2025,36,Male,Mumbai,Premium,Savings,Deposit,9715.7,7788.76,850,No,None,0,0,No Loan,Low,Investment,Branch,Active,Yes,3,,
1003361,12051,503361,18-11-2025,41,Female,Hyderabad,Affluent,Current,ATM,384.76,27186.75,813,Yes,Education,69023.11,13.37,Closed,Low,Home Loan,Internet Banking,Active,No,5,,
1004751,11751,504751,09-09-2024,42,Female,Kolkata,Premium,Savings,UPI Payment,877.02,81589.03,747,No,None,0,0,No Loan,Medium,Fixed Deposit,Mobile App,Active,No,5,,
1001507,11702,501507,01-07-2026,41,Female,Kolkata,Affluent,Savings,Withdrawal,3148.33,91749.64,704,No,None,0,0,No Loan,Medium,Personal Loan,Internet Banking,Active,No,5,,
1001924,10073,501924,13-01-2024,26,Female,Kolkata,High Net Worth,Salary,Withdrawal,1815.22,14511.93,693,Yes,Auto,5540.03,13.59,Active,Medium,Fixed Deposit,Phone Banking,Active,No,4,,
1000449,10617,500449,28-03-2025,39,Male,Ahmedabad,Mass Market,Savings,Deposit,7951.52,19342.93,733,No,None,0,0,No Loan,Medium,Personal Loan,Internet Banking,Active,No,5,,
1002459,10384,502459,22-08-2024,21,Male,Kolkata,Mass Market,Savings,Transfer,3165.73,28784.57,729,Yes,Business,37241.97,13.33,Closed,Medium,Investment,ATM,Active,No,3,,
1002544,11128,502544,23-06-2026,43,Male,Kolkata,Mass Market,Salary,ATM,4996.22,56216.94,663,No,None,0,0,No Loan,Medium,Personal Loan,Mobile App,Active,No,3,,
1004980,11893,504980,23-07-2025,28,Male,Chennai,Affluent,Current,UPI Payment,894.83,26591.01,782,No,None,0,0,No Loan,Low,Fixed Deposit,Branch,Active,No,5,,
1004574,11992,504574,22-06-2026,32,Male,Chennai,Affluent,Current,UPI Payment,1809.06,73252.33,760,No,None,0,0,No Loan,Low,Personal Loan,Internet Banking,Active,No,5,,
1000362,10370,500362,13-02-2024,36,Female,Bengaluru,Affluent,Current,UPI Payment,4334.2,62402.15,744,Yes,Home,20332.89,10.76,Closed,Medium,Credit Card,Phone Banking,Active,No,4,,
1002184,10921,502184,30-05-2024,37,Female,Jaipur,Mass Market,Salary,Card Payment,3054.65,21666.08,771,No,None,0,0,No Loan,Low,Savings Account,Mobile App,Active,No,5,,
1001135,12316,501135,11-06-2025,33,Male,Kolkata,Mass Market,Savings,Deposit,2954.75,7304.89,843,No,None,0,0,No Loan,Low,Investment,Internet Banking,Active,No,4,,
1003899,10634,503899,28-04-2026,32,Male,Mumbai,Affluent,Current,Deposit,1862.08,62413.65,813,No,None,0,0,No Loan,Low,Fixed Deposit,Branch,Active,No,5,,
1002156,10845,502156,08-04-2025,46,Male,Kolkata,Affluent,Savings,Transfer,1523.56,49237.16,625,No,None,0,0,No Loan,High,Savings Account,Mobile App,Active,No,5,,
1001831,10051,501831,18-03-2025,41,Female,Mumbai,Mass Market,Salary,Deposit,4759.43,20225.55,681,Yes,Personal,230595.52,14.95,Closed,Medium,Investment,Mobile App,Inactive,No,5,,
1001054,10055,501054,27-01-2024,28,Female,Kolkata,Mass Market,Salary,Deposit,15099.01,84107.64,773,No,None,0,0,No Loan,Low,Personal Loan,Internet Banking,Active,No,4,,
1000023,10022,500023,10-03-2026,21,Female,Chennai,Mass Market,Savings,UPI Payment,603.97,5401.61,698,No,None,0,0,No Loan,Medium,Credit Card,Mobile App,Active,No,4,,
1002067,11180,502067,27-04-2026,30,Female,Chennai,Mass Market,Salary,UPI Payment,3802.58,17651.06,742,No,None,0,0,No Loan,Medium,Home Loan,Mobile App,Active,No,3,,
1001654,10002,501654,17-11-2024,31,Female,Bengaluru,Affluent,Salary,ATM,2472.46,68626.41,726,No,None,0,0,No Loan,Medium,Fixed Deposit,ATM,Active,No,3,,
1002603,12204,502603,13-01-2024,29,Female,Jaipur,Affluent,Savings,ATM,3247.85,48031.72,673,No,None,0,0,No Loan,Medium,Fixed Deposit,Internet Banking,Inactive,No,5,,
1003226,10892,503226,05-11-2025,38,Female,Delhi,Affluent,Current,UPI Payment,2651.26,26631.42,807,Yes,Personal,48284.3,14.57,Active,Low,Personal Loan,Internet Banking,Active,Yes,3,,
1002813,11813,502813,21-01-2025,41,Male,Pune,Affluent,Salary,Transfer,3654.35,29843.6,668,No,None,0,0,No Loan,Medium,Fixed Deposit,Mobile App,Inactive,No,3,,
1004055,10239,504055,19-11-2024,62,Female,Jaipur,Mass Market,Savings,ATM,2409.98,13083.92,697,No,None,0,0,No Loan,Medium,Credit Card,Branch,Active,No,4,,
1002326,11939,502326,17-11-2024,31,Female,Chennai,Mass Market,Salary,Withdrawal,4111.82,19462.41,680,No,None,0,0,No Loan,Medium,Investment,Mobile App,Active,No,5,,
1000461,11009,500461,24-08-2026,29,Female,Hyderabad,Mass Market,Savings,Transfer,2832.17,18210.28,705,No,None,0,0,No Loan,Medium,Home Loan,Branch,Active,No,4,,
1001068,11312,501068,17-12-2024,35,Male,Kolkata,Affluent,Salary,Card Payment,994.87,105132.12,728,No,None,0,0,No Loan,Medium,Fixed Deposit,Mobile App,Active,No,5,,
1000088,11523,500088,11-06-2025,27,Male,Hyderabad,Affluent,Savings,Deposit,1311.94,9015.57,698,No,None,0,0,No Loan,Medium,Investment,Mobile App,Active,No,4,,
1001431,10918,501431,14-03-2024,34,Male,Ahmedabad,Affluent,Salary,Deposit,26022.34,54762.5,643,No,None,0,0,No Loan,High,Fixed Deposit,Internet Banking,Active,No,5,,
1002663,10142,502663,03-10-2025,38,Female,Lucknow,Premium,Savings,Card Payment,9718.3,38209.79,706,No,None,0,0,No Loan,Medium,Home Loan,Mobile App,Active,No,4,,
1000283,10816,500283,01-11-2024,36,Female,Pune,Affluent,Savings,Card Payment,2061.46,45876.34,806,No,None,0,0,No Loan,Low,Insurance,Branch,Active,Yes,3,,
1000463,11688,500463,02-05-2024,36,Female,Chennai,Affluent,Current,Withdrawal,854.68,8796.55,712,No,None,0,0,No Loan,Medium,Fixed Deposit,Mobile App,Inactive,No,4,,
1000213,11803,500213,10-08-2026,43,Male,Kolkata,Mass Market,Salary,UPI Payment,1999.58,20230.83,823,No,None,0,0,No Loan,Low,Personal Loan,Internet Banking,Active,No,5,,
1002634,10124,502634,12-12-2025,44,Male,Kolkata,Premium,Current,Withdrawal,4567.31,106968.07,697,No,None,0,0,No Loan,Medium,Insurance,Branch,Active,No,5,,
1001369,11773,501369,26-04-2026,51,Male,Bengaluru,Affluent,Savings,Card Payment,2756.68,16686.68,689,No,None,0,0,No Loan,Medium,Home Loan,Internet Banking,Active,No,5,,
1000235,12200,500235,09-07-2026,58,Female,Jaipur,Affluent,Current,UPI Payment,7711.5,100458.77,674,Yes,Education,24531.53,13.83,Approved,Medium,Credit Card,Mobile App,Active,No,4,,
1003552,12484,503552,08-12-2024,48,Male,Lucknow,Mass Market,Fixed Deposit,Withdrawal,986.93,396022.76,821,No,None,0,0,No Loan,Low,Personal Loan,Phone Banking,Active,No,4,,
1000598,11618,500598,10-07-2025,24,Male,Bengaluru,High Net Worth,Salary,Deposit,5325.38,21247.5,766,Yes,Auto,36519.29,8.15,Approved,Low,Insurance,ATM,Active,No,4,,
1004431,11749,504431,23-01-2024,51,Male,Pune,Mass Market,Savings,Deposit,2287.47,10848.54,708,No,None,0,0,No Loan,Medium,Fixed Deposit,Mobile App,Active,No,4,,
1002251,11431,502251,28-07-2025,51,Female,Pune,Mass Market,Savings,Transfer,5063.25,3426.81,705,No,None,0,0,No Loan,Medium,Insurance,ATM,Inactive,No,4,,
1004050,10791,504050,01-12-2024,39,Male,Mumbai,Premium,Salary,Deposit,5118.91,10459.01,807,No,None,0,0,No Loan,Low,Credit Card,ATM,Active,No,5,,
1002284,12279,502284,25-01-2024,43,Male,Lucknow,Affluent,Savings,ATM,3305.05,24066.52,720,Yes,Auto,74598.83,8.05,Closed,Medium,Investment,ATM,Active,No,5,,
1000663,11253,500663,24-05-2026,38,Male,Kolkata,Mass Market,Fixed Deposit,Card Payment,3035.61,20095.29,772,Yes,Business,129420.16,14.13,Closed,Low,Credit Card,Mobile App,Active,No,5,,
1004974,10569,504974,05-02-2025,21,Female,Delhi,Premium,Savings,Transfer,1731.28,310095.57,,Yes,Home,49992.11,13.51,Closed,Medium,Insurance,Phone Banking,Active,No,4,,
1002286,10923,502286,31-05-2025,42,Male,Pune,High Net Worth,Current,Deposit,5121.38,131997.95,724,Yes,Education,117757.65,12.12,Closed,Medium,Savings Account,ATM,Active,No,4,,
1004727,10809,504727,08-07-2025,53,Female,Kolkata,Mass Market,Savings,ATM,5115,121855.43,735,No,None,0,0,No Loan,Medium,Fixed Deposit,Branch,Inactive,No,5,,
1003209,10533,503209,04-10-2025,21,Female,Chennai,Affluent,Current,Deposit,3346.64,19894.35,757,No,None,0,0,No Loan,Low,Savings Account,ATM,Active,No,5,,
1002519,12114,502519,29-05-2025,50,Male,Lucknow,Affluent,Savings,ATM,2514.99,8871.97,752,Yes,Business,150810.23,15.37,Closed,Low,Personal Loan,Internet Banking,Active,No,4,,
1003448,12372,503448,07-06-2025,21,Female,Mumbai,Mass Market,Savings,Transfer,1480.01,5733.4,786,No,None,0,0,No Loan,Low,Savings Account,Internet Banking,Active,No,4,,
1000780,12276,500780,07-10-2025,43,Male,Lucknow,Mass Market,Fixed Deposit,Card Payment,4887.44,99073.29,717,No,None,0,0,No Loan,Medium,Investment,Branch,Active,No,4,,
1004211,10179,504211,25-12-2024,30,Female,Lucknow,Mass Market,Savings,Withdrawal,4007.88,3955.58,743,No,None,0,0,No Loan,Medium,Investment,Mobile App,Active,No,4,,
1003442,10685,503442,08-05-2024,36,Female,Chennai,Premium,Savings,Deposit,4513.94,2781.5,754,Yes,Education,112914.91,15.7,Active,Low,Home Loan,Mobile App,Active,No,4,,
1004874,10278,504874,28-04-2026,33,Male,Bengaluru,Premium,Current,Card Payment,2638.03,30083.31,714,No,None,0,0,No Loan,Medium,Fixed Deposit,ATM,Active,No,5,,
1004469,11518,504469,02-12-2025,21,Female,Mumbai,Affluent,Current,Deposit,1162.86,78478.13,633,No,None,0,0,No Loan,High,Savings Account,Branch,Active,No,5,,
1004846,10831,504846,02-03-2026,53,Male,Chennai,Affluent,Savings,Transfer,424.83,43274.54,696,No,None,0,0,No Loan,Medium,Investment,ATM,Dormant,No,4,,
1000686,12232,500686,12-11-2025,30,Male,Pune,Mass Market,Savings,Transfer,6419.63,12545.68,684,No,None,0,0,No Loan,Medium,Savings Account,Branch,Inactive,No,4,,
1003185,10819,503185,06-04-2025,36,Other,Bengaluru,Mass Market,Savings,Deposit,3854.97,64663.92,776,No,None,0,0,No Loan,Low,Insurance,Phone Banking,Inactive,No,3,,
1004254,10650,504254,09-01-2025,48,Male,Bengaluru,Mass Market,Savings,Withdrawal,1185.18,22272.62,767,No,None,0,0,No Loan,Low,Fixed Deposit,Branch,Active,No,4,,
1004122,10709,504122,16-05-2024,32,Female,Jaipur,Mass Market,Savings,Card Payment,275.37,16644.22,699,No,None,0,0,No Loan,Medium,Savings Account,Mobile App,Active,No,4,,
1002172,12490,502172,13-04-2025,37,Female,Chennai,Affluent,Savings,Card Payment,2804.61,22778.39,653,Yes,Home,87654.76,14.06,Closed,Medium,Fixed Deposit,Mobile App,Active,No,3,,
1003556,11857,503556,22-06-2025,21,Male,Lucknow,High Net Worth,Fixed Deposit,UPI Payment,8780.8,15770.22,727,No,None,0,0,No Loan,Medium,Credit Card,Mobile App,Active,No,4,,
1001851,10350,501851,01-03-2026,52,Female,Ahmedabad,Premium,Current,Deposit,2265.3,11342.64,746,Yes,Home,36384.65,15.37,Active,Medium,Fixed Deposit,Mobile App,Active,No,5,,
1000488,10144,500488,10-07-2025,42,Female,Chennai,Affluent,Savings,Deposit,5004.08,104899.72,744,No,None,0,0,No Loan,Medium,Savings Account,Mobile App,Active,No,5,,
1001689,11707,501689,18-03-2025,29,Female,Lucknow,Mass Market,Salary,UPI Payment,1184.96,11955.05,725,Yes,Personal,60200.29,8.43,Active,Medium,Insurance,ATM,Inactive,No,4,,
1002231,12197,502231,26-08-2025,21,Female,Jaipur,Mass Market,Savings,Card Payment,3510.41,107455.71,622,No,None,0,0,No Loan,High,Personal Loan,ATM,Active,No,4,,
1003280,12152,503280,09-04-2024,32,Male,Jaipur,Affluent,Savings,Card Payment,1915.05,180372.32,765,No,None,0,0,No Loan,Low,Investment,Mobile App,Active,No,4,,
1002321,10526,502321,11-05-2025,32,Female,Delhi,Mass Market,Savings,Deposit,1504.52,19462.04,648,No,None,0,0,No Loan,High,Savings Account,Mobile App,Active,Yes,2,,
1000783,12082,500783,10-03-2024,33,Male,Jaipur,Affluent,Salary,Deposit,6598.72,5406.28,735,No,None,0,0,No Loan,Medium,Savings Account,Branch,Active,No,5,,
1000522,10511,500522,27-10-2025,48,Male,Delhi,Affluent,Savings,UPI Payment,3193.14,29800.01,746,No,None,0,0,No Loan,Medium,Savings Account,ATM,Active,No,3,,
1000523,10217,500523,08-05-2025,33,Female,Kolkata,Affluent,Salary,Withdrawal,5589.8,3716.81,729,No,None,0,0,No Loan,Medium,Home Loan,Mobile App,Active,No,5,,
1003600,10674,503600,17-11-2025,32,Male,Lucknow,Mass Market,Current,Deposit,636.3,31348.84,701,No,None,0,0,No Loan,Medium,Savings Account,ATM,Active,Yes,4,,
1003971,10139,503971,24-08-2024,41,Female,Delhi,Mass Market,Savings,UPI Payment,2070.81,17724.45,683,No,None,0,0,No Loan,Medium,Personal Loan,Phone Banking,Inactive,No,5,,
1002399,11010,502399,30-12-2024,49,Female,Lucknow,Premium,Savings,UPI Payment,6576.05,66408.48,762,Yes,Home,58709.69,12.99,Active,Low,Fixed Deposit,ATM,Active,Yes,1,,
1002208,11250,502208,26-04-2024,27,Female,Hyderabad,Premium,Savings,UPI Payment,1142.06,97923.7,688,Yes,Education,130945.61,13.03,Approved,Medium,Investment,ATM,Active,No,5,,
1003494,12469,503494,30-10-2024,21,Female,Pune,Affluent,Savings,UPI Payment,7385.92,150377.68,648,No,None,0,0,No Loan,High,Fixed Deposit,Mobile App,Active,No,4,,
1003569,11662,503569,11-09-2024,47,Male,Ahmedabad,High Net Worth,Salary,ATM,1799.23,94686.92,766,No,None,0,0,No Loan,Low,Insurance,Mobile App,Active,No,3,,
1003756,11065,503756,26-01-2024,28,Male,Bengaluru,High Net Worth,Savings,ATM,1572.25,105531.68,713,Yes,Personal,35535,14.97,Active,Medium,Savings Account,ATM,Active,No,3,,
1002838,11711,502838,26-07-2024,32,Female,Kolkata,Premium,Salary,Deposit,2014.14,31778.08,690,No,None,0,0,No Loan,Medium,Savings Account,Mobile App,Inactive,No,5,,
1001512,11368,501512,10-04-2024,21,Female,Ahmedabad,Mass Market,Current,ATM,3375.74,81229.15,728,No,None,0,0,No Loan,Medium,Fixed Deposit,Mobile App,Active,No,5,,
1001883,11317,501883,14-11-2025,51,Female,Mumbai,Mass Market,Salary,ATM,1364.68,24008.39,650,No,None,0,0,No Loan,Medium,Investment,Internet Banking,Active,Yes,4,,
1000652,12166,500652,13-01-2026,57,Female,Hyderabad,Mass Market,Fixed Deposit,Transfer,1457.65,131619.21,706,Yes,Business,51062.01,11.97,Active,Medium,Home Loan,Internet Banking,Active,No,4,,
1002802,10704,502802,18-02-2025,49,Male,Hyderabad,Mass Market,Savings,Deposit,3155.36,5329.45,720,No,None,0,0,No Loan,Medium,Personal Loan,ATM,Inactive,Yes,2,,
1003406,10008,503406,25-11-2025,52,Female,Mumbai,Mass Market,Salary,Deposit,1572.77,13638.11,718,Yes,Personal,20699.66,9.68,Active,Medium,Home Loan,Branch,Dormant,No,5,,
1000370,11811,500370,04-02-2026,33,Female,Pune,Affluent,Savings,Card Payment,3738,40509.87,772,No,None,0,0,No Loan,Low,Home Loan,Mobile App,Active,No,4,,
1002655,10845,502655,29-01-2025,25,Male,Pune,Mass Market,Savings,Transfer,1568.07,8327.9,752,No,None,0,0,No Loan,Low,Personal Loan,Phone Banking,Active,No,4,,
1000119,10864,500119,13-03-2024,29,Female,Kolkata,Affluent,Savings,Deposit,4662.86,21344.51,708,No,None,0,0,No Loan,Medium,Personal Loan,Internet Banking,Active,No,5,,
1004014,11160,504014,01-01-2025,28,Female,Mumbai,Mass Market,Savings,Deposit,2770.22,18906.92,689,No,None,0,0,No Loan,Medium,Personal Loan,Internet Banking,Active,No,5,,
1003050,10365,503050,05-04-2026,35,Female,Lucknow,Affluent,Savings,Card Payment,1589.75,36636.8,610,Yes,Auto,54539.98,13.49,Active,High,Investment,Internet Banking,Active,Yes,4,,
1002217,11851,502217,23-10-2024,40,Male,Jaipur,Premium,Salary,Withdrawal,8177.52,9684.41,678,Yes,Home,50439.49,7.27,Active,Medium,Home Loan,ATM,Active,No,5,,
1003559,11105,503559,20-05-2026,49,Female,Ahmedabad,Affluent,Salary,Deposit,697.31,45007.11,,No,None,0,0,No Loan,Medium,Insurance,Mobile App,Active,No,5,,
1001614,12141,501614,28-05-2025,32,Male,Jaipur,Premium,Current,Card Payment,1070.56,14469.34,643,No,None,0,0,No Loan,High,Investment,Phone Banking,Active,Yes,3,,
1004257,11037,504257,25-10-2025,29,Female,Chennai,Affluent,Salary,UPI Payment,30142.84,62851.77,582,No,None,0,0,No Loan,High,Home Loan,Mobile App,Active,No,4,,
1000963,11864,500963,26-04-2025,21,Female,Hyderabad,Affluent,Current,UPI Payment,3474,17030.83,574,No,None,0,0,No Loan,High,Fixed Deposit,Branch,Active,No,4,,
1002511,12424,502511,09-07-2025,33,Male,,Mass Market,Salary,Withdrawal,2055.72,13477.23,717,No,None,0,0,No Loan,Medium,Insurance,ATM,Active,No,5,,
1003564,11007,503564,22-11-2025,39,Male,Jaipur,Affluent,Salary,Deposit,659.12,29305.93,686,Yes,Business,46985.89,12.56,Active,Medium,Investment,Mobile App,Active,Yes,2,,
1004652,11699,504652,09-11-2025,31,Male,Delhi,Mass Market,Current,UPI Payment,3237.32,17826.12,705,No,None,0,0,No Loan,Medium,Insurance,Mobile App,Inactive,No,4,,
1003461,11425,503461,17-05-2025,35,Male,Lucknow,Mass Market,Salary,UPI Payment,9416.03,14691.93,680,No,None,0,0,No Loan,Medium,Investment,Internet Banking,Inactive,No,5,,
1003048,12047,503048,29-12-2025,33,Female,Hyderabad,Affluent,Savings,Transfer,2310.86,497648.9,683,No,None,0,0,No Loan,Medium,Fixed Deposit,Mobile App,Active,No,5,,
1002416,10903,502416,25-05-2024,41,Female,Bengaluru,Mass Market,Salary,Transfer,9945.17,96593.91,740,No,None,0,0,No Loan,Medium,Investment,ATM,Active,No,5,,
1004665,10800,504665,05-12-2024,44,Male,Chennai,Mass Market,Current,UPI Payment,1803.59,14936.14,715,Yes,Business,29547.72,10.39,Closed,Medium,Home Loan,Mobile App,Active,No,4,,
1004247,11931,504247,30-03-2024,35,Female,Ahmedabad,Mass Market,Current,Transfer,3044.45,29491.98,605,No,None,0,0,No Loan,High,Insurance,Mobile App,Active,No,5,,
1002186,10963,502186,11-06-2025,30,Male,,Mass Market,Fixed Deposit,UPI Payment,6725.78,28644.57,644,Yes,Home,45063.94,13.81,Active,High,Fixed Deposit,Mobile App,Active,No,5,,
1002837,10727,502837,06-06-2026,50,Male,Mumbai,Affluent,Savings,Deposit,21411.9,64649.1,791,Yes,Education,279621.53,12.02,Closed,Low,Investment,Branch,Active,No,5,,
1002038,10128,502038,15-03-2024,60,Female,Bengaluru,Mass Market,Savings,Card Payment,3147.81,10982.54,850,No,None,0,0,No Loan,Low,Fixed Deposit,Phone Banking,Active,No,5,,
1004272,11448,504272,28-06-2025,46,Male,Ahmedabad,Affluent,Current,UPI Payment,2523.07,18385.74,720,No,None,0,0,No Loan,Medium,Credit Card,Branch,Active,No,5,,
1000773,12073,500773,21-05-2026,27,Female,Mumbai,Mass Market,Salary,Deposit,3454.53,157270.01,832,Yes,Education,67972.01,13.73,Active,Low,Savings Account,ATM,Active,No,4,,
1001285,11829,501285,15-03-2025,45,Female,Lucknow,Mass Market,Salary,Withdrawal,1474.82,35365.55,668,No,None,0,0,No Loan,Medium,Insurance,Mobile App,Active,No,4,,
1004614,10429,504614,25-04-2025,30,Female,Jaipur,Premium,Salary,UPI Payment,4339.85,6992.87,717,No,None,0,0,No Loan,Medium,Personal Loan,Branch,Inactive,No,5,,
1004747,11107,504747,20-02-2024,41,Male,Jaipur,Affluent,Savings,Deposit,1482.86,26682.59,680,No,None,0,0,No Loan,Medium,Home Loan,Mobile App,Active,Yes,3,,
1001415,11248,501415,26-09-2024,48,Female,Bengaluru,Affluent,Savings,Card Payment,2438.34,23208.04,795,No,None,0,0,No Loan,Low,Home Loan,Mobile App,Active,No,5,,
1001235,10364,501235,06-03-2025,38,Male,Kolkata,Mass Market,Savings,UPI Payment,9042.42,40629.36,700,No,None,0,0,No Loan,Medium,Credit Card,Branch,Active,No,5,,
1002715,12480,502715,27-10-2024,36,Male,Lucknow,Mass Market,Savings,Transfer,862.38,51037.05,700,No,None,0,0,No Loan,Medium,Insurance,ATM,Inactive,No,4,,
1000436,11192,500436,28-06-2026,44,Male,Jaipur,Mass Market,Current,UPI Payment,1307.5,107106.08,744,No,None,0,0,No Loan,Medium,Investment,Mobile App,Dormant,No,5,,
1001675,11473,501675,07-01-2025,24,Male,Mumbai,High Net Worth,Savings,UPI Payment,5210,43081.49,646,No,None,0,0,No Loan,High,Savings Account,ATM,Dormant,No,5,,
1000366,11683,500366,19-01-2024,51,Female,Kolkata,Premium,Savings,Card Payment,616.6,30147.21,697,No,None,0,0,No Loan,Medium,Personal Loan,Internet Banking,Active,No,5,,
1002665,10840,502665,01-05-2026,33,Female,Hyderabad,Mass Market,Savings,Deposit,6671.23,35645.75,661,Yes,Auto,75220.33,7.4,Closed,Medium,Credit Card,Branch,Active,No,5,,
1000232,12256,500232,01-01-2025,34,Female,Delhi,Mass Market,Current,UPI Payment,3181.37,11240.69,683,No,None,0,0,No Loan,Medium,Savings Account,Mobile App,Active,No,5,,
1004278,11367,504278,23-01-2024,38,Male,Ahmedabad,Mass Market,Savings,Card Payment,465.66,60350.34,698,No,None,0,0,No Loan,Medium,Savings Account,Mobile App,Active,No,3,,
1004060,10156,504060,26-09-2025,45,Male,Delhi,Affluent,Savings,Card Payment,2113.9,16616.27,679,Yes,Business,73348.31,10.74,Active,Medium,Insurance,Mobile App,Active,No,4,,
1004410,11391,504410,26-02-2026,33,Male,Chennai,Mass Market,Current,ATM,25307.88,73311.54,687,No,None,0,0,No Loan,Medium,Home Loan,Branch,Active,No,5,,
1000408,10551,500408,04-07-2024,41,Male,Hyderabad,Mass Market,Savings,Card Payment,6492.46,28219.33,633,No,None,0,0,No Loan,High,Fixed Deposit,Internet Banking,Inactive,No,5,,
1002091,11765,502091,11-09-2024,41,Female,Lucknow,Mass Market,Salary,UPI Payment,876.79,13913.51,789,No,None,0,0,No Loan,Low,Credit Card,Internet Banking,Active,No,4,,
1000087,11163,500087,30-12-2025,42,Male,Mumbai,Mass Market,Savings,Card Payment,3401.6,14457.66,730,Yes,Home,70701.42,13.69,Active,Medium,Savings Account,Branch,Active,No,5,,
1000845,12307,500845,27-06-2026,21,Male,Mumbai,Mass Market,Savings,UPI Payment,6115.25,115673.78,688,No,None,0,0,No Loan,Medium,Credit Card,Phone Banking,Inactive,No,4,,
1001032,12333,501032,02-09-2025,35,Female,Kolkata,Premium,Salary,Card Payment,12159.95,37036.64,560,No,None,0,0,No Loan,High,Credit Card,Internet Banking,Active,No,5,,
1002647,12275,502647,03-08-2026,45,Female,Pune,Mass Market,Salary,Withdrawal,2216.59,67132.36,717,No,None,0,0,No Loan,Medium,Insurance,Internet Banking,Active,No,5,,
1004078,11615,504078,10-09-2025,21,Male,Delhi,Premium,Fixed Deposit,Transfer,1415.4,3554.85,720,No,None,0,0,No Loan,Medium,Fixed Deposit,Mobile App,Active,No,4,,
1004289,10530,504289,10-01-2026,29,Male,Hyderabad,Affluent,Current,Transfer,2918.77,8606.33,643,No,None,0,0,No Loan,High,Home Loan,Mobile App,Active,No,3,,
1003245,11828,503245,22-03-2026,21,Female,Pune,Mass Market,Current,UPI Payment,12868.26,47469.54,704,No,None,0,0,No Loan,Medium,Personal Loan,Internet Banking,Active,No,4,,
1002674,10270,502674,21-02-2024,58,Male,Kolkata,Mass Market,Savings,Transfer,2789.99,10925.15,734,No,None,0,0,No Loan,Medium,Personal Loan,Mobile App,Active,No,5,,
1000856,11620,500856,09-05-2024,27,Female,Pune,Affluent,Salary,UPI Payment,1052.01,37659.34,651,Yes,Home,95202.02,13.98,Closed,Medium,Fixed Deposit,ATM,Active,No,4,,
1000079,10493,500079,30-08-2025,36,Male,Jaipur,Mass Market,Salary,ATM,2575.75,51554,781,No,None,0,0,No Loan,Low,Personal Loan,ATM,Active,No,4,,
1002248,12484,502248,22-10-2024,33,Male,Kolkata,Mass Market,Salary,Deposit,2557.08,17970.07,683,No,None,0,0,No Loan,Medium,Personal Loan,ATM,Active,No,5,,
1004581,10615,504581,23-08-2026,49,Female,Ahmedabad,Affluent,Salary,Withdrawal,7296.44,16520.82,831,Yes,Personal,119021.71,8.2,Closed,Low,Fixed Deposit,Mobile App,Active,No,3,,
1003675,11989,503675,26-02-2026,27,Male,Ahmedabad,Affluent,Fixed Deposit,UPI Payment,1206.06,145303.37,555,No,None,0,0,No Loan,High,Insurance,Mobile App,Inactive,No,4,,
1002928,11416,502928,13-04-2026,45,Female,Ahmedabad,Mass Market,Savings,ATM,2725.05,91767.38,632,No,None,0,0,No Loan,High,Investment,Internet Banking,Active,No,3,,
1002925,11830,502925,09-10-2024,21,Female,Hyderabad,Premium,Current,Withdrawal,2539.36,9981.27,742,No,None,0,0,No Loan,Medium,Investment,Branch,Dormant,Yes,3,,
1002280,11856,502280,06-01-2025,33,Male,Mumbai,Mass Market,Savings,UPI Payment,3254.73,49051.77,700,Yes,Personal,38858.26,7.12,Closed,Medium,Insurance,Mobile App,Active,No,5,,
1004951,12411,504951,01-08-2024,41,Female,Jaipur,Affluent,Savings,Deposit,4979.99,7812.76,676,No,None,0,0,No Loan,Medium,Home Loan,Internet Banking,Active,No,4,,
1004169,12478,504169,09-01-2024,33,Female,Bengaluru,Mass Market,Savings,Transfer,1906.98,7905.98,752,No,None,0,0,No Loan,Low,Credit Card,Internet Banking,Active,No,4,,
1003889,10646,503889,22-02-2025,56,,Ahmedabad,Mass Market,Savings,Withdrawal,1618.37,17833.86,669,No,None,0,0,No Loan,Medium,Insurance,Mobile App,Inactive,No,5,,
1003444,10861,503444,26-08-2025,36,Male,Kolkata,Mass Market,Salary,Withdrawal,2085.43,24273.71,757,No,None,0,0,No Loan,Low,Investment,Branch,Active,No,5,,
1002177,11344,502177,18-02-2025,55,Female,Pune,Mass Market,Current,UPI Payment,3575.65,44358.45,703,Yes,Business,143322.33,10.51,Approved,Medium,Home Loan,Internet Banking,Active,Yes,2,,
1000425,10896,500425,17-01-2025,51,Male,Pune,Mass Market,Savings,Transfer,5405.74,15138.69,688,No,None,0,0,No Loan,Medium,Investment,Internet Banking,Inactive,No,5,,
1000393,12295,500393,27-09-2024,35,Male,Lucknow,Affluent,Current,Withdrawal,2020.72,52069.57,627,No,None,0,0,No Loan,High,Personal Loan,Mobile App,Active,No,5,,
1004805,10591,504805,15-07-2025,32,Female,Kolkata,Affluent,Savings,Deposit,904.55,22352.73,661,No,None,0,0,No Loan,Medium,Investment,Branch,Active,No,4,,
1003650,11108,503650,25-05-2024,29,Male,Kolkata,Premium,Fixed Deposit,UPI Payment,7305.71,15588.11,732,No,None,0,0,No Loan,Medium,Fixed Deposit,ATM,Active,No,4,,
1000105,12147,500105,29-01-2024,21,Female,Mumbai,Mass Market,Salary,Withdrawal,4400.83,26739.95,850,No,None,0,0,No Loan,Low,Insurance,ATM,Active,No,4,,
1003921,10449,503921,15-10-2025,32,Male,Lucknow,Affluent,Salary,Transfer,21849.24,41531.95,655,No,None,0,0,No Loan,Medium,Credit Card,Phone Banking,Inactive,No,4,,
1003152,11229,503152,23-09-2025,42,Male,Pune,Affluent,Savings,Transfer,2338.67,19214.24,602,No,None,0,0,No Loan,High,Insurance,Branch,Active,No,4,,
1001949,11466,501949,16-01-2024,21,Female,Jaipur,Affluent,Salary,Withdrawal,2972.68,11306.7,680,No,None,0,0,No Loan,Medium,Insurance,ATM,Active,No,5,,
1001460,11099,501460,02-08-2024,21,Male,Bengaluru,Mass Market,Fixed Deposit,Card Payment,3199.18,27154.7,797,No,None,0,0,No Loan,Low,Credit Card,Branch,Active,No,5,,
1003897,12464,503897,22-01-2026,34,Male,Hyderabad,Mass Market,Current,Card Payment,2973.64,89383.46,813,Yes,Business,113179.78,8.46,Active,Low,Personal Loan,Internet Banking,Active,No,5,,
1002819,10907,502819,17-08-2024,30,Female,Mumbai,Affluent,Savings,Transfer,2398.91,27878.62,576,Yes,Education,444819.04,10.1,Closed,High,Fixed Deposit,Mobile App,Active,No,4,,
1002722,11493,502722,07-05-2025,28,Female,Chennai,Mass Market,Savings,UPI Payment,10703.89,12641.46,709,No,None,0,0,No Loan,Medium,Insurance,Branch,Dormant,No,5,,
1004800,11357,504800,26-08-2025,38,Female,Hyderabad,Premium,Current,Withdrawal,4762.26,98092.93,607,No,None,0,0,No Loan,High,Insurance,Mobile App,Active,No,5,,
1001588,10515,501588,01-05-2025,36,Female,Delhi,High Net Worth,Salary,Card Payment,2066.1,37426.52,682,Yes,Auto,226066.05,10.15,Closed,Medium,Savings Account,Mobile App,Active,No,4,,
1004223,11655,504223,19-05-2026,35,Male,Hyderabad,Affluent,Current,UPI Payment,1144.66,347577.93,689,No,None,0,0,No Loan,Medium,Credit Card,Internet Banking,Active,No,3,,
1001732,10919,501732,01-07-2026,25,Female,Delhi,Affluent,Salary,Withdrawal,2126.05,32533.93,763,Yes,Auto,124133.18,13.28,Active,Low,Savings Account,Branch,Active,No,4,,
1004775,11472,504775,28-02-2025,39,Male,Bengaluru,Affluent,Salary,Withdrawal,2325.61,152086.79,632,Yes,Home,68715.91,11.69,Active,High,Savings Account,Internet Banking,Active,No,5,,
1003732,10817,503732,14-10-2024,21,Male,Chennai,Mass Market,Savings,Transfer,1266.1,12456.22,629,No,None,0,0,No Loan,High,Investment,Mobile App,Active,No,5,,
1003700,12415,503700,04-09-2025,44,Male,Chennai,Affluent,Savings,UPI Payment,1497.13,52936.41,751,No,None,0,0,No Loan,Low,Insurance,Mobile App,Inactive,No,5,,
1001792,12191,501792,01-11-2024,47,Female,Delhi,Mass Market,Salary,Withdrawal,3696.48,7451.02,709,No,None,0,0,No Loan,Medium,Home Loan,Mobile App,Active,No,4,,
1002356,11837,502356,01-07-2025,25,Male,Kolkata,Affluent,Savings,Withdrawal,1213.97,45545.95,738,No,None,0,0,No Loan,Medium,Insurance,Phone Banking,Active,Yes,2,,
1001941,11154,501941,29-04-2025,25,Female,Delhi,Mass Market,Savings,Transfer,5082.93,92225.29,701,Yes,Auto,122856.41,14.82,Approved,Medium,Fixed Deposit,Internet Banking,Active,No,5,,
1000703,11720,500703,23-03-2026,38,Male,Delhi,Mass Market,Fixed Deposit,Deposit,2367.12,29506.27,728,No,None,0,0,No Loan,Medium,Insurance,Internet Banking,Active,No,4,,
1002443,10944,502443,11-09-2024,44,Female,Delhi,Mass Market,Savings,Transfer,4302.14,57051.7,576,No,None,0,0,No Loan,High,Home Loan,Phone Banking,Active,No,5,,
1002830,12151,502830,17-10-2025,43,Male,Kolkata,Mass Market,Savings,Deposit,4960.59,18044.18,584,No,None,0,0,No Loan,High,Insurance,Phone Banking,Active,No,4,,
1000497,12446,500497,29-11-2024,21,Female,Hyderabad,Mass Market,Current,UPI Payment,2782.67,4840.96,564,No,None,0,0,No Loan,High,Investment,ATM,Active,No,5,,
1000465,11549,500465,21-01-2025,39,Female,Kolkata,Mass Market,Current,Transfer,1851.55,16217.66,706,No,None,0,0,No Loan,Medium,Fixed Deposit,ATM,Inactive,No,3,,
1002703,12382,502703,29-10-2025,21,Female,Kolkata,Mass Market,Salary,Deposit,1196.54,66969.14,713,No,None,0,0,No Loan,Medium,Credit Card,Mobile App,Active,No,4,,
1004344,10072,504344,14-06-2024,46,Female,Mumbai,Mass Market,Savings,Withdrawal,912.53,7080,706,No,None,0,0,No Loan,Medium,Investment,Mobile App,Active,Yes,2,,
1000173,11590,500173,30-07-2026,21,Female,Pune,Affluent,Savings,UPI Payment,4929.13,6918.15,738,No,None,0,0,No Loan,Medium,Savings Account,Mobile App,Active,No,4,,
1004096,11676,504096,27-01-2026,45,,Lucknow,Affluent,Savings,Deposit,1730.81,16341.29,810,Yes,Auto,70024.63,11.12,Active,Low,Savings Account,ATM,Active,No,5,,
1004807,11903,504807,29-06-2026,23,Female,Pune,Mass Market,Savings,ATM,2340.28,21187.27,714,No,None,0,0,No Loan,Medium,Insurance,Internet Banking,Active,No,,,
1002541,10559,502541,23-12-2025,45,Female,Hyderabad,Mass Market,Current,Transfer,3303.1,11320.45,638,No,None,0,0,No Loan,High,Savings Account,Internet Banking,Active,Yes,4,,
1003278,12278,503278,19-10-2025,21,Female,Ahmedabad,High Net Worth,Salary,Transfer,2223.65,8336.78,688,No,None,0,0,No Loan,Medium,Investment,ATM,Inactive,No,5,,
1004210,11097,504210,03-04-2026,33,Male,Chennai,Mass Market,Salary,Transfer,15568.75,32937.98,676,No,None,0,0,No Loan,Medium,Fixed Deposit,ATM,Active,No,3,,
1002261,11654,502261,08-07-2025,41,Female,Hyderabad,Mass Market,Current,Deposit,4069.67,3833.19,850,No,None,0,0,No Loan,Low,Credit Card,Internet Banking,Active,No,5,,
1002113,10497,502113,16-11-2025,34,Female,Delhi,Mass Market,Savings,ATM,297.87,17464.31,614,No,None,0,0,No Loan,High,Fixed Deposit,Phone Banking,Active,No,5,,
1000901,12193,500901,11-04-2025,46,Male,Mumbai,Mass Market,Salary,Withdrawal,1387.67,43590.55,628,No,None,0,0,No Loan,High,Home Loan,Internet Banking,Active,No,4,,
1001447,10029,501447,11-04-2026,38,Female,Jaipur,Premium,Salary,Deposit,2600.81,26752.39,670,Yes,Home,249349.48,7.76,Active,Medium,Savings Account,Internet Banking,Active,No,3,,
1003592,11938,503592,17-10-2024,44,Female,Hyderabad,Premium,Salary,Transfer,3655,9906.74,,No,None,0,0,No Loan,Low,Home Loan,Internet Banking,Dormant,No,3,,
1000742,10056,500742,09-12-2024,42,Male,Delhi,High Net Worth,Savings,Deposit,1960.79,40611.31,667,No,None,0,0,No Loan,Medium,Investment,Phone Banking,Active,No,5,,
1002294,11038,502294,19-01-2024,21,Female,Hyderabad,Mass Market,Current,ATM,26549.43,14182.63,665,No,None,0,0,No Loan,Medium,Savings Account,ATM,Active,No,5,,
1002453,11754,502453,12-04-2025,38,Female,Pune,Affluent,Fixed Deposit,UPI Payment,391.03,14632.96,744,Yes,Auto,66085.28,13.64,Closed,Medium,Home Loan,Mobile App,Inactive,No,4,,
1002843,10420,502843,13-03-2025,21,Female,Mumbai,Mass Market,Savings,Card Payment,1398.13,13482.37,598,No,None,0,0,No Loan,High,Fixed Deposit,Branch,Active,No,5,,
1004097,10299,504097,19-03-2025,37,Male,Jaipur,Affluent,Savings,Deposit,2496.14,109892.83,712,Yes,Business,14875.63,7.76,Defaulted,Medium,Home Loan,Mobile App,Inactive,No,5,,
1001207,10047,501207,08-03-2026,50,Female,Kolkata,Affluent,Current,Withdrawal,7474.14,34674.41,665,Yes,Home,40915.91,13.76,Active,Medium,Fixed Deposit,ATM,Active,No,4,,
1000510,11417,500510,22-09-2024,34,Male,Jaipur,Affluent,Savings,Card Payment,7548.2,47916.83,673,Yes,Home,62097.64,13.14,Active,Medium,Insurance,Mobile App,Active,No,5,,
1003290,10033,503290,11-09-2024,48,Male,Jaipur,Mass Market,Salary,UPI Payment,4359.49,23848.42,696,Yes,Personal,50830.01,7.96,Active,Medium,Personal Loan,Mobile App,Active,No,5,,
1002818,11518,502818,11-12-2024,27,Male,Chennai,Affluent,Current,Transfer,11589.92,20933.98,682,No,None,0,0,No Loan,Medium,Personal Loan,Mobile App,Active,No,5,,
1003367,12379,503367,07-10-2025,37,Male,Bengaluru,Mass Market,Fixed Deposit,ATM,3151,30390.55,684,Yes,Home,67824.67,14.88,Active,Medium,Credit Card,ATM,Active,No,4,,
1001550,12164,501550,20-03-2026,32,Female,Bengaluru,Mass Market,Current,UPI Payment,4955.19,17057.97,730,No,None,0,0,No Loan,Medium,Home Loan,Mobile App,Active,Yes,2,,
1003283,11723,503283,11-07-2025,24,Male,Jaipur,Affluent,Savings,Transfer,11139.46,5081.96,695,No,None,0,0,No Loan,Medium,Personal Loan,Internet Banking,Active,No,5,,
1002203,10781,502203,30-12-2024,37,Female,Jaipur,Premium,Fixed Deposit,Card Payment,1952.83,23188.44,674,No,None,0,0,No Loan,Medium,Investment,Branch,Inactive,No,4,,
1002567,11153,502567,05-04-2025,56,Male,Delhi,Mass Market,Current,ATM,1361.04,26423.14,644,No,None,0,0,No Loan,High,Home Loan,Mobile App,Active,No,4,,
1002695,10286,502695,22-03-2024,41,Male,Pune,Affluent,Salary,UPI Payment,8377.6,33533.54,737,No,None,0,0,No Loan,Medium,Investment,Mobile App,Dormant,No,4,,
1002045,10390,502045,21-07-2025,44,Male,Ahmedabad,Mass Market,Savings,Deposit,2727.24,381025.76,734,No,None,0,0,No Loan,Medium,Investment,ATM,Active,Yes,3,,
1000768,11255,500768,03-07-2026,37,Male,Pune,Mass Market,Salary,Deposit,2127.76,15352.74,650,No,None,0,0,No Loan,Medium,Insurance,Branch,Active,No,5,,
1004883,11171,504883,17-05-2024,50,Male,Jaipur,Mass Market,Savings,UPI Payment,833.61,211570.82,638,No,None,0,0,No Loan,High,Savings Account,Internet Banking,Active,No,5,,
1004154,12325,504154,06-08-2024,52,Female,Ahmedabad,Mass Market,Current,ATM,3658.99,13971.41,650,Yes,Auto,80813.06,8.48,Active,Medium,Savings Account,Mobile App,Active,No,4,,
1000422,11783,500422,22-01-2024,54,Other,Lucknow,Affluent,Fixed Deposit,ATM,2918.76,105017.69,783,No,None,0,0,No Loan,Low,Home Loan,Mobile App,Active,No,5,,
1000124,11758,500124,11-04-2024,34,Female,Bengaluru,Affluent,Savings,Transfer,5910.26,14054.84,798,Yes,Auto,42204.37,8.09,Closed,Low,Credit Card,Internet Banking,Inactive,No,4,,
1004543,10739,504543,30-01-2025,34,Male,Jaipur,Mass Market,Salary,UPI Payment,6240.61,4679.38,691,No,None,0,0,No Loan,Medium,Insurance,Mobile App,Inactive,No,4,,
1002644,11830,502644,15-06-2025,55,Male,Chennai,Mass Market,Savings,Deposit,2351.8,26562.53,800,No,None,0,0,No Loan,Low,Insurance,Phone Banking,Inactive,No,4,,
1000820,10194,500820,19-10-2025,28,Male,Hyderabad,Mass Market,Current,Withdrawal,892.94,27332.66,782,Yes,Business,53490.5,15.52,Active,Low,Home Loan,Mobile App,Active,No,4,,
1001404,12065,501404,05-08-2025,35,Other,Jaipur,High Net Worth,Savings,Withdrawal,10548.37,34370.08,665,No,None,0,0,No Loan,Medium,Personal Loan,Phone Banking,Active,No,4,,
1001383,10700,501383,20-07-2025,33,Female,Delhi,Mass Market,Fixed Deposit,Card Payment,2765.76,18054.57,764,Yes,Education,210898.1,11.6,Active,Low,Savings Account,Phone Banking,Active,No,4,,
1002149,10079,502149,20-03-2024,30,Female,Bengaluru,Mass Market,Savings,Deposit,4687.1,32139.62,735,No,None,0,0,No Loan,Medium,Savings Account,Mobile App,Active,No,4,,
1001576,11342,501576,01-04-2026,31,Male,Chennai,Mass Market,Salary,Withdrawal,1451.34,8740.37,691,No,None,0,0,No Loan,Medium,Fixed Deposit,ATM,Active,No,4,,
1001639,10755,501639,23-07-2024,34,Female,Mumbai,Affluent,Salary,ATM,2411.6,34827.51,715,No,None,0,0,No Loan,Medium,Insurance,Internet Banking,Active,No,5,,
1001796,10305,501796,03-08-2024,28,Female,Hyderabad,Mass Market,Savings,Withdrawal,1277.76,33330,680,No,None,0,0,No Loan,Medium,Personal Loan,ATM,Inactive,No,4,,
1004826,10076,504826,10-01-2025,37,Male,Kolkata,Mass Market,Salary,ATM,5308.77,16346.22,702,No,None,0,0,No Loan,Medium,Personal Loan,Mobile App,Active,No,4,,
1000400,12142,500400,30-09-2024,32,Female,Pune,Mass Market,Salary,Card Payment,4456.65,65857,655,No,None,0,0,No Loan,Medium,Personal Loan,ATM,Inactive,No,5,,
1002311,12024,502311,14-11-2025,56,Male,Jaipur,High Net Worth,Current,Withdrawal,2671.28,14898.59,843,No,None,0,0,No Loan,Low,Insurance,Branch,Active,No,4,,
1000883,12053,500883,25-09-2025,21,Male,Jaipur,Affluent,Current,UPI Payment,1030.61,17261.76,577,No,None,0,0,No Loan,High,Savings Account,Internet Banking,Active,No,4,,
1004984,12362,504984,30-06-2025,36,Other,Delhi,Mass Market,Savings,UPI Payment,851.11,11909.73,755,No,None,0,0,No Loan,Low,Home Loan,Internet Banking,Dormant,No,4,,
1004161,11875,504161,13-06-2026,37,Male,Delhi,Mass Market,Savings,Transfer,3216.79,61446.88,744,Yes,Business,44694.16,7.64,Approved,Medium,Fixed Deposit,Internet Banking,Active,Yes,4,,
1001353,10037,501353,08-05-2024,57,Female,Chennai,Mass Market,Savings,Deposit,2913.89,351745.55,,No,None,0,0,No Loan,Medium,Personal Loan,Branch,Active,No,4,,
1002758,11430,502758,17-03-2025,46,Female,Kolkata,Mass Market,Fixed Deposit,ATM,5415.93,34612.85,745,Yes,Education,64455.31,10.76,Closed,Medium,Investment,ATM,Active,No,5,,
1004561,10870,504561,29-01-2024,44,Male,Ahmedabad,Premium,Savings,ATM,8811.44,140109.58,759,No,None,0,0,No Loan,Low,Insurance,Mobile App,Active,No,5,,
1002131,12069,502131,14-07-2025,35,Male,Ahmedabad,Mass Market,Savings,Withdrawal,3792.76,28925.2,816,No,None,0,0,No Loan,Low,Home Loan,Internet Banking,Inactive,No,4,,
1000983,10117,500983,05-01-2026,32,Female,Ahmedabad,Mass Market,Current,Deposit,12209.19,34036.67,663,No,None,0,0,No Loan,Medium,Insurance,Mobile App,Active,No,5,,
1000457,12240,500457,07-09-2024,45,Female,Chennai,Mass Market,Savings,UPI Payment,2816.31,5092.94,673,No,None,0,0,No Loan,Medium,Fixed Deposit,Branch,Active,No,5,,
1003850,12331,503850,28-06-2026,35,Female,Kolkata,Mass Market,Savings,UPI Payment,3111.42,268091.81,773,No,None,0,0,No Loan,Low,Savings Account,Mobile App,Active,No,4,,
1001080,12199,501080,23-08-2024,31,Female,Delhi,Mass Market,Salary,Withdrawal,484.58,86960.34,770,Yes,Personal,41643.48,14.75,Active,Low,Fixed Deposit,Mobile App,Active,No,4,,
1001951,12335,501951,24-07-2026,21,Female,Ahmedabad,Affluent,Current,UPI Payment,1257.27,63520.79,664,No,None,0,0,No Loan,Medium,Home Loan,Phone Banking,Active,No,3,,
1004325,10270,504325,15-05-2024,43,Female,Delhi,Mass Market,Salary,UPI Payment,4495.65,26227.85,708,No,None,0,0,No Loan,Medium,Credit Card,Internet Banking,Dormant,No,5,,
1000690,12101,500690,05-12-2024,30,Male,Jaipur,Affluent,Savings,Withdrawal,5764.19,83020.81,705,Yes,Auto,57650.83,12.26,Approved,Medium,Fixed Deposit,Mobile App,Active,No,3,,
1002430,11720,502430,04-02-2026,41,Female,Chennai,Mass Market,Savings,Deposit,1394.76,5499.17,707,Yes,Business,187443.43,13.03,Defaulted,Medium,Savings Account,Internet Banking,Active,No,4,,
1000642,10881,500642,22-02-2025,44,Female,Chennai,Affluent,Savings,Card Payment,6107.45,6144.28,702,No,None,0,0,No Loan,Medium,Home Loan,Mobile App,Inactive,No,3,,
1002393,12097,502393,08-07-2026,34,Female,Bengaluru,Mass Market,Savings,UPI Payment,721.7,115626.67,719,No,None,0,0,No Loan,Medium,Investment,ATM,Dormant,No,4,,
1001954,10208,501954,24-11-2024,48,Male,Mumbai,Mass Market,Salary,Transfer,2527.71,8767.44,765,Yes,Business,69615.06,7.46,Closed,Low,Fixed Deposit,Phone Banking,Active,Yes,3,,
1002764,11186,502764,11-04-2024,52,Male,Bengaluru,Mass Market,Savings,Transfer,2779.34,15268.47,745,No,None,0,0,No Loan,Medium,Savings Account,Mobile App,Active,No,4,,
1004454,10668,504454,17-04-2024,55,Male,Bengaluru,Mass Market,Salary,Transfer,2926.47,32830.34,647,No,None,0,0,No Loan,High,Insurance,Phone Banking,Active,No,4,,
1003451,10154,503451,09-05-2024,36,Female,Lucknow,Mass Market,Savings,Transfer,4471.69,54922.6,713,No,None,0,0,No Loan,Medium,Credit Card,Internet Banking,Inactive,No,3,,
1003352,12063,503352,23-01-2026,39,Male,Ahmedabad,Premium,Salary,UPI Payment,1980.58,34742.74,706,No,None,0,0,No Loan,Medium,Investment,Mobile App,Active,Yes,3,,
1004777,12306,504777,02-07-2024,52,Female,Mumbai,Affluent,Current,Card Payment,2400.65,31773.9,789,Yes,Personal,58944.45,14.59,Active,Low,Investment,ATM,Active,No,5,,
1003335,11995,503335,06-10-2025,51,Male,Delhi,Affluent,Salary,Card Payment,5075.46,40990.45,727,No,None,0,0,No Loan,Medium,Savings Account,Branch,Active,No,5,,
1001885,10050,501885,24-06-2026,41,Female,Pune,Mass Market,Savings,Deposit,1880.71,47926.36,811,Yes,Auto,93806.78,10.99,Closed,Low,Investment,Mobile App,Active,No,4,,
1000390,10704,500390,16-01-2026,27,Female,Hyderabad,Affluent,Savings,UPI Payment,25467.67,23671.23,762,No,None,0,0,No Loan,Low,Investment,Mobile App,Active,No,5,,
1002495,10611,502495,22-11-2024,28,Female,Lucknow,Premium,Savings,ATM,2259.66,43124.74,670,Yes,Auto,77424.95,13.29,Active,Medium,Personal Loan,ATM,Active,No,3,,
1003133,11557,503133,28-04-2026,34,Other,Lucknow,Premium,Savings,Deposit,638.85,27766.5,660,Yes,Education,112914.18,15.57,Active,Medium,Investment,Mobile App,Inactive,No,5,,
1002907,11636,502907,25-08-2025,42,Male,Jaipur,Mass Market,Savings,UPI Payment,4187.75,16859.91,757,Yes,Auto,35292.44,13.56,Closed,Low,Savings Account,Internet Banking,Inactive,No,5,,
1000846,10902,500846,12-06-2024,21,Female,Delhi,Affluent,Savings,Card Payment,8788.09,15064.58,791,No,None,0,0,No Loan,Low,Personal Loan,Mobile App,Active,No,4,,
1000543,10895,500543,19-03-2025,25,Female,Ahmedabad,Mass Market,Savings,Card Payment,549.92,30728.65,689,No,None,0,0,No Loan,Medium,Fixed Deposit,Mobile App,Inactive,No,5,,
1000092,12337,500092,20-08-2026,29,Male,Ahmedabad,Premium,Salary,UPI Payment,899.12,11369.47,742,No,None,0,0,No Loan,Medium,Investment,Mobile App,Active,No,3,,
1003908,10147,503908,03-09-2025,41,Female,Lucknow,Mass Market,Savings,Card Payment,33467.81,13857.31,789,No,None,0,0,No Loan,Low,Credit Card,Phone Banking,Active,No,5,,
1001980,10481,501980,02-05-2026,37,Female,Delhi,Affluent,Current,Withdrawal,727.43,113623.6,689,No,None,0,0,No Loan,Medium,Personal Loan,Mobile App,Active,No,3,,
1002828,12493,502828,17-10-2025,24,Male,Pune,Premium,Fixed Deposit,Deposit,3098.86,176527.67,644,No,None,0,0,No Loan,High,Home Loan,Internet Banking,Active,No,3,,
1004100,11475,504100,06-01-2024,27,Male,Ahmedabad,Affluent,Savings,ATM,1013.13,5047.63,690,No,None,0,0,No Loan,Medium,Savings Account,Mobile App,Active,No,5,,
1002918,12012,502918,08-08-2024,21,Male,Ahmedabad,Affluent,Salary,Transfer,2080.64,6321.56,730,No,None,0,0,No Loan,Medium,Home Loan,Mobile App,Active,No,3,,
1002530,11202,502530,02-06-2025,46,Female,Delhi,Premium,Salary,Withdrawal,2517.5,185221.53,665,Yes,Home,95844.41,13.42,Closed,Medium,Personal Loan,Internet Banking,Active,No,4,,
1001677,10460,501677,11-03-2024,31,Female,Hyderabad,Premium,Savings,Deposit,11946.38,1174371.71,722,No,None,0,0,No Loan,Medium,Personal Loan,Branch,Active,No,4,,
1001049,10778,501049,18-12-2025,51,Male,Chennai,Mass Market,Salary,Withdrawal,6840.66,41876.75,679,Yes,Auto,56537.11,9.94,Approved,Medium,Personal Loan,Internet Banking,Dormant,No,4,,
1001961,11680,501961,30-03-2026,21,Male,Pune,Premium,Savings,Card Payment,14117.52,12224.61,721,No,None,0,0,No Loan,Medium,Personal Loan,Phone Banking,Active,No,4,,
1002531,11451,502531,25-09-2024,34,Male,Jaipur,Mass Market,Savings,Withdrawal,2376.97,60677.53,651,No,None,0,0,No Loan,Medium,Insurance,Mobile App,Active,No,3,,
1004502,10460,504502,17-05-2024,21,Female,Jaipur,Mass Market,Savings,Transfer,14140.64,16925.01,,No,None,0,0,No Loan,High,Investment,Mobile App,Active,No,4,,
1000238,10628,500238,11-04-2025,21,Female,Bengaluru,Premium,Salary,UPI Payment,1638.94,20184.02,783,No,None,0,0,No Loan,Low,Credit Card,Mobile App,Active,No,4,,
1004127,11565,504127,17-07-2024,39,Male,Chennai,Mass Market,Current,ATM,247.12,59978.11,673,No,None,0,0,No Loan,Medium,Credit Card,Branch,Active,No,5,,
1003505,10581,503505,30-01-2026,31,Male,Ahmedabad,Affluent,Salary,Card Payment,2113.01,21538.56,561,No,None,0,0,No Loan,High,Home Loan,Mobile App,Active,No,4,,
1001134,10610,501134,23-03-2025,28,Female,Mumbai,Mass Market,Current,ATM,4282.42,25492.5,701,No,None,0,0,No Loan,Medium,Investment,Mobile App,Active,No,5,,
1001806,11474,501806,09-07-2025,21,Female,Mumbai,Mass Market,Salary,UPI Payment,5019.02,19266.85,779,No,None,0,0,No Loan,Low,Personal Loan,Branch,Inactive,Yes,3,,
1004153,11099,504153,24-02-2025,30,Male,Delhi,Premium,Current,Deposit,4721.8,17790.83,746,No,None,0,0,No Loan,Medium,Insurance,Internet Banking,Active,No,5,,
1000164,12490,500164,11-02-2024,29,Male,Kolkata,Affluent,Salary,UPI Payment,9261.08,4029.37,765,No,None,0,0,No Loan,Low,Fixed Deposit,Mobile App,Active,No,4,,
1003509,10681,503509,27-12-2024,21,Male,Mumbai,Mass Market,Savings,UPI Payment,10127.44,16269.08,646,No,None,0,0,No Loan,High,Savings Account,Branch,Active,Yes,1,,
1004720,10447,504720,25-11-2024,22,Female,Mumbai,Premium,Savings,Transfer,3473.17,138813.86,682,No,None,0,0,No Loan,Medium,Credit Card,Internet Banking,Inactive,No,5,,
1003865,12026,503865,15-03-2024,31,Male,Kolkata,Affluent,Savings,Withdrawal,1767.16,222580.79,,No,None,0,0,No Loan,High,Personal Loan,ATM,Active,No,5,,
1003690,11963,503690,13-03-2024,37,Female,Jaipur,Mass Market,Savings,UPI Payment,496.57,27583.55,732,Yes,Education,179989.83,7.22,Approved,Medium,Insurance,ATM,Active,No,4,,
1003215,11526,503215,10-07-2026,46,Female,Hyderabad,Affluent,Savings,Card Payment,2831.56,19133.69,705,No,None,0,0,No Loan,Medium,Savings Account,ATM,Active,No,4,,
1003653,11550,503653,30-03-2024,32,Female,Ahmedabad,Affluent,Savings,UPI Payment,5163.71,37622.8,616,No,None,0,0,No Loan,High,Home Loan,Mobile App,Active,No,5,,
1003958,11848,503958,25-04-2024,35,Female,Jaipur,Premium,Salary,Deposit,828.64,4076.74,645,No,None,0,0,No Loan,High,Personal Loan,Mobile App,Active,No,4,,
1001812,10304,501812,12-01-2025,33,Male,Hyderabad,Affluent,Savings,Deposit,6477.19,6672.24,708,Yes,Education,225060.58,9.09,Defaulted,Medium,Personal Loan,Internet Banking,Inactive,No,5,,
1003986,12383,503986,16-03-2025,39,Male,Lucknow,Premium,Salary,Transfer,1828.79,25813.15,793,No,None,0,0,No Loan,Low,Credit Card,Phone Banking,Inactive,Yes,3,,
1003165,11810,503165,15-03-2024,40,Male,Delhi,Mass Market,Salary,Transfer,3739.12,21718.33,704,Yes,Business,219174.04,13.11,Closed,Medium,Home Loan,ATM,Active,No,5,,
1001429,12240,501429,27-07-2024,53,Male,Delhi,Mass Market,Fixed Deposit,UPI Payment,7446.43,34585.25,850,No,None,0,0,No Loan,Low,Personal Loan,Mobile App,Inactive,No,3,,
1003632,11036,503632,10-10-2025,25,Male,Jaipur,Mass Market,Savings,UPI Payment,5318.44,3162.06,625,No,None,0,0,No Loan,High,Home Loan,Phone Banking,Active,No,4,,
1004386,11725,504386,07-05-2026,47,Female,Lucknow,Affluent,Current,Withdrawal,5857.27,45782.88,678,No,None,0,0,No Loan,Medium,Insurance,Internet Banking,Active,No,4,,
1003412,11878,503412,09-07-2026,33,Male,Mumbai,Affluent,Savings,Card Payment,3038.23,108000.87,683,Yes,Auto,106859.22,12.93,Active,Medium,Investment,Phone Banking,Dormant,Yes,3,,
1004471,11210,504471,16-10-2024,21,Female,Pune,Mass Market,Savings,Card Payment,3973.32,35656.22,639,Yes,Home,56973.13,8.44,Closed,High,Fixed Deposit,Mobile App,Active,No,5,,
1004855,10830,504855,05-04-2025,25,Male,Delhi,Affluent,Fixed Deposit,UPI Payment,364.94,72577.81,695,No,None,0,0,No Loan,Medium,Fixed Deposit,Mobile App,Active,No,,,
1002836,12479,502836,08-06-2025,44,Male,Lucknow,Mass Market,Savings,Withdrawal,2312.73,53188.11,655,No,None,0,0,No Loan,Medium,Investment,ATM,Active,No,4,,
1001453,10738,501453,30-09-2025,39,Male,Hyderabad,Mass Market,Savings,ATM,2538.74,48194.41,583,Yes,Business,30154.45,15.54,Active,High,Investment,Internet Banking,Active,No,4,,
1000594,12037,500594,21-06-2025,31,Female,Mumbai,Mass Market,Current,Transfer,5868.33,14948.61,762,No,None,0,0,No Loan,Low,Home Loan,Mobile App,Active,Yes,5,,
1000042,12364,500042,12-02-2024,39,Female,Hyderabad,Mass Market,Current,UPI Payment,3713.15,7350.27,782,No,None,0,0,No Loan,Low,Savings Account,Internet Banking,Active,No,3,,
1000561,11853,500561,10-07-2026,31,Male,Lucknow,Mass Market,Current,UPI Payment,870.69,14214.36,600,Yes,Education,42935.97,7.59,Active,High,Home Loan,Internet Banking,Active,Yes,3,,
1002952,12170,502952,02-01-2024,36,Female,Chennai,Mass Market,Savings,UPI Payment,4385.11,13175.55,725,No,None,0,0,No Loan,Medium,Home Loan,Mobile App,Active,Yes,4,,
1003743,12102,503743,22-07-2026,33,Female,Hyderabad,Mass Market,Salary,ATM,1052.63,24730.66,731,No,None,0,0,No Loan,Medium,Credit Card,Mobile App,Dormant,No,5,,
1000244,10254,500244,08-03-2026,30,Male,Jaipur,Mass Market,Salary,Card Payment,2470.7,26888.41,728,No,None,0,0,No Loan,Medium,Personal Loan,ATM,Inactive,Yes,2,,
1001340,10040,501340,20-10-2025,37,Female,Hyderabad,Mass Market,Savings,Card Payment,2771.67,42790.64,664,No,None,0,0,No Loan,Medium,Home Loan,Mobile App,Inactive,No,4,,
1004038,11083,504038,26-03-2026,33,Male,Kolkata,Mass Market,Current,Deposit,2056.01,7552.05,767,No,None,0,0,No Loan,Low,Fixed Deposit,Branch,Active,No,3,,
1004809,10575,504809,16-08-2025,44,Male,Hyderabad,Affluent,Savings,Card Payment,7583.34,33336.43,663,No,None,0,0,No Loan,Medium,Fixed Deposit,Branch,Active,No,4,,
1003818,11643,503818,04-09-2025,21,Male,Mumbai,Premium,Savings,Deposit,4746.74,53251.2,723,No,None,0,0,No Loan,Medium,Insurance,Mobile App,Inactive,No,3,,
1001443,11251,501443,27-07-2025,28,Male,Bengaluru,Mass Market,Savings,UPI Payment,2115.36,274260.23,528,No,None,0,0,No Loan,High,Personal Loan,Mobile App,Active,No,3,,
1000262,11159,500262,29-06-2024,24,Female,Pune,Mass Market,Savings,Withdrawal,2527.25,31357.81,688,No,None,0,0,No Loan,Medium,Personal Loan,ATM,Active,No,5,,
1003177,10668,503177,11-09-2024,32,Female,Ahmedabad,Affluent,Salary,UPI Payment,1238.14,20021.89,785,No,None,0,0,No Loan,Low,Credit Card,ATM,Active,No,4,,
1001690,12361,501690,09-03-2024,39,Female,Chennai,Affluent,Salary,Deposit,3704.17,18757.01,725,Yes,Personal,128278.31,14,Closed,Medium,Savings Account,Branch,Active,No,5,,
1001726,11275,501726,28-04-2024,43,Female,Lucknow,Mass Market,Fixed Deposit,UPI Payment,839.63,11976.31,736,No,None,0,0,No Loan,Medium,Home Loan,Mobile App,Active,No,5,,
1004560,11261,504560,22-04-2026,22,Female,Kolkata,Premium,Salary,Deposit,763.18,12215.67,707,No,None,0,0,No Loan,Medium,Insurance,Mobile App,Active,No,4,,
1000835,10559,500835,09-07-2024,51,Female,Delhi,Mass Market,Fixed Deposit,Card Payment,793.78,96759.38,764,No,None,0,0,No Loan,Low,Fixed Deposit,ATM,Active,No,5,,
1001867,11709,501867,17-11-2025,53,Male,Jaipur,Mass Market,Savings,UPI Payment,16739.44,20018.45,657,No,None,0,0,No Loan,Medium,Savings Account,Branch,Active,No,5,,
1002497,12291,502497,19-03-2026,43,Male,Pune,Affluent,Salary,UPI Payment,1676.01,75840.46,663,No,None,0,0,No Loan,Medium,Credit Card,Internet Banking,Active,No,5,,
1002011,10073,502011,26-10-2024,36,Male,Hyderabad,Mass Market,Salary,Deposit,3452.94,36487.82,778,No,None,0,0,No Loan,Low,Insurance,Branch,Active,No,5,,
1000341,10051,500341,21-07-2024,33,Male,Delhi,Mass Market,Salary,Card Payment,4429.72,36483.03,710,No,None,0,0,No Loan,Medium,Personal Loan,ATM,Active,No,5,,
1003322,10434,503322,30-11-2025,39,Male,Ahmedabad,Mass Market,Salary,ATM,5783.17,38829.87,727,No,None,0,0,No Loan,Medium,Fixed Deposit,Mobile App,Active,No,4,,
1001602,10695,501602,09-06-2024,35,Other,Bengaluru,Mass Market,Savings,Card Payment,7594.95,18225.58,740,No,None,0,0,No Loan,Medium,Savings Account,Branch,Active,No,4,,
1003019,10476,503019,16-12-2025,31,Female,Mumbai,Mass Market,Savings,Deposit,3297.42,34688.25,660,No,None,0,0,No Loan,Medium,Personal Loan,Internet Banking,Active,No,3,,
1004705,12398,504705,21-04-2025,33,Female,Jaipur,Premium,Savings,Transfer,2548.4,68843.77,691,No,None,0,0,No Loan,Medium,Home Loan,Mobile App,Active,No,4,,
1000481,12493,500481,01-05-2024,21,Male,Pune,Mass Market,Savings,Transfer,12081.78,62815.44,775,No,None,0,0,No Loan,Low,Personal Loan,Mobile App,Inactive,Yes,3,,
1002930,11464,502930,13-03-2024,21,Female,Hyderabad,Mass Market,Fixed Deposit,Card Payment,513.81,43822.95,673,No,None,0,0,No Loan,Medium,Home Loan,Mobile App,Active,No,5,,
1003919,12223,503919,09-08-2024,34,Male,Ahmedabad,Mass Market,Savings,Card Payment,4518.85,46304.46,850,Yes,Business,30286.08,15.05,Closed,Low,Investment,Branch,Active,No,4,,
1003410,11063,503410,21-02-2024,31,Female,Hyderabad,Mass Market,Savings,UPI Payment,3662.74,71668.94,788,Yes,Business,153093.32,14.97,Closed,Low,Investment,Mobile App,Active,Yes,3,,
1004649,11939,504649,23-08-2025,30,Male,Kolkata,Mass Market,Current,Card Payment,2412.9,51594.47,686,No,None,0,0,No Loan,Medium,Credit Card,Internet Banking,Active,Yes,3,,
1003506,10863,503506,12-04-2026,26,Female,Ahmedabad,Mass Market,Salary,Deposit,6189.83,31664.96,726,Yes,Home,75691.74,12.11,Active,Medium,Insurance,Internet Banking,Active,No,4,,
1004009,11506,504009,29-10-2025,45,Male,Lucknow,Mass Market,Salary,Card Payment,24614.94,57277.32,736,No,None,0,0,No Loan,Medium,Investment,Internet Banking,Active,Yes,2,,
1001767,11328,501767,20-04-2026,30,Male,Mumbai,Affluent,Salary,Deposit,4384.34,28293.69,773,No,None,0,0,No Loan,Low,Personal Loan,ATM,Active,No,4,,
1004484,12418,504484,13-05-2025,64,Male,Jaipur,Mass Market,Savings,UPI Payment,2550.96,14971.14,775,Yes,Personal,42257.44,14.43,Closed,Low,Fixed Deposit,Mobile App,Active,No,4,,
1002454,12353,502454,17-08-2026,29,Male,Delhi,Mass Market,Salary,UPI Payment,4632.64,139771.5,,Yes,Business,59154.95,8.92,Closed,Low,Investment,Branch,Inactive,No,5,,
1002893,10375,502893,02-04-2024,22,Male,Ahmedabad,Affluent,Fixed Deposit,Withdrawal,4046.74,32589.84,564,No,None,0,0,No Loan,High,Investment,Mobile App,Inactive,No,5,,
1003834,11638,503834,01-03-2026,42,Male,Jaipur,Affluent,Current,Card Payment,12804.9,29016.87,643,Yes,Auto,104948.06,12.23,Active,High,Home Loan,Internet Banking,Active,No,5,,
1004035,12315,504035,24-04-2024,46,Female,Chennai,Mass Market,Fixed Deposit,Transfer,4970.51,13049.34,631,No,None,0,0,No Loan,High,Home Loan,Mobile App,Active,No,4,,
1004688,10171,504688,14-02-2025,33,Female,Lucknow,Mass Market,Current,Card Payment,662.25,7227.11,689,No,None,0,0,No Loan,Medium,Home Loan,Branch,Active,No,4,,
1003698,10403,503698,21-11-2024,27,Male,Pune,Affluent,Savings,Card Payment,3250.63,73511.04,544,No,None,0,0,No Loan,High,Home Loan,Mobile App,Dormant,No,5,,
1001272,10376,501272,18-08-2026,43,Female,Hyderabad,Mass Market,Fixed Deposit,Transfer,1266.94,29950.72,756,No,None,0,0,No Loan,Low,Fixed Deposit,Mobile App,Active,No,4,,
1002469,10593,502469,08-03-2024,46,Other,Pune,Mass Market,Savings,Deposit,9598.63,53605.13,725,No,None,0,0,No Loan,Medium,Investment,Mobile App,Active,No,4,,
1004512,12231,504512,19-06-2025,42,Male,Bengaluru,Affluent,Savings,UPI Payment,9449.87,20972.42,699,Yes,Education,192781.13,14.12,Active,Medium,Investment,Phone Banking,Inactive,No,3,,
1003110,11552,503110,28-05-2025,40,Female,Delhi,Premium,Savings,ATM,2673.94,24927.92,695,Yes,Business,31781.05,11.34,Active,Medium,Savings Account,ATM,Active,Yes,2,,
1004152,11746,504152,01-04-2026,35,Male,Mumbai,Premium,Savings,UPI Payment,2427.88,22169.62,653,Yes,Home,74971.13,11.79,Closed,Medium,Credit Card,Branch,Active,No,3,,
1000348,10682,500348,30-03-2024,39,Female,Kolkata,Premium,Fixed Deposit,Deposit,9248.45,74854.36,621,No,None,0,0,No Loan,High,Insurance,Mobile App,Inactive,No,5,,
1003900,11674,503900,08-07-2025,48,Male,Chennai,Mass Market,Salary,ATM,1089.81,31928.44,740,Yes,Home,37409.46,7.41,Active,Medium,Credit Card,Phone Banking,Active,No,3,,
1004634,11472,504634,20-08-2025,21,Female,Lucknow,Affluent,Savings,Withdrawal,12932.41,6931.93,702,No,None,0,0,No Loan,Medium,Fixed Deposit,Mobile App,Active,No,3,,
1002563,11782,502563,25-02-2024,42,Male,Jaipur,Mass Market,Savings,Card Payment,41264.69,3615.64,668,Yes,Business,135858.25,13.75,Active,Medium,Savings Account,Phone Banking,Active,No,4,,
1004601,10678,504601,08-03-2026,40,Female,Delhi,Affluent,Salary,Card Payment,3332.45,27128.74,720,No,None,0,0,No Loan,Medium,Insurance,ATM,Active,No,3,,
1001424,11220,501424,31-10-2025,42,Female,Kolkata,Mass Market,Savings,UPI Payment,4884.17,27913.1,647,Yes,Education,81412.28,10.7,Active,High,Savings Account,Branch,Active,Yes,4,,
1000657,10236,500657,07-10-2025,27,Male,Kolkata,Premium,Current,UPI Payment,711.28,79056.03,685,No,None,0,0,No Loan,Medium,Home Loan,Mobile App,Active,No,5,,
1002103,12113,502103,27-05-2025,21,Male,Bengaluru,Premium,Savings,UPI Payment,9482.93,36133.74,818,No,None,0,0,No Loan,Low,Personal Loan,Internet Banking,Active,No,3,,
1000633,10083,500633,14-08-2025,37,Other,Ahmedabad,Mass Market,Savings,Transfer,1752.43,10420.87,743,No,None,0,0,No Loan,Medium,Savings Account,Mobile App,Active,No,5,,
1002908,11404,502908,03-08-2024,37,Male,Lucknow,Affluent,Current,UPI Payment,3749.47,23093.35,664,No,None,0,0,No Loan,Medium,Personal Loan,Mobile App,Active,No,4,,
1002494,10571,502494,14-07-2024,42,Male,Hyderabad,Mass Market,Current,Card Payment,5557.79,9349.74,692,No,None,0,0,No Loan,Medium,Fixed Deposit,Branch,Active,No,5,,
1002666,11683,502666,23-08-2025,61,Male,Pune,Premium,Savings,Withdrawal,9659.86,48958.64,679,Yes,Home,48204.7,15.37,Active,Medium,Personal Loan,Mobile App,Dormant,Yes,3,,
1003231,11124,503231,20-03-2025,37,Female,Chennai,Mass Market,Savings,Withdrawal,1896.34,16707.43,806,No,None,0,0,No Loan,Low,Investment,Branch,Active,No,4,,
1003980,12340,503980,12-10-2024,30,Female,Chennai,Mass Market,Savings,ATM,2586.52,11159.7,696,No,None,0,0,No Loan,Medium,Savings Account,Mobile App,Active,Yes,2,,
1003323,10278,503323,17-06-2024,35,Male,Bengaluru,High Net Worth,Salary,Transfer,4748.54,8282.34,783,Yes,Business,45823.4,15.45,Approved,Low,Insurance,Mobile App,Active,Yes,3,,
1003514,11674,503514,23-06-2025,37,Male,Bengaluru,Mass Market,Current,Withdrawal,1514.3,90114.91,850,Yes,Home,46022.33,7.03,Approved,Low,Investment,ATM,Dormant,No,5,,
1003613,10525,503613,03-08-2024,27,Female,Ahmedabad,Mass Market,Salary,UPI Payment,2606.09,67443.44,780,No,None,0,0,No Loan,Low,Credit Card,Internet Banking,Active,No,5,,
1002501,12439,502501,28-04-2024,38,Male,Jaipur,Premium,Fixed Deposit,Card Payment,509.88,30113,796,No,None,0,0,No Loan,Low,Personal Loan,Branch,Inactive,No,4,,
1001466,10021,501466,14-03-2024,49,Male,Delhi,Affluent,Salary,Deposit,2204.64,158694.71,714,Yes,Home,174950.05,8.89,Active,Medium,Savings Account,Mobile App,Active,No,4,,
1004704,10453,504704,14-11-2025,42,Female,Ahmedabad,Mass Market,Savings,Deposit,5058.68,6079.86,768,No,None,0,0,No Loan,Low,Credit Card,Mobile App,Active,No,4,,
1000116,11039,500116,30-07-2024,40,Male,Delhi,Affluent,Salary,Transfer,2039.7,3450.94,671,Yes,Business,21047.18,12.64,Closed,Medium,Fixed Deposit,Mobile App,Active,No,4,,
1001822,10021,501822,12-12-2025,32,Male,Bengaluru,Affluent,Current,Withdrawal,4528.94,86345.18,763,No,None,0,0,No Loan,Low,Savings Account,ATM,Active,No,4,,
1001495,10349,501495,03-04-2024,36,Female,Jaipur,Premium,Savings,Withdrawal,9392.75,42242.84,850,No,None,0,0,No Loan,Low,Insurance,Internet Banking,Active,No,5,,
1002402,11206,502402,16-11-2024,34,Male,Kolkata,Mass Market,Savings,Card Payment,740.38,21812.32,794,No,None,0,0,No Loan,Low,Investment,Mobile App,Active,Yes,2,,
1001233,11195,501233,04-06-2025,33,Male,Hyderabad,Mass Market,Fixed Deposit,ATM,3014.96,33768.67,674,No,None,0,0,No Loan,Medium,Personal Loan,Branch,Active,No,5,,
1002662,11378,502662,14-06-2024,25,Male,Delhi,Mass Market,Salary,Transfer,5462.21,49455.08,850,No,None,0,0,No Loan,Low,Fixed Deposit,Internet Banking,Active,No,4,,
1002888,12325,502888,07-12-2024,36,Female,Kolkata,Mass Market,Current,Deposit,3040.97,81047.35,786,No,None,0,0,No Loan,Low,Credit Card,Branch,Dormant,No,5,,
1004642,12432,504642,06-11-2025,39,Male,Hyderabad,Premium,Savings,Card Payment,2583.22,152039.31,663,No,None,0,0,No Loan,Medium,Investment,ATM,Active,No,5,,
1001154,11251,501154,05-06-2024,33,Female,Ahmedabad,Mass Market,Savings,UPI Payment,2610.56,71541.45,645,No,None,0,0,No Loan,High,Insurance,Branch,Active,No,5,,
1003867,10314,503867,03-03-2026,28,Female,Ahmedabad,Affluent,Savings,Withdrawal,1007.74,67749.56,647,No,None,0,0,No Loan,High,Credit Card,Internet Banking,Inactive,No,3,,
1000058,10703,500058,17-10-2024,34,Female,Chennai,Mass Market,Current,Transfer,2799.62,1303.36,670,No,None,0,0,No Loan,Medium,Investment,Internet Banking,Inactive,No,4,,
1003411,10187,503411,16-06-2026,28,Male,Pune,Mass Market,Savings,UPI Payment,1653.73,30309.3,725,No,None,0,0,No Loan,Medium,Credit Card,Mobile App,Active,No,5,,
1004464,11293,504464,23-09-2024,21,,Kolkata,Affluent,Salary,UPI Payment,9361.21,9340.66,701,No,None,0,0,No Loan,Medium,Fixed Deposit,ATM,Active,No,5,,
1004956,11498,504956,03-11-2025,32,Male,Kolkata,Premium,Savings,Deposit,8980.69,21286.55,827,No,None,0,0,No Loan,Low,Personal Loan,Mobile App,Active,Yes,2,,
1001736,11662,501736,04-01-2026,42,Male,Chennai,Affluent,Fixed Deposit,Deposit,3069.44,102435.09,709,No,None,0,0,No Loan,Medium,Fixed Deposit,Phone Banking,Active,No,4,,
1002197,12197,502197,02-03-2024,30,Male,Mumbai,Affluent,Savings,Withdrawal,3300.49,55505.8,621,No,None,0,0,No Loan,High,Personal Loan,ATM,Active,No,3,,
1003784,11630,503784,14-10-2024,42,Male,Mumbai,Premium,Savings,ATM,4100.55,50798.05,607,Yes,Business,125576.46,15.11,Closed,High,Credit Card,Mobile App,Inactive,No,5,,
1002476,10177,502476,16-12-2024,21,Male,Lucknow,Mass Market,Savings,Transfer,4859.89,12402.06,717,Yes,Business,514733.21,8.75,Active,Medium,Credit Card,Mobile App,Active,No,5,,
1002565,11548,502565,17-04-2025,23,Male,Delhi,Affluent,Savings,Deposit,1067.5,273052.19,601,Yes,Education,16203.69,11.19,Active,High,Savings Account,Phone Banking,Active,No,5,,
1003174,10889,503174,23-05-2026,37,Female,Jaipur,Affluent,Current,Withdrawal,1249.44,50107.96,731,Yes,Business,90310.15,12.1,Closed,Medium,Fixed Deposit,Mobile App,Active,No,5,,
1004053,10384,504053,14-03-2024,41,Male,Pune,Mass Market,Salary,Deposit,4549.81,59717.96,738,No,None,0,0,No Loan,Medium,Fixed Deposit,Internet Banking,Active,No,4,,
1003674,10681,503674,27-08-2025,38,Male,Mumbai,Mass Market,Salary,Deposit,3762.9,23524.34,666,No,None,0,0,No Loan,Medium,Insurance,Internet Banking,Active,No,4,,
1000708,10672,500708,10-04-2024,24,Male,Ahmedabad,Mass Market,Current,Withdrawal,4585.28,14928.29,707,No,None,0,0,No Loan,Medium,Personal Loan,ATM,Active,No,4,,
1004291,10936,504291,08-06-2026,51,Male,Chennai,Premium,Savings,Transfer,16328.25,24023.48,535,Yes,Business,50525.94,13.04,Active,High,Personal Loan,Mobile App,Inactive,No,5,,
1001094,11556,501094,14-01-2024,28,Female,Kolkata,Affluent,Savings,ATM,895.85,57079.65,651,No,None,0,0,No Loan,Medium,Investment,Mobile App,Active,No,4,,
1003805,11393,503805,22-08-2024,35,Female,Bengaluru,Mass Market,Savings,Withdrawal,4622.99,40811.37,797,No,None,0,0,No Loan,Low,Fixed Deposit,Mobile App,Active,No,5,,
1001377,10363,501377,04-12-2025,39,Male,Chennai,Affluent,Salary,Card Payment,5471.93,51342.9,637,No,None,0,0,No Loan,High,Personal Loan,Mobile App,Active,No,4,,
1004924,12458,504924,14-04-2024,25,Male,Kolkata,Mass Market,Salary,UPI Payment,6298.41,8555.51,696,Yes,Home,329548.51,14.75,Closed,Medium,Personal Loan,Branch,Active,No,5,,
1000073,11077,500073,12-03-2024,47,Male,Pune,Mass Market,Savings,Withdrawal,6878.97,25079.42,764,Yes,Auto,18150.96,9.26,Active,Low,Savings Account,ATM,Active,No,5,,
1001923,11923,501923,30-06-2024,41,Male,Kolkata,Affluent,Savings,Transfer,3472,13844.97,669,No,None,0,0,No Loan,Medium,Savings Account,Mobile App,Active,No,5,,
1003189,10198,503189,15-03-2026,44,Male,Lucknow,Mass Market,Savings,Card Payment,1487.78,43314.31,785,No,None,0,0,No Loan,Low,Credit Card,Mobile App,Active,No,4,,
1001765,12000,501765,13-06-2026,31,Male,Bengaluru,Affluent,Savings,Deposit,6471.34,69513.7,644,Yes,Auto,46651.53,13.65,Active,High,Fixed Deposit,Mobile App,Active,No,4,,
1000744,10526,500744,04-02-2024,47,Female,Jaipur,Mass Market,Savings,UPI Payment,4712.15,38107.15,648,Yes,Personal,67814.11,11.98,Approved,High,Credit Card,Branch,Active,No,5,,
1002894,12121,502894,27-04-2026,21,Male,Pune,Mass Market,Current,Withdrawal,2544.98,40865.58,818,Yes,Business,247979.85,13.34,Active,Low,Savings Account,Mobile App,Active,No,5,,
1001006,11185,501006,17-08-2024,41,Male,Kolkata,Mass Market,Savings,UPI Payment,2222.46,65160.17,814,Yes,Personal,85402.12,15.33,Closed,Low,Home Loan,Mobile App,Active,Yes,4,,
1002669,11531,502669,03-01-2025,21,Male,Jaipur,Mass Market,Savings,Deposit,18792.48,19383.76,602,No,None,0,0,No Loan,High,Credit Card,Branch,Active,No,3,,
1001191,10330,501191,13-01-2024,31,Female,Hyderabad,Affluent,Savings,Deposit,2156.45,19955.85,733,No,None,0,0,No Loan,Medium,Insurance,Mobile App,Active,No,5,,
1004664,12403,504664,23-09-2025,53,Male,Kolkata,Mass Market,Salary,Card Payment,5754.83,36853.12,698,No,None,0,0,No Loan,Medium,Investment,Mobile App,Active,No,4,,
1002602,10986,502602,04-07-2025,21,Female,Ahmedabad,Mass Market,Salary,Withdrawal,8159.96,4180.92,692,No,None,0,0,No Loan,Medium,Home Loan,Branch,Inactive,No,4,,
1001126,11402,501126,23-07-2026,33,Female,Delhi,Premium,Savings,Withdrawal,2137.2,54600.1,753,No,None,0,0,No Loan,Low,Investment,ATM,Active,No,5,,
1001242,11132,501242,07-05-2024,55,Male,Lucknow,Mass Market,Salary,Card Payment,2168.74,13500.7,752,No,None,0,0,No Loan,Low,Savings Account,Internet Banking,Inactive,No,4,,
1003631,10113,503631,20-06-2024,39,Female,Kolkata,Premium,Current,Transfer,4913.78,11910.32,729,No,None,0,0,No Loan,Medium,Savings Account,Mobile App,Active,No,4,,
1004140,11685,504140,28-10-2024,33,Female,Hyderabad,Mass Market,Savings,Card Payment,256.48,22498.23,736,No,None,0,0,No Loan,Medium,Fixed Deposit,Phone Banking,Active,No,5,,
1004852,11811,504852,13-08-2026,49,Male,Hyderabad,Affluent,Savings,Transfer,5080.45,33187.12,750,No,None,0,0,No Loan,Low,Home Loan,Phone Banking,Active,Yes,3,,
1000999,11206,500999,24-08-2024,28,Male,Delhi,Mass Market,Savings,Withdrawal,1748.1,40025.98,701,No,None,0,0,No Loan,Medium,Savings Account,ATM,Active,No,3,,
1004793,11388,504793,18-11-2024,44,Female,Lucknow,Mass Market,Current,Card Payment,921.53,11728.58,714,No,None,0,0,No Loan,Medium,Investment,Mobile App,Active,No,4,,
1002685,11660,502685,22-04-2025,34,Female,Jaipur,Mass Market,Savings,UPI Payment,22350.49,34535.14,773,Yes,Home,98255.74,8.97,Closed,Low,Insurance,ATM,Dormant,No,5,,
1001578,10251,501578,08-05-2024,49,Male,Mumbai,Mass Market,Current,Transfer,1281.08,23843.25,739,No,None,0,0,No Loan,Medium,Investment,Internet Banking,Active,No,5,,
1004801,11924,504801,17-05-2024,38,Female,Kolkata,Mass Market,Current,Withdrawal,5006.8,2321.99,772,No,None,0,0,No Loan,Low,Fixed Deposit,Internet Banking,Active,No,4,,
1001827,11148,501827,26-02-2024,37,Female,Jaipur,Affluent,Current,Withdrawal,20113.58,142879.72,668,No,None,0,0,No Loan,Medium,Savings Account,ATM,Active,No,5,,
1003308,10489,503308,23-11-2024,27,Male,Ahmedabad,Mass Market,Salary,UPI Payment,1419.64,26110.5,766,No,None,0,0,No Loan,Low,Savings Account,ATM,Active,No,4,,
1005000,10663,505000,06-07-2025,53,Male,Jaipur,Mass Market,Salary,Deposit,8072.56,187677.89,623,Yes,Education,67089.43,8.98,Active,High,Fixed Deposit,Mobile App,Active,Yes,3,,
1003553,11135,503553,11-01-2025,36,Female,Bengaluru,Mass Market,Savings,UPI Payment,11244.07,165303.56,599,Yes,Education,201214.87,15.25,Active,High,Credit Card,Mobile App,Active,No,5,,
1000441,11631,500441,27-06-2024,23,Male,Chennai,Premium,Savings,Withdrawal,1383.32,366889.67,763,Yes,Auto,41543.81,13.17,Active,Low,Investment,ATM,Active,No,5,,
1004962,10522,504962,22-03-2024,21,Male,Pune,Affluent,Savings,Deposit,2361.7,60608.66,652,No,None,0,0,No Loan,Medium,Investment,Mobile App,Inactive,Yes,2,,
1001101,11077,501101,31-08-2026,37,Female,Ahmedabad,Affluent,Savings,Deposit,3867.92,19853.95,769,No,None,0,0,No Loan,Low,Investment,Phone Banking,Active,No,5,,
1004029,10858,504029,16-10-2024,34,Female,Hyderabad,Affluent,Savings,Withdrawal,7254.71,27689.68,714,Yes,Personal,76946.74,7.84,Defaulted,Medium,Insurance,Mobile App,Active,Yes,4,,
1004954,10336,504954,14-08-2026,48,Male,Bengaluru,Mass Market,Savings,UPI Payment,851.79,21971.66,697,Yes,Business,38180.27,11.14,Active,Medium,Credit Card,Internet Banking,Active,No,5,,
1000650,10674,500650,25-03-2024,31,Female,Mumbai,Mass Market,Current,Deposit,6432.32,9850.39,752,Yes,Auto,47201.03,9.43,Approved,Low,Credit Card,Branch,Active,No,4,,
1001547,12273,501547,23-11-2025,44,Male,Bengaluru,Mass Market,Savings,Deposit,1055.5,78168.42,665,No,None,0,0,No Loan,Medium,Credit Card,Phone Banking,Active,No,4,,
1003555,11659,503555,08-09-2025,58,Male,Lucknow,Mass Market,Current,UPI Payment,5477.29,206974.64,736,No,None,0,0,No Loan,Medium,Investment,Branch,Active,No,3,,
1003577,11364,503577,26-01-2024,23,Male,Kolkata,Affluent,Current,Card Payment,1264.9,92667.12,647,Yes,Education,45723.27,13.74,Closed,High,Home Loan,ATM,Dormant,No,5,,
1003816,10680,503816,18-02-2025,37,Female,Mumbai,Premium,Savings,UPI Payment,3362.15,9217.94,707,No,None,0,0,No Loan,Medium,Credit Card,Mobile App,Active,No,4,,
1003760,12087,503760,30-06-2024,21,Male,Lucknow,Mass Market,Savings,Transfer,17014.21,7050.68,638,No,None,0,0,No Loan,High,Fixed Deposit,Mobile App,Inactive,Yes,3,,
1000631,11461,500631,27-04-2025,32,Male,Kolkata,Mass Market,Savings,UPI Payment,879.71,7683.94,584,No,None,0,0,No Loan,High,Fixed Deposit,Mobile App,Active,Yes,4,,
1000673,10447,500673,05-07-2026,37,Male,Kolkata,Affluent,Salary,Transfer,3766.01,47695.72,763,Yes,Home,90588.67,8.78,Active,Low,Savings Account,Mobile App,Active,No,3,,
1001250,11298,501250,03-01-2025,46,Female,Hyderabad,Mass Market,Fixed Deposit,Deposit,5513.34,53721.7,684,No,None,0,0,No Loan,Medium,Insurance,Mobile App,Active,No,5,,
1000483,10265,500483,23-06-2024,49,Female,Hyderabad,Mass Market,Savings,Deposit,3250.97,22735.91,749,No,None,0,0,No Loan,Medium,Savings Account,Internet Banking,Active,Yes,3,,
1001585,10022,501585,17-03-2025,34,Female,Delhi,Mass Market,Salary,UPI Payment,21064.2,11887.91,709,No,None,0,0,No Loan,Medium,Credit Card,Mobile App,Inactive,No,5,,
1003090,10648,503090,01-11-2025,44,Female,Hyderabad,Mass Market,Savings,ATM,3859.03,48009.51,795,No,None,0,0,No Loan,Low,Fixed Deposit,ATM,Inactive,Yes,1,,
1004638,11273,504638,17-05-2025,40,Female,Bengaluru,Mass Market,Savings,Deposit,3455,28202.85,803,No,None,0,0,No Loan,Low,Credit Card,ATM,Inactive,No,4,,
1003054,12385,503054,01-10-2025,47,Male,Hyderabad,Mass Market,Current,UPI Payment,5489.12,119248.67,785,No,None,0,0,No Loan,Low,Personal Loan,ATM,Active,No,3,,
1001463,10974,501463,26-05-2025,40,Male,Lucknow,Affluent,Savings,UPI Payment,4124.61,49232.03,704,Yes,Personal,57427.77,8.42,Closed,Medium,Insurance,Internet Banking,Inactive,Yes,4,,
1003948,10529,503948,28-12-2024,25,Female,Lucknow,Mass Market,Salary,Withdrawal,2891.34,13008.37,629,No,None,0,0,No Loan,High,Fixed Deposit,Internet Banking,Active,No,5,,
1003640,10888,503640,10-06-2025,36,Male,Hyderabad,Mass Market,Savings,Transfer,3254.29,25637.09,685,No,None,0,0,No Loan,Medium,Credit Card,Internet Banking,Active,No,5,,
1002579,10247,502579,28-04-2026,44,Male,Jaipur,Premium,Savings,Transfer,1270.32,75271.04,816,No,None,0,0,No Loan,Low,Insurance,Mobile App,Active,No,5,,
1003820,11359,503820,07-04-2025,23,Female,Jaipur,Affluent,Savings,Deposit,5685.61,32891.26,631,Yes,Education,129366.3,13.01,Approved,High,Savings Account,Mobile App,Active,No,5,,
1000050,10776,500050,19-04-2024,40,Male,Delhi,Mass Market,Savings,UPI Payment,455.85,2812.99,791,Yes,Business,70402.48,10.65,Approved,Low,Insurance,Mobile App,Active,No,,,
1004300,11106,504300,08-04-2024,50,Male,Jaipur,Mass Market,Savings,Card Payment,3987.76,28233.16,718,No,None,0,0,No Loan,Medium,Credit Card,ATM,Active,No,3,,
1003072,12000,503072,11-11-2025,43,Male,Jaipur,High Net Worth,Savings,Card Payment,8048.56,47941.85,601,No,None,0,0,No Loan,High,Investment,Mobile App,Active,No,5,,
1000859,11637,500859,25-07-2025,31,Female,Mumbai,Mass Market,Current,Withdrawal,3249.72,21016.53,719,No,None,0,0,No Loan,Medium,Savings Account,Mobile App,Active,No,5,,
1001073,10910,501073,02-06-2026,39,Male,Ahmedabad,Affluent,Savings,Transfer,5867.61,9428.05,680,No,None,0,0,No Loan,Medium,Personal Loan,Branch,Active,No,5,,
1000720,11102,500720,13-05-2024,38,Female,Kolkata,Affluent,Savings,ATM,9096.01,16295.94,718,Yes,Personal,43603.24,12.53,Active,Medium,Investment,Internet Banking,Inactive,No,4,,
1003173,12373,503173,04-03-2025,31,Male,Jaipur,Affluent,Savings,UPI Payment,1828.02,43512.96,733,No,None,0,0,No Loan,Medium,Insurance,Mobile App,Active,No,3,,
1002632,12249,502632,10-06-2024,40,Male,Kolkata,Mass Market,Current,Withdrawal,1344.45,13628.91,711,No,None,0,0,No Loan,Medium,Fixed Deposit,Mobile App,Active,No,5,,
1004884,10490,504884,05-07-2024,31,Female,Delhi,Mass Market,Savings,ATM,9384.03,17602.9,674,No,None,0,0,No Loan,Medium,Credit Card,Mobile App,Inactive,No,5,,
1001661,10381,501661,09-07-2025,46,Other,Ahmedabad,Premium,Current,ATM,1391.73,10572.97,754,No,None,0,0,No Loan,Low,Fixed Deposit,Phone Banking,Active,Yes,4,,
1001657,10553,501657,18-03-2024,44,Male,Lucknow,Premium,Savings,UPI Payment,1879.53,15291.99,663,No,None,0,0,No Loan,Medium,Investment,Mobile App,Active,No,4,,
1002426,11580,502426,03-03-2025,37,Male,Jaipur,Affluent,Salary,Withdrawal,13477.94,36800.88,722,No,None,0,0,No Loan,Medium,Fixed Deposit,Branch,Inactive,No,5,,
1003541,11992,503541,15-07-2026,27,Male,Mumbai,Premium,Savings,ATM,1452.99,5766.3,738,No,None,0,0,No Loan,Medium,Savings Account,Mobile App,Active,No,4,,
1004239,12041,504239,30-01-2025,49,Male,Ahmedabad,Affluent,Fixed Deposit,Withdrawal,1199.66,11807.87,757,Yes,Education,140961.84,10.06,Defaulted,Low,Insurance,Mobile App,Active,No,3,,
1004985,10332,504985,28-09-2025,24,Female,Mumbai,Affluent,Savings,UPI Payment,4399.69,58388.4,726,No,None,0,0,No Loan,Medium,Credit Card,Mobile App,Active,No,5,,
1004432,10424,504432,11-07-2025,35,Male,Lucknow,Affluent,Current,UPI Payment,6023.68,9608.17,697,No,None,0,0,No Loan,Medium,Personal Loan,ATM,Active,No,4,,
1004487,10367,504487,29-10-2024,33,Male,Ahmedabad,Mass Market,Savings,Transfer,119312.97,9392.98,707,No,None,0,0,No Loan,Medium,Credit Card,Mobile App,Active,No,4,,
1003321,10980,503321,15-06-2024,47,Male,Chennai,Mass Market,Savings,Deposit,8532.65,34673.09,733,No,None,0,0,No Loan,Medium,Fixed Deposit,Branch,Active,No,5,,
1004762,10375,504762,22-07-2026,25,Female,Bengaluru,Premium,Savings,Card Payment,3025,40741.94,690,No,None,0,0,No Loan,Medium,Insurance,Mobile App,Active,Yes,3,,
1004136,11646,504136,02-12-2025,50,Male,Pune,Mass Market,Salary,ATM,4001.62,52618.53,709,No,None,0,0,No Loan,Medium,Fixed Deposit,ATM,Active,No,4,,
1002607,10981,502607,07-05-2025,42,Male,Kolkata,Mass Market,Current,Deposit,11041.61,26060.43,669,No,None,0,0,No Loan,Medium,Investment,Mobile App,Inactive,No,5,,
1001386,10557,501386,27-04-2026,48,Other,Chennai,Mass Market,Savings,UPI Payment,7684.06,21900.78,815,No,None,0,0,No Loan,Low,Personal Loan,Branch,Active,No,4,,
1003854,10277,503854,27-04-2025,28,Male,Pune,Premium,Salary,Withdrawal,1676.02,9941.13,744,No,None,0,0,No Loan,Medium,Fixed Deposit,Mobile App,Active,No,3,,
1001400,11549,501400,31-08-2025,27,Other,Chennai,Affluent,Salary,UPI Payment,4157.33,174350.41,658,Yes,Home,84649.03,8.01,Closed,Medium,Savings Account,Internet Banking,Active,No,5,,
1001196,10339,501196,22-04-2024,40,Male,Hyderabad,Premium,Salary,Deposit,3888.73,47145.16,800,No,None,0,0,No Loan,Low,Insurance,Internet Banking,Active,No,5,,
1001409,10675,501409,16-08-2025,21,Male,Pune,Premium,Savings,UPI Payment,253.85,5969.63,707,No,None,0,0,No Loan,Medium,Home Loan,Mobile App,Active,No,5,,
1003843,11620,503843,09-10-2025,45,Male,Jaipur,Premium,Savings,Deposit,3374.81,30180.49,651,No,None,0,0,No Loan,Medium,Insurance,Mobile App,Active,No,4,,
1001799,11964,501799,23-06-2026,21,Female,Delhi,Premium,Savings,UPI Payment,6428.45,39022.15,536,No,None,0,0,No Loan,High,Fixed Deposit,ATM,Active,No,4,,
1001476,11981,501476,27-02-2025,36,Female,Bengaluru,Mass Market,Savings,Withdrawal,5297.41,15804.9,766,No,None,0,0,No Loan,Low,Home Loan,Mobile App,Active,No,4,,
1003232,12079,503232,27-01-2026,41,Female,Ahmedabad,Mass Market,Salary,Deposit,2915.23,79206.23,716,No,None,0,0,No Loan,Medium,Home Loan,Internet Banking,Active,No,4,,
1000036,10647,500036,04-05-2026,48,Female,Hyderabad,Premium,Savings,Transfer,4453.21,15338.41,729,No,None,0,0,No Loan,Medium,Insurance,Branch,Inactive,No,3,,
1003558,11753,503558,02-01-2024,37,Female,Kolkata,Mass Market,Savings,UPI Payment,1754.91,20809.19,674,No,None,0,0,No Loan,Medium,Savings Account,ATM,Active,Yes,2,,
1002346,11207,502346,12-06-2025,24,Male,Hyderabad,Affluent,Savings,UPI Payment,4566.23,39508.61,711,No,None,0,0,No Loan,Medium,Personal Loan,Internet Banking,Inactive,No,5,,
1003193,12266,503193,23-08-2024,45,Female,Kolkata,Mass Market,Salary,Withdrawal,5239.09,188347.32,833,No,None,0,0,No Loan,Low,Fixed Deposit,Internet Banking,Active,No,4,,
1002360,11284,502360,09-07-2026,26,Male,Pune,Premium,Savings,ATM,1523.99,191337.6,680,No,None,0,0,No Loan,Medium,Fixed Deposit,Branch,Active,No,5,,
1002207,11312,502207,03-03-2025,29,Male,Mumbai,Affluent,Savings,ATM,599.84,3461.75,690,No,None,0,0,No Loan,Medium,Fixed Deposit,Internet Banking,Dormant,No,5,,
1003786,11527,503786,03-12-2024,43,Female,Jaipur,Mass Market,Fixed Deposit,UPI Payment,989.64,43244.22,796,Yes,Home,76704.18,15.29,Closed,Low,Home Loan,Internet Banking,Active,No,3,,
1001287,10939,501287,20-08-2026,32,Female,Ahmedabad,High Net Worth,Salary,ATM,6741.71,48757.89,686,No,None,0,0,No Loan,Medium,Home Loan,Internet Banking,Inactive,Yes,3,,
1000350,11078,500350,11-09-2024,21,Female,Delhi,High Net Worth,Fixed Deposit,Card Payment,14159.49,9146.05,705,No,None,0,0,No Loan,Medium,Credit Card,Branch,Active,No,5,,
1002138,12177,502138,01-01-2025,38,Male,Kolkata,Premium,Savings,Withdrawal,3124.83,157879.53,738,No,None,0,0,No Loan,Medium,Home Loan,Mobile App,Active,No,5,,
1002692,10934,502692,26-09-2025,46,Female,Ahmedabad,Mass Market,Fixed Deposit,Deposit,3278.59,31309.53,688,Yes,Personal,41035.27,13.25,Closed,Medium,Investment,Branch,Dormant,No,,,
1003394,10883,503394,16-07-2025,32,Female,Delhi,Mass Market,Savings,Withdrawal,1894.73,82999.07,661,Yes,Business,120773.55,11.21,Approved,Medium,Insurance,ATM,Active,No,4,,
1004535,12118,504535,14-10-2025,48,Female,Kolkata,Premium,Current,Deposit,4544.64,15291.26,743,Yes,Business,71857.59,12.1,Closed,Medium,Insurance,Mobile App,Active,No,5,,
1001682,11994,501682,24-03-2024,39,Female,Mumbai,Affluent,Savings,UPI Payment,1189.16,41761.37,746,No,None,0,0,No Loan,Medium,Savings Account,Internet Banking,Active,No,4,,
1004040,10955,504040,21-08-2024,56,Male,Delhi,Premium,Savings,Card Payment,465.16,3472.46,807,Yes,Education,100481.62,10.69,Active,Low,Investment,Internet Banking,Active,No,5,,
1001444,10948,501444,28-10-2025,21,Male,Lucknow,Mass Market,Salary,Withdrawal,7108.98,3674.56,680,No,None,0,0,No Loan,Medium,Savings Account,Mobile App,Inactive,Yes,3,,
1003259,10118,503259,31-01-2025,37,Male,Pune,Premium,Savings,Deposit,3489.41,41273.28,750,Yes,Education,28868.26,12.16,Active,Low,Fixed Deposit,ATM,Active,No,4,,
1001672,11253,501672,02-05-2024,29,Female,Jaipur,Premium,Salary,Withdrawal,3777.09,18379.41,674,No,None,0,0,No Loan,Medium,Credit Card,Branch,Inactive,No,5,,
1002969,11302,502969,22-04-2025,28,Male,Lucknow,High Net Worth,Current,Withdrawal,1080.82,63411.3,661,No,None,0,0,No Loan,Medium,Home Loan,Mobile App,Active,No,3,,
1001180,10025,501180,30-11-2025,45,Male,Bengaluru,Affluent,Salary,UPI Payment,2530.39,9038.77,809,No,None,0,0,No Loan,Low,Fixed Deposit,Mobile App,Active,No,5,,
1002799,11831,502799,06-07-2024,37,Male,Delhi,Premium,Savings,UPI Payment,1972.48,275051.65,696,No,None,0,0,No Loan,Medium,Personal Loan,Mobile App,Active,No,5,,
1001693,11308,501693,10-07-2024,34,Female,Jaipur,Mass Market,Savings,ATM,736.14,18368.18,780,Yes,Home,26736.48,11.87,Approved,Low,Investment,Mobile App,Active,No,4,,
1003893,10289,503893,19-10-2025,36,Female,Mumbai,Premium,Savings,UPI Payment,1501.3,51730.61,831,No,None,0,0,No Loan,Low,Fixed Deposit,Mobile App,Active,No,4,,
1000373,11370,500373,30-01-2026,27,Male,Bengaluru,Affluent,Savings,Transfer,3444.34,113295.42,787,No,None,0,0,No Loan,Low,Credit Card,Phone Banking,Active,No,5,,
1003629,10500,503629,29-05-2026,21,Male,Chennai,Mass Market,Savings,Transfer,2754.38,11462.32,806,No,None,0,0,No Loan,Low,Savings Account,Mobile App,Active,No,3,,
1001917,11191,501917,13-06-2025,46,Female,Ahmedabad,Premium,Fixed Deposit,Card Payment,1327.33,46157.1,669,Yes,Home,43040.74,9.48,Approved,Medium,Home Loan,Mobile App,Inactive,No,5,,
1001358,11138,501358,16-07-2024,43,Female,Bengaluru,Affluent,Savings,UPI Payment,1364.76,42953.51,700,No,None,0,0,No Loan,Medium,Insurance,Mobile App,Active,No,4,,
1001826,11839,501826,02-05-2026,32,Male,Chennai,Mass Market,Savings,Transfer,2405.03,35108.68,758,No,None,0,0,No Loan,Low,Personal Loan,Mobile App,Active,No,5,,
1000787,11306,500787,05-05-2025,36,Male,Bengaluru,Mass Market,Savings,Deposit,6541.24,12219.31,728,No,None,0,0,No Loan,Medium,Fixed Deposit,Mobile App,Active,No,5,,
1000470,11297,500470,04-02-2024,29,Other,Ahmedabad,Mass Market,Savings,Card Payment,1220.31,36187.6,667,No,None,0,0,No Loan,Medium,Home Loan,Mobile App,Active,No,5,,
1000141,12039,500141,18-07-2024,30,Female,Delhi,Affluent,Savings,Withdrawal,3251.26,21626.33,773,Yes,Education,33213.37,10.77,Closed,Low,Savings Account,Branch,Active,No,4,,
1000789,11976,500789,13-10-2024,41,Female,Lucknow,Affluent,Current,Card Payment,493.72,67574.75,645,No,None,0,0,No Loan,High,Fixed Deposit,Phone Banking,Active,No,5,,
1000324,10921,500324,12-07-2025,47,Male,Bengaluru,Affluent,Fixed Deposit,UPI Payment,3447.81,38380.06,649,Yes,Home,598093.18,8.78,Approved,High,Investment,Internet Banking,Active,No,5,,
1000051,10035,500051,07-08-2026,44,Male,Jaipur,Affluent,Current,Card Payment,14937.63,26555.93,687,No,None,0,0,No Loan,Medium,Home Loan,Internet Banking,Active,No,4,,
1000715,11429,500715,19-08-2026,31,Male,Hyderabad,Mass Market,Savings,Deposit,1058.27,211756.22,669,No,None,0,0,No Loan,Medium,Insurance,Mobile App,Active,No,4,,
1004499,11978,504499,30-05-2026,39,Female,Jaipur,Affluent,Savings,Card Payment,2404.11,14057.98,485,No,None,0,0,No Loan,High,Investment,Internet Banking,Active,No,5,,
1002841,11348,502841,28-05-2024,21,Other,Pune,Affluent,Savings,Transfer,397.38,26282.62,730,No,None,0,0,No Loan,Medium,Insurance,Branch,Active,No,4,,
1002447,12190,502447,23-01-2025,32,Male,Ahmedabad,Affluent,Savings,ATM,5243.06,47613.58,712,No,None,0,0,No Loan,Medium,Insurance,Branch,Active,No,5,,
1004824,10630,504824,05-03-2024,33,Male,Ahmedabad,Mass Market,Salary,Deposit,3284.97,37604.1,703,No,None,0,0,No Loan,Medium,Fixed Deposit,Mobile App,Active,No,3,,
1004430,10733,504430,13-11-2024,35,Male,Jaipur,Mass Market,Current,ATM,5003.81,37986.28,719,Yes,Auto,182922.93,14.23,Active,Medium,Personal Loan,Mobile App,Active,No,4,,
1004607,12038,504607,11-07-2024,32,Female,Pune,Mass Market,Salary,Deposit,5331.28,10187.65,579,No,None,0,0,No Loan,High,Fixed Deposit,Branch,Inactive,No,3,,
1003699,10596,503699,23-09-2025,28,Female,Lucknow,Mass Market,Current,ATM,4124.83,62754.64,745,No,None,0,0,No Loan,Medium,Insurance,Internet Banking,Active,No,3,,
1002667,11566,502667,30-11-2024,23,Female,Ahmedabad,Mass Market,Salary,UPI Payment,3210.31,53186.18,582,No,None,0,0,No Loan,High,Personal Loan,Internet Banking,Active,No,3,,
1000407,12389,500407,24-02-2025,37,Male,Pune,Premium,Savings,ATM,4151.22,29100.17,664,No,None,0,0,No Loan,Medium,Savings Account,Internet Banking,Active,No,4,,
1004385,11497,504385,12-06-2026,29,Male,Lucknow,Premium,Current,Transfer,1284.1,20384.11,801,No,None,0,0,No Loan,Low,Investment,Mobile App,Active,No,5,,
1001005,11880,501005,08-04-2025,40,Female,Kolkata,Mass Market,Savings,Withdrawal,1268.95,26063.74,722,No,None,0,0,No Loan,Medium,Investment,ATM,Active,No,5,,
1003528,11989,503528,28-10-2024,40,Female,Mumbai,High Net Worth,Current,Transfer,3194.75,31395.24,661,Yes,Education,72262.34,9.64,Defaulted,Medium,Savings Account,Mobile App,Active,No,4,,
1000891,12344,500891,08-04-2024,54,Female,Mumbai,Premium,Current,UPI Payment,2316.89,51160.47,663,No,None,0,0,No Loan,Medium,Personal Loan,ATM,Active,Yes,2,,
1002412,10618,502412,15-08-2026,30,Male,Delhi,Premium,Savings,UPI Payment,2782.36,19964.59,850,No,None,0,0,No Loan,Low,Home Loan,Internet Banking,Active,Yes,4,,
1002546,10468,502546,17-12-2025,28,Female,Kolkata,Affluent,Fixed Deposit,UPI Payment,6203.36,17682.83,740,No,None,0,0,No Loan,Medium,Investment,ATM,Active,No,3,,
1003622,10883,503622,26-05-2026,50,Other,Bengaluru,Mass Market,Savings,Deposit,1383.09,9997.38,712,No,None,0,0,No Loan,Medium,Home Loan,Mobile App,Active,No,5,,
1002391,11957,502391,27-09-2024,47,Other,Kolkata,Premium,Savings,Deposit,2484.26,47351.63,709,No,None,0,0,No Loan,Medium,Investment,Internet Banking,Inactive,No,5,,
1003959,10505,503959,27-08-2025,42,Female,Ahmedabad,Affluent,Current,UPI Payment,17726.41,5841,664,Yes,Education,61839.64,9.81,Active,Medium,Credit Card,Internet Banking,Active,No,4,,
1000043,12062,500043,14-05-2026,47,Female,Jaipur,Mass Market,Savings,Deposit,3416.23,9549.64,676,No,None,0,0,No Loan,Medium,Insurance,Mobile App,Active,No,5,,
1002831,10988,502831,24-02-2025,28,Female,Pune,Mass Market,Savings,Withdrawal,1150.24,39414.16,762,No,None,0,0,No Loan,Low,Investment,Mobile App,Active,No,5,,
1004146,11945,504146,22-08-2024,22,Male,Chennai,Mass Market,Savings,Transfer,10255.87,14191.56,751,No,None,0,0,No Loan,Low,Personal Loan,Internet Banking,Active,No,4,,
1000304,12007,500304,07-07-2024,43,Male,Delhi,Premium,Salary,Withdrawal,9092.57,75518.84,776,No,None,0,0,No Loan,Low,Insurance,Internet Banking,Active,No,5,,
1004524,12494,504524,08-06-2026,46,Female,Pune,Mass Market,Salary,UPI Payment,1942.87,27253.95,747,No,None,0,0,No Loan,Medium,Personal Loan,Internet Banking,Inactive,No,5,,
1003766,11071,503766,10-11-2024,35,Male,Delhi,Mass Market,Savings,Withdrawal,2685.85,20998.4,679,Yes,Home,19848.09,13.65,Approved,Medium,Personal Loan,Branch,Active,No,5,,
1000665,12123,500665,17-12-2024,40,Male,Lucknow,Affluent,Salary,Card Payment,1522.23,36044.05,806,Yes,Education,53799.06,10.06,Closed,Low,Fixed Deposit,Phone Banking,Inactive,No,5,,
1001178,11640,501178,14-03-2025,31,Female,Chennai,Mass Market,Salary,UPI Payment,4414.61,109781.3,680,No,None,0,0,No Loan,Medium,Home Loan,Mobile App,Active,No,,,
1002677,10662,502677,17-09-2025,37,Male,Chennai,Mass Market,Fixed Deposit,Withdrawal,3700.81,8989.49,721,No,None,0,0,No Loan,Medium,Investment,Phone Banking,Active,No,5,,
1001948,10662,501948,22-07-2024,39,Female,Pune,Mass Market,Salary,Transfer,2733.59,19097.93,590,No,None,0,0,No Loan,High,Home Loan,Mobile App,Active,No,5,,
1002502,12325,502502,04-11-2025,43,Male,Hyderabad,Affluent,Current,Withdrawal,3598.54,20762.76,730,Yes,Business,21664.11,12.07,Active,Medium,Savings Account,Internet Banking,Active,No,4,,
1001474,10570,501474,04-03-2025,54,Female,Chennai,Mass Market,Fixed Deposit,ATM,5340.19,17853.91,707,No,None,0,0,No Loan,Medium,Credit Card,Internet Banking,Active,No,3,,
1003500,10994,503500,02-07-2026,21,Male,Hyderabad,Affluent,Current,UPI Payment,4901.35,16141.94,753,No,None,0,0,No Loan,Low,Savings Account,Mobile App,Active,No,3,,
1003537,11910,503537,02-09-2025,35,Other,Lucknow,Mass Market,Savings,Deposit,6743.75,8190.69,627,Yes,Personal,158208.47,11.94,Active,High,Savings Account,Mobile App,Active,No,4,,
1002133,10105,502133,13-01-2026,51,Male,Mumbai,Affluent,Current,Card Payment,7364.84,57088.62,747,Yes,Business,63354.39,14.71,Approved,Medium,Fixed Deposit,Mobile App,Active,No,4,,
1001027,12263,501027,11-08-2024,45,Female,Bengaluru,Mass Market,Savings,Card Payment,16902.43,26340.74,602,Yes,Education,83345.34,15.39,Active,High,Credit Card,ATM,Active,No,3,,
1000962,11348,500962,12-06-2026,31,Male,Hyderabad,Mass Market,Savings,Card Payment,6575.02,21631.4,671,No,None,0,0,No Loan,Medium,Home Loan,Mobile App,Active,No,5,,
1002890,11131,502890,10-02-2025,36,Male,Mumbai,Affluent,Savings,Transfer,4603.89,11542.34,713,No,None,0,0,No Loan,Medium,Credit Card,Mobile App,Active,No,5,,
1003972,10542,503972,04-11-2024,51,Male,Kolkata,Mass Market,Savings,Withdrawal,1417.94,11877.65,771,No,None,0,0,No Loan,Low,Personal Loan,Mobile App,Active,No,4,,
1002010,10948,502010,12-02-2025,41,Male,Hyderabad,Mass Market,Savings,Card Payment,1344.01,16892.22,794,No,None,0,0,No Loan,Low,Credit Card,Mobile App,Active,No,5,,
1002150,10856,502150,27-11-2025,56,Male,Chennai,Mass Market,Savings,Transfer,11199.24,5890.83,643,No,None,0,0,No Loan,High,Savings Account,Internet Banking,Active,No,4,,
1003339,11724,503339,22-08-2026,29,Male,Pune,Mass Market,Savings,Deposit,2925.14,5607.71,742,No,None,0,0,No Loan,Medium,Credit Card,ATM,Active,No,5,,
1002339,10868,502339,09-10-2024,42,Male,,Premium,Savings,Card Payment,3827.87,288543.34,778,No,None,0,0,No Loan,Low,Home Loan,Branch,Active,No,5,,
1003907,12295,503907,30-01-2025,39,Male,Bengaluru,Mass Market,Current,Transfer,5434.56,66091.53,754,No,None,0,0,No Loan,Low,Insurance,Mobile App,Active,No,3,,
1000305,11185,500305,17-10-2024,44,Female,Pune,Affluent,Savings,Withdrawal,2873.23,83850.81,543,No,None,0,0,No Loan,High,Fixed Deposit,Internet Banking,Dormant,No,5,,
1001441,10716,501441,01-02-2024,32,Male,Ahmedabad,Affluent,Fixed Deposit,Deposit,6788.28,19561.73,746,No,None,0,0,No Loan,Medium,Personal Loan,Internet Banking,Active,No,4,,
1001497,11964,501497,11-08-2026,25,Female,Chennai,Premium,Savings,ATM,2550.94,14943.37,736,No,None,0,0,No Loan,Medium,Investment,Internet Banking,Inactive,No,5,,
1002653,10393,502653,18-10-2025,39,Female,Bengaluru,Mass Market,Current,Withdrawal,540.76,69541.05,797,No,None,0,0,No Loan,Low,Personal Loan,Internet Banking,Active,No,4,,
1002876,12283,502876,27-09-2024,34,Female,Delhi,Mass Market,Fixed Deposit,Deposit,1915.33,10442.03,771,Yes,Auto,231644.23,15.22,Active,Low,Investment,Branch,Active,No,4,,
1000917,10478,500917,02-08-2026,54,Female,Delhi,Mass Market,Salary,Deposit,3401.72,14565.61,741,No,None,0,0,No Loan,Medium,Savings Account,Mobile App,Active,Yes,4,,
1004894,11205,504894,26-01-2024,39,Female,Bengaluru,Mass Market,Current,Withdrawal,1949.13,12516.44,674,No,None,0,0,No Loan,Medium,Credit Card,Internet Banking,Inactive,No,3,,
1003740,10842,503740,26-08-2025,41,Male,Lucknow,Mass Market,Savings,UPI Payment,1978.77,177393.38,850,No,None,0,0,No Loan,Low,Fixed Deposit,Internet Banking,Active,No,5,,
1002773,10730,502773,05-12-2025,36,Male,Jaipur,Mass Market,Savings,Withdrawal,1702.13,32585.61,726,Yes,Auto,66959.77,7.68,Defaulted,Medium,Credit Card,ATM,Active,No,5,,
1001625,10404,501625,28-12-2025,43,Female,Chennai,Premium,Savings,Card Payment,1679.49,6719.51,766,No,None,0,0,No Loan,Low,Personal Loan,Internet Banking,Active,No,5,,
1003856,11914,503856,03-12-2025,34,Male,Mumbai,Mass Market,Savings,Card Payment,3867.01,13999.58,757,No,None,0,0,No Loan,Low,Fixed Deposit,Phone Banking,Active,No,4,,
1000822,11416,500822,08-02-2026,50,Male,Pune,Mass Market,Current,UPI Payment,7321.09,11297.07,717,Yes,Personal,64423.81,14,Closed,Medium,Savings Account,Mobile App,Active,No,4,,
1003808,11874,503808,09-03-2026,21,Male,Chennai,Mass Market,Savings,Card Payment,4716.45,28563.45,664,No,None,0,0,No Loan,Medium,Investment,Branch,Active,No,5,,
1001355,10796,501355,20-01-2026,38,Male,Ahmedabad,Affluent,Savings,Transfer,26274.19,22471.45,697,No,None,0,0,No Loan,Medium,Savings Account,Mobile App,Active,No,5,,
1004508,10140,504508,06-11-2025,44,Female,Pune,Mass Market,Savings,Transfer,1169.68,17027.06,768,No,None,0,0,No Loan,Low,Credit Card,Internet Banking,Active,No,4,,
1000851,11943,500851,14-03-2024,25,Female,Pune,Mass Market,Salary,Withdrawal,9950.59,4600.32,747,No,None,0,0,No Loan,Medium,Investment,Mobile App,Active,No,4,,
1001001,10025,501001,02-06-2025,21,Male,Mumbai,Mass Market,Savings,Deposit,1782.34,58405.5,712,Yes,Personal,86709.33,13.49,Closed,Medium,Home Loan,Branch,Active,No,4,,
1003393,10620,503393,04-10-2024,33,Male,Lucknow,Mass Market,Current,UPI Payment,7538.36,196841.22,652,No,None,0,0,No Loan,Medium,Insurance,Phone Banking,Active,No,3,,
1000019,10956,500019,21-05-2024,25,Male,Ahmedabad,Mass Market,Salary,UPI Payment,5624.09,36803.46,706,No,None,0,0,No Loan,Medium,Fixed Deposit,Mobile App,Active,No,5,,
1001638,10295,501638,19-03-2024,21,Male,Mumbai,Mass Market,Salary,UPI Payment,3039.3,15517.32,674,No,None,0,0,No Loan,Medium,Insurance,ATM,Active,No,4,,
1001668,10838,501668,04-10-2024,32,Male,Kolkata,Mass Market,Savings,Deposit,15150.43,37656.14,689,No,None,0,0,No Loan,Medium,Insurance,Branch,Active,No,4,,
1000494,12157,500494,10-05-2025,21,Female,Mumbai,Mass Market,Salary,Card Payment,7588.51,12789.42,647,No,None,0,0,No Loan,High,Investment,Mobile App,Active,No,5,,
1001348,11275,501348,17-04-2026,37,Male,Hyderabad,Mass Market,Savings,UPI Payment,7362.78,26877.74,645,No,None,0,0,No Loan,High,Insurance,Mobile App,Active,No,4,,
1003746,11365,503746,12-04-2024,39,Female,Jaipur,Affluent,Savings,Card Payment,10772.46,17794.41,742,Yes,Home,78977.96,9.26,Active,Medium,Credit Card,Internet Banking,Active,No,4,,
1003271,12065,503271,20-03-2026,35,Male,Jaipur,Affluent,Salary,Deposit,1050.53,89808.97,731,No,None,0,0,No Loan,Medium,Insurance,Internet Banking,Active,No,4,,
1003633,12379,503633,12-05-2025,39,Male,Pune,Mass Market,Savings,Transfer,4108.48,21631.87,672,No,None,0,0,No Loan,Medium,Credit Card,Internet Banking,Active,No,4,,
1003498,11983,503498,16-05-2025,41,,Hyderabad,Mass Market,Salary,UPI Payment,7919.6,21467.21,773,Yes,Education,161312.67,11.71,Approved,Low,Credit Card,Internet Banking,Active,No,4,,
1000688,11876,500688,19-02-2024,37,Female,Hyderabad,Mass Market,Savings,Transfer,3166.01,7716.1,715,No,None,0,0,No Loan,Medium,Savings Account,Branch,Active,No,5,,
1003750,12427,503750,16-07-2024,22,Female,Hyderabad,Affluent,Savings,UPI Payment,2868.79,30647.07,669,No,None,0,0,No Loan,Medium,Savings Account,Internet Banking,Inactive,No,4,,
1001609,11083,501609,11-03-2025,40,Female,Delhi,Mass Market,Fixed Deposit,Transfer,2855.1,9851.66,639,Yes,Business,34200.71,14.55,Active,High,Savings Account,Mobile App,Active,Yes,2,,
1004101,10365,504101,23-08-2024,25,Male,Lucknow,Affluent,Savings,UPI Payment,3989.9,57620.91,736,No,None,0,0,No Loan,Medium,Insurance,Internet Banking,Active,No,4,,
1004114,10920,504114,10-03-2026,30,Male,Bengaluru,Mass Market,Savings,Deposit,1895.6,28356.74,716,Yes,Home,14486.91,15.04,Active,Medium,Home Loan,Mobile App,Active,No,5,,
1001010,11003,501010,06-07-2025,36,Female,Lucknow,Premium,Salary,Deposit,3525.8,12406.5,748,Yes,Auto,147143.83,11.31,Active,Medium,Home Loan,Internet Banking,Active,No,4,,
1002409,10548,502409,13-01-2025,41,Female,Delhi,Affluent,Savings,Transfer,1821.94,29938.9,711,No,None,0,0,No Loan,Medium,Fixed Deposit,Internet Banking,Active,No,5,,
1001093,10396,501093,03-07-2025,32,Male,Hyderabad,Mass Market,Savings,Withdrawal,1306.18,11852.66,687,Yes,Home,104668.45,9.56,Closed,Medium,Investment,Internet Banking,Active,No,3,,
1001328,11934,501328,23-11-2025,32,Male,Kolkata,Mass Market,Savings,Deposit,10510.63,59982.59,841,No,None,0,0,No Loan,Low,Investment,Internet Banking,Dormant,No,3,,
1001678,10301,501678,24-04-2025,44,Male,Ahmedabad,Mass Market,Current,UPI Payment,1525.4,16300.67,574,Yes,Auto,133077.59,11.2,Closed,High,Insurance,Mobile App,Active,No,4,,
1002000,10244,502000,26-09-2025,44,Male,Hyderabad,Mass Market,Savings,Deposit,2958.4,95686.8,715,Yes,Personal,311540.63,10.56,Active,Medium,Savings Account,Internet Banking,Active,No,5,,
1001311,11545,501311,09-06-2026,48,Female,Chennai,Mass Market,Salary,ATM,361.72,353818.61,719,No,None,0,0,No Loan,Medium,Personal Loan,Mobile App,Active,No,5,,
1003274,10171,503274,25-03-2025,44,Male,Pune,Affluent,Savings,ATM,21291.06,108338.56,717,Yes,Education,56619.07,9.17,Active,Medium,Personal Loan,Mobile App,Active,No,3,,
1001988,11867,501988,24-02-2025,27,Female,Jaipur,Mass Market,Savings,Transfer,2163.54,18010.21,743,No,None,0,0,No Loan,Medium,Personal Loan,Internet Banking,Active,No,4,,
1003667,10202,503667,01-06-2024,23,Male,Jaipur,Premium,Salary,UPI Payment,2032.6,38413.39,744,No,None,0,0,No Loan,Medium,Insurance,Branch,Inactive,No,5,,
1000345,12362,500345,09-08-2024,45,Female,Bengaluru,Mass Market,Savings,Transfer,1305.99,131193.54,746,Yes,Home,26389.45,11.69,Closed,Medium,Savings Account,Mobile App,Active,No,5,,
1004196,12487,504196,12-01-2024,57,Male,Chennai,Affluent,Savings,Card Payment,4217.16,30478.96,609,Yes,Home,97636.38,9.5,Closed,High,Fixed Deposit,Mobile App,Active,No,5,,
1000987,10537,500987,23-06-2026,41,Male,Bengaluru,Mass Market,Salary,Deposit,605.44,33645.25,573,No,None,0,0,No Loan,High,Credit Card,ATM,Inactive,No,5,,
1003870,10137,503870,19-06-2024,46,Male,,Affluent,Savings,Withdrawal,6558.06,34758.42,694,No,None,0,0,No Loan,Medium,Savings Account,Branch,Active,No,4,,
1003826,10135,503826,09-05-2024,40,Male,Mumbai,Mass Market,Fixed Deposit,ATM,10043.61,12053.98,724,No,None,0,0,No Loan,Medium,Insurance,Mobile App,Active,No,5,,
1004323,12236,504323,28-10-2025,23,Female,Ahmedabad,Mass Market,Salary,ATM,3622.48,42181.12,733,No,None,0,0,No Loan,Medium,Home Loan,ATM,Active,No,5,,
1004021,10044,504021,21-05-2026,27,Male,Chennai,Premium,Salary,UPI Payment,12822.83,31794.77,590,No,None,0,0,No Loan,High,Investment,Mobile App,Active,Yes,2,,
1003107,12131,503107,11-08-2026,36,Male,Delhi,Mass Market,Savings,Withdrawal,1391.84,17662.66,662,Yes,Home,31073.85,14.47,Active,Medium,Home Loan,Mobile App,Active,No,,,
1003872,12157,503872,29-07-2024,49,Male,Hyderabad,Affluent,Savings,Deposit,2093.6,13816.4,779,No,None,0,0,No Loan,Low,Fixed Deposit,Internet Banking,Inactive,No,5,,
1001143,11846,501143,27-11-2025,34,Female,Kolkata,Affluent,Savings,Deposit,2907.87,21553.92,715,No,None,0,0,No Loan,Medium,Investment,Mobile App,Active,No,4,,
1002359,10198,502359,22-01-2025,31,Male,Bengaluru,High Net Worth,Fixed Deposit,Deposit,2861.18,8286.7,623,Yes,Auto,286214.05,15.5,Active,High,Savings Account,Mobile App,Active,No,4,,
1001199,11509,501199,21-10-2024,44,Female,Chennai,Mass Market,Savings,Withdrawal,2544.86,43891.52,673,No,None,0,0,No Loan,Medium,Savings Account,Mobile App,Active,No,4,,
1000086,11496,500086,23-02-2024,43,Male,Kolkata,Affluent,Salary,Transfer,4525.38,3976.69,839,No,None,0,0,No Loan,Low,Home Loan,Mobile App,Inactive,No,4,,
1001519,11344,501519,05-06-2024,42,Male,Chennai,Affluent,Savings,Card Payment,3479.99,26522.96,799,No,None,0,0,No Loan,Low,Credit Card,Branch,Active,No,3,,
1000517,11389,500517,01-11-2024,30,Male,Jaipur,Affluent,Savings,Withdrawal,1926.18,61688.66,850,No,None,0,0,No Loan,Low,Savings Account,Internet Banking,Active,No,4,,
1001382,12470,501382,09-05-2024,21,Male,,Affluent,Savings,UPI Payment,319.91,16556.9,783,No,None,0,0,No Loan,Low,Fixed Deposit,Internet Banking,Active,No,5,,
1002717,12316,502717,02-03-2026,24,Male,Chennai,Mass Market,Current,Card Payment,3380.6,6560.59,804,No,None,0,0,No Loan,Low,Credit Card,Internet Banking,Inactive,No,5,,
1004917,11372,504917,18-07-2025,30,Female,Lucknow,High Net Worth,Savings,ATM,1246.38,65443.06,768,No,None,0,0,No Loan,Low,Investment,Branch,Inactive,No,4,,
1001015,10849,501015,17-07-2026,34,Female,Pune,Premium,Savings,UPI Payment,4834.63,12615.25,781,Yes,Auto,14497.75,10.45,Defaulted,Low,Savings Account,Phone Banking,Active,No,5,,
1000129,11184,500129,06-07-2024,40,Other,Pune,High Net Worth,Salary,Deposit,2565.87,32619.93,725,No,None,0,0,No Loan,Medium,Credit Card,Internet Banking,Active,Yes,2,,
1001365,11592,501365,18-06-2025,21,Male,Mumbai,Affluent,Savings,Deposit,1456.91,15273.61,652,No,None,0,0,No Loan,Medium,Credit Card,Mobile App,Active,No,5,,
1003642,10050,503642,10-04-2026,34,Male,Kolkata,Premium,Savings,Deposit,3373.02,19812.7,604,No,None,0,0,No Loan,High,Credit Card,ATM,Inactive,No,5,,
1003140,11480,503140,09-04-2024,35,Female,Chennai,Mass Market,Savings,Withdrawal,2778.29,89070.43,808,Yes,Education,33341.32,15.52,Closed,Low,Investment,ATM,Active,No,4,,
1000892,11864,500892,16-08-2025,36,Male,Ahmedabad,Premium,Savings,Card Payment,1459.38,73783.91,616,No,None,0,0,No Loan,High,Fixed Deposit,Branch,Active,No,4,,
1002794,11160,502794,27-08-2026,41,Male,Kolkata,Affluent,Salary,Withdrawal,5337.08,92641.32,683,No,None,0,0,No Loan,Medium,Investment,ATM,Active,No,4,,
1004218,10885,504218,18-02-2026,21,Female,Bengaluru,Affluent,Savings,Withdrawal,17426.21,21328.33,760,Yes,Home,127795.08,10.5,Defaulted,Low,Personal Loan,ATM,Active,Yes,3,,
1001360,12272,501360,02-07-2026,28,Female,Mumbai,Premium,Salary,UPI Payment,2458.25,37957.41,691,No,None,0,0,No Loan,Medium,Insurance,Branch,Active,No,5,,
1000308,11817,500308,08-07-2026,63,Male,Mumbai,Mass Market,Current,UPI Payment,8664.1,31120.97,809,Yes,Business,187260.58,9.89,Closed,Low,Home Loan,Mobile App,Inactive,No,5,,
1001662,11647,501662,23-05-2025,50,Male,Jaipur,Affluent,Savings,Deposit,2049.15,85901.65,629,No,None,0,0,No Loan,High,Personal Loan,Branch,Active,No,5,,
1002432,12298,502432,18-04-2026,32,Male,Hyderabad,Affluent,Savings,Withdrawal,2067.72,11312.62,753,No,None,0,0,No Loan,Low,Personal Loan,Phone Banking,Inactive,No,4,,
1004550,11009,504550,27-06-2026,25,Female,Bengaluru,Mass Market,Savings,UPI Payment,3205.58,39163.89,597,No,None,0,0,No Loan,High,Credit Card,Branch,Active,No,5,,
1001318,10850,501318,03-09-2025,42,Male,Kolkata,Affluent,Savings,UPI Payment,2488.77,6224.77,767,Yes,Personal,56320.03,11.08,Defaulted,Low,Fixed Deposit,Internet Banking,Inactive,No,4,,
1004314,12272,504314,21-02-2024,48,Female,Chennai,Affluent,Savings,Transfer,2508.46,36244.91,779,No,None,0,0,No Loan,Low,Home Loan,ATM,Inactive,No,4,,
1002475,12471,502475,27-11-2025,36,Male,Hyderabad,Affluent,Current,Card Payment,2464.09,55926.7,772,Yes,Auto,41461.86,7.41,Defaulted,Low,Insurance,ATM,Active,No,4,,
1002543,12286,502543,27-08-2026,43,Male,Chennai,Affluent,Savings,Card Payment,9121.13,18621.02,545,No,None,0,0,No Loan,High,Investment,Mobile App,Active,No,5,,
1001247,10251,501247,05-03-2024,52,Female,Mumbai,Premium,Savings,UPI Payment,7727.16,9800.23,844,No,None,0,0,No Loan,Low,Investment,Mobile App,Dormant,No,4,,
1001209,11040,501209,15-05-2026,36,Male,Bengaluru,Mass Market,Savings,Transfer,1018.35,44729.8,699,No,None,0,0,No Loan,Medium,Home Loan,Mobile App,Active,No,5,,
1000217,11635,500217,15-03-2024,29,Female,Kolkata,Affluent,Savings,Deposit,3013.38,27032.22,850,No,None,0,0,No Loan,Low,Home Loan,Mobile App,Inactive,No,5,,
1004303,12249,504303,25-02-2025,34,Male,Kolkata,Mass Market,Savings,UPI Payment,4378.9,34824,704,No,None,0,0,No Loan,Medium,Savings Account,Branch,Active,Yes,5,,
1003078,10019,503078,18-01-2025,37,Male,Pune,Affluent,Salary,Transfer,307.77,8364.42,850,No,None,0,0,No Loan,Low,Insurance,ATM,Active,No,4,,
1001240,10493,501240,21-11-2025,26,Male,Lucknow,Premium,Savings,ATM,12099.29,34567.76,796,No,None,0,0,No Loan,Low,Investment,ATM,Active,No,4,,
1002290,12282,502290,31-07-2026,27,Male,Pune,Affluent,Salary,Deposit,686.11,11039.15,667,No,None,0,0,No Loan,Medium,Home Loan,Mobile App,Active,Yes,2,,
1002741,12222,502741,26-05-2024,53,Female,Jaipur,Premium,Savings,Deposit,1831.7,33549.45,719,No,None,0,0,No Loan,Medium,Personal Loan,Internet Banking,Dormant,No,4,,
1000276,12075,500276,17-06-2024,39,Female,Chennai,Mass Market,Salary,Withdrawal,4654.5,32845.4,684,No,None,0,0,No Loan,Medium,Savings Account,Phone Banking,Active,No,4,,
1000490,10396,500490,04-05-2026,47,Male,Kolkata,Affluent,Salary,Card Payment,7403.85,17432.84,635,Yes,Home,42041.25,14.63,Defaulted,High,Investment,Internet Banking,Active,No,3,,
1001036,12066,501036,02-01-2025,29,Female,Jaipur,Premium,Current,UPI Payment,12595.89,18534.22,696,Yes,Home,44022.21,12.23,Defaulted,Medium,Insurance,Mobile App,Active,No,5,,
1001230,12236,501230,05-07-2026,25,Female,Bengaluru,Mass Market,Savings,Deposit,78921.46,77485,820,No,None,0,0,No Loan,Low,Credit Card,Mobile App,Active,No,4,,
1004596,11450,504596,16-09-2025,43,Other,Pune,Mass Market,Salary,ATM,18982.75,23551.04,687,No,None,0,0,No Loan,Medium,Credit Card,Internet Banking,Active,No,4,,
1001009,10063,501009,27-03-2024,29,Male,Kolkata,Affluent,Savings,Card Payment,1985.85,7572.83,732,No,None,0,0,No Loan,Medium,Home Loan,Internet Banking,Active,Yes,3,,
1004076,10405,504076,01-04-2026,53,Female,Hyderabad,Mass Market,Current,Transfer,430.24,3290.73,702,Yes,Auto,83918.36,13.21,Closed,Medium,Insurance,Internet Banking,Active,No,4,,
1003138,10183,503138,08-03-2025,30,Male,Delhi,Mass Market,Savings,Withdrawal,2813.45,44588.15,566,No,None,0,0,No Loan,High,Home Loan,Mobile App,Active,Yes,2,,
1003198,12223,503198,10-07-2025,21,Male,Bengaluru,Mass Market,Savings,Card Payment,3790.9,16350.68,800,No,None,0,0,No Loan,Low,Insurance,ATM,Active,Yes,3,,
1002533,10779,502533,13-04-2026,61,Male,Chennai,Mass Market,Savings,Card Payment,590.34,14848.37,700,Yes,Home,45475.09,14.51,Closed,Medium,Fixed Deposit,Mobile App,Active,No,5,,
1004406,10417,504406,28-02-2026,36,Male,Chennai,Mass Market,Salary,UPI Payment,2918.34,172376.49,736,No,None,0,0,No Loan,Medium,Investment,Internet Banking,Active,No,4,,
1001059,11859,501059,14-02-2026,42,Male,Lucknow,Mass Market,Fixed Deposit,UPI Payment,4773.1,25073.46,643,No,None,0,0,No Loan,High,Personal Loan,Mobile App,Active,No,5,,
1002167,10436,502167,17-05-2025,51,Female,Kolkata,Affluent,Savings,Deposit,557.35,16105.97,721,Yes,Home,37278.42,9.22,Active,Medium,Home Loan,Internet Banking,Active,No,4,,
1003389,12002,503389,23-07-2026,35,,Jaipur,Mass Market,Savings,UPI Payment,3181.38,17011.38,748,No,None,0,0,No Loan,Medium,Investment,ATM,Active,Yes,3,,
1000282,10453,500282,15-01-2025,34,Male,Delhi,Mass Market,Savings,Deposit,316.48,10762.3,706,No,None,0,0,No Loan,Medium,Investment,Branch,Active,Yes,2,,
1004827,10926,504827,07-02-2026,35,Female,Kolkata,Premium,Savings,UPI Payment,3038.92,18970.76,688,No,None,0,0,No Loan,Medium,Fixed Deposit,Mobile App,Active,No,5,,
1001317,12467,501317,05-03-2024,21,Female,Bengaluru,Premium,Fixed Deposit,Deposit,2850.38,88100.59,644,No,None,0,0,No Loan,High,Savings Account,Mobile App,Active,No,4,,
1004989,10036,504989,19-08-2025,27,Female,Pune,Mass Market,Savings,Transfer,430.74,11509.55,776,No,None,0,0,No Loan,Low,Credit Card,Mobile App,Active,No,4,,
1000969,11431,500969,18-03-2024,42,Female,Hyderabad,Affluent,Salary,ATM,2825.44,74194.79,723,No,None,0,0,No Loan,Medium,Savings Account,Mobile App,Active,No,4,,
1004498,11219,504498,19-11-2025,25,Female,Chennai,Mass Market,Current,Transfer,2976.27,2460.37,689,No,None,0,0,No Loan,Medium,Home Loan,Branch,Active,No,4,,
1003939,11349,503939,15-12-2025,28,Male,Ahmedabad,Affluent,Savings,ATM,10988.7,26911.39,727,No,None,0,0,No Loan,Medium,Credit Card,Internet Banking,Active,No,5,,
1003182,11698,503182,05-04-2025,48,Male,Kolkata,Mass Market,Savings,UPI Payment,5232.99,34496.06,752,No,None,0,0,No Loan,Low,Home Loan,Mobile App,Inactive,No,3,,
1003536,10496,503536,09-03-2024,35,Male,Hyderabad,Affluent,Savings,ATM,606.94,51000.99,633,No,None,0,0,No Loan,High,Investment,Mobile App,Active,No,5,,
1000620,11485,500620,23-06-2025,38,Male,Ahmedabad,Mass Market,Current,Card Payment,3788.39,229769.5,768,No,None,0,0,No Loan,Low,Fixed Deposit,Mobile App,Dormant,No,5,,
1003250,10540,503250,17-01-2025,48,Female,Hyderabad,Affluent,Savings,UPI Payment,2687.04,5746.92,707,No,None,0,0,No Loan,Medium,Home Loan,Mobile App,Active,No,5,,
1001743,11365,501743,31-01-2025,21,Female,Chennai,Affluent,Salary,Withdrawal,1179.25,44667.75,724,No,None,0,0,No Loan,Medium,Credit Card,Mobile App,Active,No,5,,
1001391,11575,501391,29-11-2024,46,Male,Kolkata,Affluent,Fixed Deposit,Card Payment,4797.13,15388.32,632,No,None,0,0,No Loan,High,Home Loan,Mobile App,Active,No,4,,
1004069,11364,504069,18-05-2026,33,Female,Ahmedabad,Mass Market,Savings,Transfer,8922.99,20797.08,635,No,None,0,0,No Loan,High,Investment,Internet Banking,Inactive,No,5,,
1001848,11682,501848,04-03-2026,39,Male,Jaipur,Affluent,Current,Card Payment,1086.68,29823.14,835,Yes,Business,100486.59,9.78,Closed,Low,Fixed Deposit,Mobile App,Active,No,4,,
1001580,12055,501580,20-06-2025,30,Female,Mumbai,Affluent,Fixed Deposit,ATM,3205.48,26878.37,783,No,None,0,0,No Loan,Low,Fixed Deposit,Mobile App,Active,No,5,,
1001656,12341,501656,03-09-2025,41,Male,Kolkata,Affluent,Savings,UPI Payment,1177.8,330863.84,569,Yes,Education,20153.81,9.87,Active,High,Investment,Mobile App,Active,No,5,,
1002353,10971,502353,24-08-2026,48,Female,Hyderabad,Mass Market,Salary,Deposit,4065.68,69800.49,727,Yes,Auto,31625.96,11.35,Approved,Medium,Insurance,Mobile App,Inactive,No,5,,
1002213,10936,502213,20-11-2024,23,Female,Jaipur,High Net Worth,Savings,Transfer,8359.02,98207.95,668,No,None,0,0,No Loan,Medium,Insurance,Internet Banking,Active,No,5,,
1002021,12301,502021,07-08-2026,31,Female,Pune,Mass Market,Fixed Deposit,Card Payment,3953.93,31243.06,792,No,None,0,0,No Loan,Low,Savings Account,Branch,Dormant,No,5,,
1004983,11152,504983,23-06-2025,40,Female,,Mass Market,Salary,Deposit,2836.4,97687.84,674,No,None,0,0,No Loan,Medium,Investment,Mobile App,Active,Yes,3,,
1001957,12103,501957,31-01-2025,45,Female,Mumbai,Affluent,Current,ATM,8926.04,66494.54,820,No,None,0,0,No Loan,Low,Insurance,Branch,Active,No,4,,
1001308,11797,501308,06-08-2026,21,Female,Hyderabad,High Net Worth,Current,UPI Payment,1099.11,46316.17,,Yes,Auto,189001.73,8.13,Active,High,Personal Loan,Internet Banking,Active,No,5,,
1002004,10042,502004,08-03-2024,37,Male,Kolkata,Premium,Current,Withdrawal,5084.58,38745.07,694,No,None,0,0,No Loan,Medium,Fixed Deposit,Mobile App,Active,No,4,,
1004662,11074,504662,19-01-2026,44,Female,Chennai,Mass Market,Savings,Deposit,4035.7,37503.42,614,Yes,Personal,132342.47,8.51,Active,High,Credit Card,Branch,Active,No,4,,
1000576,10471,500576,29-04-2026,33,Female,Bengaluru,Mass Market,Current,UPI Payment,4716.63,31512.59,736,No,None,0,0,No Loan,Medium,Credit Card,Mobile App,Active,No,4,,
1002361,10660,502361,09-12-2025,57,Female,Jaipur,Mass Market,Savings,Card Payment,5626.06,10960.38,684,Yes,Education,151940.67,9.32,Approved,Medium,Credit Card,Internet Banking,Active,No,4,,
1004212,12260,504212,19-01-2025,30,Female,Chennai,Mass Market,Savings,Deposit,6268.63,26815.42,597,No,None,0,0,No Loan,High,Personal Loan,Mobile App,Active,No,5,,
1004447,12187,504447,06-04-2026,40,Female,Ahmedabad,Mass Market,Salary,UPI Payment,1829.19,39133.49,676,No,None,0,0,No Loan,Medium,Investment,ATM,Active,No,5,,
1001707,10957,501707,08-02-2025,52,Female,Bengaluru,Mass Market,Current,Deposit,2846.03,22372.55,648,Yes,Education,35245.24,9.77,Active,High,Home Loan,Internet Banking,Active,No,5,,
1003761,10369,503761,11-12-2025,37,Male,Mumbai,Affluent,Savings,Deposit,724.5,77965.53,830,No,None,0,0,No Loan,Low,Fixed Deposit,Branch,Active,No,5,,
1004458,12232,504458,10-11-2024,21,Male,Jaipur,Affluent,Fixed Deposit,Card Payment,8321.91,53146.56,713,No,None,0,0,No Loan,Medium,Credit Card,ATM,Active,No,4,,
1001281,10399,501281,01-02-2025,23,Male,Chennai,Mass Market,Current,UPI Payment,15962.04,113827.66,650,Yes,Home,139966.85,15.9,Active,Medium,Personal Loan,Mobile App,Dormant,No,5,,
1000862,11944,500862,18-03-2026,43,Male,Bengaluru,Mass Market,Current,Withdrawal,3035.11,141993.29,635,No,None,0,0,No Loan,High,Personal Loan,ATM,Active,No,5,,
1004155,10940,504155,13-12-2024,45,Male,Pune,Mass Market,Salary,Deposit,2809.87,134624.1,788,Yes,Personal,207064.19,9.47,Approved,Low,Home Loan,Internet Banking,Active,No,3,,
1001802,10962,501802,25-02-2025,43,Male,Lucknow,Affluent,Savings,UPI Payment,5002.77,61512.52,623,Yes,Auto,51011.49,9.18,Active,High,Credit Card,Mobile App,Active,Yes,,,
1001629,12200,501629,08-10-2024,38,Female,Delhi,Mass Market,Savings,Withdrawal,2498.43,32746.95,790,Yes,Business,55958.13,11.35,Active,Low,Insurance,Mobile App,Active,No,5,,
1001994,10262,501994,24-08-2024,43,Female,Delhi,Mass Market,Savings,Withdrawal,430.87,110331.02,757,No,None,0,0,No Loan,Low,Credit Card,Phone Banking,Active,No,4,,
1002640,11603,502640,10-03-2024,30,Male,Lucknow,Mass Market,Current,Card Payment,2456.25,13039.27,762,Yes,Home,66345.94,12.08,Active,Low,Insurance,Mobile App,Active,No,5,,
1000270,11694,500270,04-08-2024,34,Male,Kolkata,Premium,Current,Card Payment,8894.3,19166.83,787,No,None,0,0,No Loan,Low,Home Loan,Branch,Active,No,3,,
1000630,11894,500630,06-05-2024,44,Female,Mumbai,Mass Market,Savings,Deposit,2264.56,7424.48,663,No,None,0,0,No Loan,Medium,Insurance,ATM,Active,No,4,,
1003082,10579,503082,08-02-2024,37,Male,Bengaluru,Mass Market,Savings,Deposit,4007.87,11684.19,802,No,None,0,0,No Loan,Low,Investment,Mobile App,Active,Yes,3,,
1002335,10542,502335,10-11-2024,23,Male,Delhi,Premium,Savings,UPI Payment,2675.66,23444.89,793,No,None,0,0,No Loan,Low,Fixed Deposit,Mobile App,Dormant,No,4,,
1002967,11937,502967,19-09-2025,28,Female,Kolkata,Affluent,Fixed Deposit,Transfer,3134.24,4883.3,711,No,None,0,0,No Loan,Medium,Fixed Deposit,Internet Banking,Inactive,No,3,,
1000301,10191,500301,22-04-2025,34,Male,Mumbai,Affluent,Savings,Deposit,9174.99,17671.91,759,Yes,Personal,98817.91,8.84,Closed,Low,Home Loan,ATM,Active,No,5,,
1000460,10978,500460,21-02-2026,32,,Kolkata,Mass Market,Savings,ATM,1213.97,19266.91,815,No,None,0,0,No Loan,Low,Investment,Branch,Dormant,No,4,,
1001448,10907,501448,08-05-2025,35,Male,Kolkata,Mass Market,Savings,ATM,9738.03,11048.06,729,Yes,Business,186262.27,10.07,Defaulted,Medium,Fixed Deposit,Branch,Active,No,5,,
1001473,11531,501473,10-02-2024,57,Female,Pune,Mass Market,Savings,Card Payment,2454.2,13822.46,671,Yes,Personal,19153.49,7.76,Closed,Medium,Investment,Internet Banking,Active,Yes,3,,
1002047,10043,502047,18-07-2024,25,Male,Mumbai,Mass Market,Current,UPI Payment,5114.16,66241.58,704,No,None,0,0,No Loan,Medium,Credit Card,Mobile App,Active,No,4,,
1004238,10783,504238,12-04-2024,27,Female,Kolkata,Premium,Savings,Transfer,1891.61,7995.3,686,No,None,0,0,No Loan,Medium,Investment,Mobile App,Active,No,5,,
1003783,10338,503783,05-07-2024,42,Male,Bengaluru,Mass Market,Savings,Card Payment,1084.98,50775.9,774,No,None,0,0,No Loan,Low,Savings Account,Mobile App,Active,No,4,,
1002114,10700,502114,18-06-2024,32,Female,Delhi,Premium,Savings,UPI Payment,1440.54,24386.56,787,No,None,0,0,No Loan,Low,Insurance,ATM,Active,No,5,,
1000028,12048,500028,05-11-2024,50,Female,Chennai,Premium,Savings,Transfer,1570.67,50561.49,683,No,None,0,0,No Loan,Medium,Savings Account,Mobile App,Active,No,4,,
1003858,12201,503858,04-04-2025,28,Female,Jaipur,Affluent,Savings,Withdrawal,3073.03,262795.32,643,No,None,0,0,No Loan,High,Home Loan,Phone Banking,Active,No,4,,
1004533,10984,504533,07-08-2024,37,Male,Mumbai,Mass Market,Salary,Transfer,2057.73,31192.1,714,No,None,0,0,No Loan,Medium,Credit Card,Internet Banking,Active,Yes,3,,
1000838,10654,500838,04-06-2025,30,Male,Lucknow,Mass Market,Salary,Transfer,2008.11,54683.58,787,No,None,0,0,No Loan,Low,Fixed Deposit,ATM,Active,No,5,,
1003845,10964,503845,18-05-2024,60,Male,Chennai,Affluent,Current,ATM,13016.33,1999.18,745,No,None,0,0,No Loan,Medium,Insurance,Phone Banking,Active,No,4,,
1002009,10134,502009,23-05-2026,48,Male,Hyderabad,Mass Market,Savings,ATM,2485.93,16857.71,662,No,None,0,0,No Loan,Medium,Investment,Branch,Dormant,No,4,,
1004918,10321,504918,21-12-2024,21,Female,Hyderabad,Affluent,Current,Transfer,2370.98,16022.14,750,No,None,0,0,No Loan,Low,Personal Loan,Mobile App,Active,No,5,,
1000504,10954,500504,28-02-2025,40,Male,Jaipur,Mass Market,Savings,Transfer,1959,9194.66,837,Yes,Business,48115.38,9.02,Active,Low,Investment,Mobile App,Active,Yes,2,,
1003222,11998,503222,21-11-2025,38,Female,Jaipur,Mass Market,Savings,Card Payment,2471.05,44531.91,686,No,None,0,0,No Loan,Medium,Fixed Deposit,Internet Banking,Active,No,4,,
1004315,11933,504315,25-08-2025,24,Female,Hyderabad,Mass Market,Current,Deposit,999.85,7302.64,737,No,None,0,0,No Loan,Medium,Investment,Mobile App,Active,No,4,,
1000381,11082,500381,03-06-2024,48,Female,Jaipur,Mass Market,Fixed Deposit,Deposit,1556.12,5506.4,460,No,None,0,0,No Loan,High,Home Loan,Branch,Active,No,4,,
1001852,11287,501852,07-01-2026,37,Male,Chennai,Mass Market,Savings,ATM,2092.89,105140.1,754,No,None,0,0,No Loan,Low,Investment,Internet Banking,Active,No,5,,
1001526,11325,501526,12-07-2025,47,Male,Lucknow,Mass Market,Savings,Card Payment,4860.68,10462.13,747,No,None,0,0,No Loan,Medium,Credit Card,Mobile App,Active,No,3,,
1002366,11734,502366,11-10-2024,31,Male,Mumbai,Premium,Savings,Card Payment,9564.68,59513.64,799,No,None,0,0,No Loan,Low,Fixed Deposit,Branch,Active,No,4,,
1003244,10776,503244,15-04-2024,41,Male,Ahmedabad,Affluent,Salary,UPI Payment,1306.89,78053.42,639,Yes,Personal,88564.93,15.86,Active,High,Investment,Mobile App,Inactive,No,5,,
1003053,10116,503053,20-11-2024,35,Female,Lucknow,Mass Market,Current,Card Payment,2808.21,65982.02,633,No,None,0,0,No Loan,High,Insurance,Internet Banking,Active,No,4,,
1002885,11432,502885,30-12-2024,21,Male,Ahmedabad,Mass Market,Salary,Transfer,4652.29,24549.66,,No,None,0,0,No Loan,Medium,Savings Account,Internet Banking,Active,No,5,,
1002341,10432,502341,14-09-2024,41,Male,Jaipur,Affluent,Salary,UPI Payment,2853.74,62707.12,737,No,None,0,0,No Loan,Medium,Savings Account,Mobile App,Active,No,4,,
1000375,10117,500375,02-02-2024,52,Male,Chennai,Mass Market,Savings,Withdrawal,1978.87,4365.2,743,No,None,0,0,No Loan,Medium,Investment,ATM,Active,No,3,,
1003276,10740,503276,20-05-2026,48,Male,Pune,Affluent,Current,UPI Payment,577.2,24354.2,742,Yes,Auto,71139.85,13.88,Closed,Medium,Personal Loan,Internet Banking,Active,No,5,,
1002382,11886,502382,15-12-2025,50,Female,Ahmedabad,Mass Market,Savings,Deposit,913.19,7377.05,658,Yes,Personal,55554.15,8.04,Active,Medium,Home Loan,Branch,Active,Yes,5,,
1004320,10979,504320,29-05-2026,28,Male,Jaipur,Mass Market,Current,Deposit,1745.56,23667.96,850,Yes,Home,31509.19,9.37,Approved,Low,Savings Account,ATM,Active,No,5,,
1000940,10130,500940,07-01-2024,32,Female,Lucknow,Mass Market,Savings,ATM,939.64,39745.39,711,No,None,0,0,No Loan,Medium,Investment,Internet Banking,Active,Yes,2,,
1003869,11237,503869,24-06-2026,25,Male,Mumbai,Mass Market,Savings,Transfer,1606.81,18135.66,820,No,None,0,0,No Loan,Low,Credit Card,Branch,Active,No,5,,
1004175,10207,504175,28-11-2025,40,Male,Lucknow,Affluent,Current,UPI Payment,12472.24,17742.66,746,No,None,0,0,No Loan,Medium,Investment,Mobile App,Inactive,No,4,,
1002800,10341,502800,17-08-2024,31,Female,Delhi,Premium,Savings,Withdrawal,184.56,61560.18,604,Yes,Auto,25853.71,14.19,Closed,High,Insurance,Branch,Active,No,4,,
1002148,12248,502148,18-04-2025,45,Male,Jaipur,Mass Market,Savings,Withdrawal,2006.51,41823.17,773,No,None,0,0,No Loan,Low,Fixed Deposit,Mobile App,Active,No,5,,
1003836,11008,503836,24-08-2025,21,Female,Mumbai,Mass Market,Salary,Transfer,1192.72,58663.53,770,No,None,0,0,No Loan,Low,Investment,Mobile App,Active,No,5,,
1004551,10203,504551,26-06-2025,48,Male,Chennai,Mass Market,Savings,Deposit,3363.98,34068.25,759,No,None,0,0,No Loan,Low,Credit Card,Branch,Active,No,4,,
1004226,11939,504226,08-12-2025,40,Male,Delhi,Affluent,Fixed Deposit,Deposit,1818.3,23650.24,724,No,None,0,0,No Loan,Medium,Personal Loan,Mobile App,Active,No,5,,
1002069,10883,502069,07-10-2024,37,Female,Chennai,Affluent,Salary,Card Payment,2346.6,53061.8,826,Yes,Business,25292.43,13.55,Approved,Low,Insurance,Mobile App,Active,No,5,,
1000530,12215,500530,19-06-2024,41,Female,Ahmedabad,Mass Market,Salary,Transfer,2760.74,33983.92,763,No,None,0,0,No Loan,Low,Credit Card,Phone Banking,Active,No,5,,
1004865,12287,504865,19-01-2026,35,Male,Chennai,Mass Market,Savings,Deposit,8326.91,11631.03,718,No,None,0,0,No Loan,Medium,Savings Account,Mobile App,Active,Yes,5,,
1000637,10051,500637,08-12-2024,22,,Jaipur,Mass Market,Savings,Transfer,9670.98,40348.9,743,Yes,Auto,77173.68,12.79,Closed,Medium,Insurance,Internet Banking,Inactive,No,5,,
1001270,12051,501270,07-07-2025,21,Female,Hyderabad,Affluent,Salary,ATM,1574.07,20126.29,768,No,None,0,0,No Loan,Low,Personal Loan,ATM,Inactive,No,4,,
1000186,10203,500186,31-07-2026,47,Male,,Affluent,Savings,Transfer,3876.61,13204.24,701,No,None,0,0,No Loan,Medium,Insurance,Mobile App,Active,No,4,,
1003837,10925,503837,01-06-2026,32,Female,Ahmedabad,Affluent,Salary,ATM,3377.21,107732.07,569,No,None,0,0,No Loan,High,Home Loan,Branch,Active,No,5,,
1003195,10929,503195,08-01-2025,31,Female,Bengaluru,Affluent,Savings,Card Payment,4958.76,12582.07,746,Yes,Personal,36557.25,9.99,Approved,Medium,Credit Card,Branch,Active,No,4,,
1003470,12147,503470,07-07-2025,38,Female,Bengaluru,Affluent,Fixed Deposit,UPI Payment,4373.86,23105.2,824,Yes,Home,144211.99,8.75,Active,Low,Insurance,Mobile App,Active,No,5,,
1001798,12339,501798,14-05-2024,36,Male,Delhi,Mass Market,Salary,UPI Payment,822.98,293180.98,676,No,None,0,0,No Loan,Medium,Insurance,Phone Banking,Active,No,4,,
1002980,11440,502980,10-07-2026,21,Male,Ahmedabad,Affluent,Savings,UPI Payment,4651.89,17215.82,782,No,None,0,0,No Loan,Low,Investment,Branch,Active,No,4,,
1001442,10763,501442,10-06-2025,26,Male,Kolkata,Affluent,Savings,UPI Payment,952.77,3413.93,654,No,None,0,0,No Loan,Medium,Savings Account,Branch,Inactive,No,5,,
1003443,10116,503443,31-03-2024,34,Male,Mumbai,Affluent,Savings,Withdrawal,1103.56,39140.47,789,No,None,0,0,No Loan,Low,Fixed Deposit,Mobile App,Active,No,5,,
1004885,11183,504885,28-06-2026,42,Female,Pune,Mass Market,Salary,Withdrawal,2994.54,6082.24,604,Yes,Home,12153.65,13.74,Approved,High,Credit Card,Mobile App,Dormant,No,4,,
1001536,11696,501536,07-05-2026,32,Male,Bengaluru,Mass Market,Current,UPI Payment,2447.17,5744.93,776,Yes,Personal,31316.5,9.05,Active,Low,Fixed Deposit,Mobile App,Active,No,5,,
1003459,11914,503459,21-12-2024,43,Male,Hyderabad,Affluent,Current,ATM,3044.89,7416.13,738,No,None,0,0,No Loan,Medium,Credit Card,Mobile App,Inactive,No,5,,
1001274,12372,501274,06-06-2024,46,Female,Pune,Affluent,Savings,Deposit,3134.02,19714.46,665,No,None,0,0,No Loan,Medium,Savings Account,Phone Banking,Active,Yes,1,,
1002468,12337,502468,06-11-2024,35,Male,Kolkata,Premium,Current,Card Payment,4410.82,124313.31,741,No,None,0,0,No Loan,Medium,Savings Account,Branch,Active,Yes,4,,
1000608,11016,500608,15-03-2025,31,Male,Delhi,Affluent,Savings,Withdrawal,4304.06,5871.67,601,Yes,Personal,213646.54,10.61,Active,High,Investment,Mobile App,Active,No,5,,
1003403,11271,503403,20-08-2024,41,Male,Pune,Mass Market,Savings,Deposit,1842.87,39840.88,729,No,None,0,0,No Loan,Medium,Credit Card,ATM,Active,No,5,,
1001713,10282,501713,19-04-2026,38,Male,Chennai,Mass Market,Savings,UPI Payment,748.92,3933.72,654,Yes,Personal,194595.29,13.2,Active,Medium,Savings Account,Mobile App,Active,Yes,4,,
1002200,11512,502200,12-04-2025,28,Male,Hyderabad,Mass Market,Fixed Deposit,Withdrawal,20484.22,39471.87,697,Yes,Home,79526.85,12.84,Active,Medium,Fixed Deposit,ATM,Active,No,4,,
1000956,12266,500956,16-11-2025,35,Female,Kolkata,Affluent,Current,Transfer,538.14,5667.45,666,Yes,Business,62139.63,15.63,Approved,Medium,Investment,ATM,Active,No,4,,
1002580,11561,502580,08-02-2026,25,Female,Lucknow,Affluent,Savings,UPI Payment,3284.57,22199.85,804,Yes,Auto,71671.04,8.3,Closed,Low,Personal Loan,Internet Banking,Active,No,5,,
1003916,12243,503916,28-04-2026,38,Female,Pune,Mass Market,Savings,UPI Payment,21591.81,100481.19,627,No,None,0,0,No Loan,High,Fixed Deposit,ATM,Active,Yes,2,,
1004436,10946,504436,01-12-2025,34,Female,Jaipur,Affluent,Fixed Deposit,Transfer,6424.62,94671.42,646,No,None,0,0,No Loan,High,Investment,Internet Banking,Active,No,5,,
1004803,10827,504803,25-03-2026,36,Other,Kolkata,Mass Market,Savings,Deposit,2629.75,27298,731,No,None,0,0,No Loan,Medium,Fixed Deposit,ATM,Active,No,5,,
1003704,11307,503704,08-12-2025,28,Male,Jaipur,High Net Worth,Savings,UPI Payment,1516.83,107107.22,819,Yes,Personal,34596.57,9.5,Closed,Low,Home Loan,Mobile App,Active,No,5,,
1000404,11228,500404,22-12-2025,39,Male,Lucknow,Mass Market,Savings,Transfer,851.37,56476.53,717,Yes,Personal,130695.89,13.96,Active,Medium,Fixed Deposit,Mobile App,Active,No,5,,
1002072,10609,502072,01-09-2025,39,Female,Kolkata,Mass Market,Savings,Withdrawal,2417.92,23059.54,760,No,None,0,0,No Loan,Low,Insurance,ATM,Active,No,5,,
1004766,10116,504766,04-07-2025,50,Male,Chennai,Mass Market,Savings,Withdrawal,2460.46,25631.5,658,No,None,0,0,No Loan,Medium,Insurance,ATM,Active,No,5,,
1001978,11013,501978,21-01-2026,28,Male,Pune,Mass Market,Salary,UPI Payment,10699.5,24560.41,750,No,None,0,0,No Loan,Low,Fixed Deposit,Internet Banking,Inactive,No,5,,
1000159,11632,500159,25-07-2024,21,Female,Pune,Mass Market,Savings,UPI Payment,4091.29,13037.31,599,No,None,0,0,No Loan,High,Home Loan,Branch,Active,No,5,,
1001749,11519,501749,11-05-2024,22,Male,Delhi,Mass Market,Savings,Card Payment,7722.51,75768.87,736,No,None,0,0,No Loan,Medium,Credit Card,Mobile App,Active,No,5,,
1002910,10679,502910,24-08-2025,32,Male,Lucknow,Premium,Savings,ATM,4910.7,83779.69,751,No,None,0,0,No Loan,Low,Credit Card,ATM,Active,No,4,,
1003551,11584,503551,06-06-2025,38,Male,Hyderabad,Affluent,Savings,ATM,2195.65,20517.6,735,No,None,0,0,No Loan,Medium,Investment,ATM,Active,No,4,,
1000903,10503,500903,01-01-2025,36,Female,Mumbai,Premium,Current,UPI Payment,4801.66,44845.66,785,No,None,0,0,No Loan,Low,Savings Account,ATM,Active,No,4,,
1000353,11596,500353,13-09-2024,42,Female,Ahmedabad,Affluent,Savings,Deposit,3172.25,26198.24,687,No,None,0,0,No Loan,Medium,Personal Loan,Mobile App,Active,No,4,,
1001231,11122,501231,18-04-2025,41,Male,Mumbai,Mass Market,Salary,UPI Payment,3254.24,14381.72,761,No,None,0,0,No Loan,Low,Credit Card,Mobile App,Active,No,5,,
1004681,12285,504681,22-04-2024,35,Female,Ahmedabad,Affluent,Savings,Withdrawal,7100.9,36866.24,613,No,None,0,0,No Loan,High,Personal Loan,Mobile App,Active,No,5,,
1002141,11121,502141,20-02-2024,33,Male,Mumbai,Mass Market,Savings,Transfer,11759.65,45863.79,663,No,None,0,0,No Loan,Medium,Savings Account,Internet Banking,Active,No,4,,
1000445,10776,500445,11-08-2026,27,Female,Jaipur,Mass Market,Savings,Transfer,6635.34,228902.98,683,No,None,0,0,No Loan,Medium,Credit Card,ATM,Dormant,No,4,,
1004959,10588,504959,26-08-2024,47,Female,Bengaluru,Mass Market,Salary,Withdrawal,5348.11,3162.01,664,No,None,0,0,No Loan,Medium,Savings Account,Branch,Active,No,4,,
1000755,10919,500755,30-06-2026,24,Male,Delhi,Mass Market,Fixed Deposit,Withdrawal,7122.2,8798.17,751,No,None,0,0,No Loan,Low,Insurance,Internet Banking,Active,No,5,,
1001738,11360,501738,07-02-2026,37,Male,Mumbai,Affluent,Savings,Deposit,2333.53,11545.15,608,No,None,0,0,No Loan,High,Credit Card,Branch,Active,No,4,,
1002972,11933,502972,09-02-2026,38,Male,Kolkata,Mass Market,Current,Withdrawal,972.57,2302.29,680,Yes,Education,62694.85,7.74,Active,Medium,Savings Account,ATM,Active,No,4,,
1004990,11709,504990,27-01-2025,40,Female,Bengaluru,Premium,Savings,Withdrawal,2287.44,88578.08,735,No,None,0,0,No Loan,Medium,Fixed Deposit,Branch,Active,No,5,,
1002921,11503,502921,08-10-2025,26,Male,Hyderabad,Mass Market,Salary,Card Payment,7260.45,11836.14,682,Yes,Personal,33829.14,13.74,Defaulted,Medium,Savings Account,Mobile App,Active,No,3,,
1000312,11896,500312,26-09-2025,27,Female,Chennai,Affluent,Savings,Withdrawal,1925.17,7675.36,646,No,None,0,0,No Loan,High,Home Loan,ATM,Inactive,Yes,4,,
1000549,10190,500549,03-06-2024,44,Male,Jaipur,Mass Market,Current,Deposit,1021.31,2603.44,704,Yes,Home,166844.67,10.03,Active,Medium,Personal Loan,ATM,Active,No,4,,
1004640,11486,504640,19-06-2026,46,Male,Hyderabad,Affluent,Savings,ATM,4388.87,19079.76,740,No,None,0,0,No Loan,Medium,Savings Account,Branch,Active,No,3,,
1004772,11621,504772,11-03-2026,51,Male,Hyderabad,Mass Market,Current,Withdrawal,2760.38,67008.02,765,No,None,0,0,No Loan,Low,Savings Account,Internet Banking,Inactive,No,5,,
1001990,11204,501990,08-08-2024,51,Male,Ahmedabad,Mass Market,Savings,UPI Payment,6479.99,20744.3,652,No,None,0,0,No Loan,Medium,Insurance,Internet Banking,Active,No,5,,
1000307,12066,500307,03-02-2026,39,Female,Jaipur,Mass Market,Salary,Withdrawal,5095.52,8126.47,748,No,None,0,0,No Loan,Medium,Home Loan,Mobile App,Active,No,5,,
1002336,11338,502336,26-02-2026,32,Male,Hyderabad,Mass Market,Savings,ATM,1833.6,12044.5,697,No,None,0,0,No Loan,Medium,Home Loan,Mobile App,Active,No,3,,
1000695,11907,500695,01-09-2024,47,Male,,Mass Market,Savings,ATM,2625.49,16562.71,644,Yes,Auto,79592.05,8.01,Closed,High,Insurance,Mobile App,Active,No,4,,
1002357,10161,502357,27-02-2025,29,Male,Bengaluru,Affluent,Savings,Withdrawal,1127.58,32844.7,791,Yes,Business,375619.96,13.15,Approved,Low,Home Loan,Mobile App,Active,Yes,2,,
1001928,12473,501928,30-03-2024,25,Female,Mumbai,Affluent,Salary,Deposit,3631.56,6950.44,611,No,None,0,0,No Loan,High,Credit Card,Internet Banking,Active,No,5,,
1000685,10138,500685,10-03-2025,36,Female,Lucknow,Mass Market,Savings,Transfer,3384.54,133201.83,681,No,None,0,0,No Loan,Medium,Fixed Deposit,Internet Banking,Active,No,4,,
1000750,11336,500750,22-05-2025,21,Male,Pune,Mass Market,Savings,Card Payment,7662.15,205396.81,747,Yes,Business,314572.86,7.13,Active,Medium,Credit Card,Internet Banking,Active,No,5,,
1004675,10732,504675,19-03-2024,30,Male,Chennai,Mass Market,Savings,Withdrawal,1457.07,35743.7,668,No,None,0,0,No Loan,Medium,Personal Loan,Mobile App,Active,No,4,,
1001267,10921,501267,16-02-2025,31,Female,Mumbai,Premium,Fixed Deposit,ATM,3131.69,62541.05,780,No,None,0,0,No Loan,Low,Investment,Mobile App,Active,No,5,,
1003983,10685,503983,03-03-2024,36,Female,Kolkata,Affluent,Savings,Withdrawal,1956.8,19205.85,742,No,None,0,0,No Loan,Medium,Fixed Deposit,Internet Banking,Active,No,4,,
1003546,12210,503546,07-11-2025,26,Female,Pune,Affluent,Salary,UPI Payment,4944.8,33905.2,633,No,None,0,0,No Loan,High,Savings Account,ATM,Active,Yes,3,,
1004771,11547,504771,09-03-2026,43,Female,Mumbai,Premium,Current,Card Payment,1400.55,9560.36,755,Yes,Business,28372.16,8.82,Active,Low,Home Loan,Mobile App,Active,No,4,,
1004003,12144,504003,04-05-2025,38,Male,Chennai,Affluent,Current,ATM,11218.5,17656.56,727,Yes,Personal,63983.61,14.64,Approved,Medium,Investment,Phone Banking,Active,Yes,4,,
1003084,10025,503084,01-04-2026,32,Male,Chennai,Premium,Savings,Transfer,8800.01,54715.39,802,No,None,0,0,No Loan,Low,Savings Account,Internet Banking,Active,No,4,,
1003062,11725,503062,29-06-2024,29,Male,Hyderabad,Premium,Savings,UPI Payment,13670.43,182594.7,693,Yes,Home,80388.67,11.38,Active,Medium,Insurance,Mobile App,Active,Yes,3,,
1003026,11606,503026,13-08-2025,29,Male,Ahmedabad,Affluent,Fixed Deposit,UPI Payment,1157,21063.53,744,No,None,0,0,No Loan,Medium,Personal Loan,ATM,Active,No,4,,
1000971,11637,500971,24-08-2025,47,Male,Chennai,Mass Market,Current,ATM,4595.76,10276.17,709,No,None,0,0,No Loan,Medium,Home Loan,Mobile App,Active,No,5,,
1000014,10770,500014,10-12-2025,37,Male,Hyderabad,Mass Market,Savings,UPI Payment,17800.16,91623.44,613,No,None,0,0,No Loan,High,Insurance,Branch,Active,No,4,,
1000874,11320,500874,09-03-2025,31,Male,Hyderabad,Affluent,Savings,Transfer,4487.77,60516.19,630,No,None,0,0,No Loan,High,Personal Loan,Mobile App,Inactive,No,5,,
1000809,10468,500809,27-07-2024,36,Male,Jaipur,Mass Market,Savings,Card Payment,5090.72,20451.01,687,No,None,0,0,No Loan,Medium,Insurance,ATM,Inactive,No,5,,
1003199,10023,503199,10-10-2025,34,Female,Lucknow,Mass Market,Salary,UPI Payment,530.53,20271.6,704,No,None,0,0,No Loan,Medium,Insurance,Mobile App,Active,Yes,4,,
1000515,12387,500515,09-08-2026,39,Female,Mumbai,Premium,Savings,Card Payment,3477.37,54807.83,698,Yes,Business,164356.72,12.3,Active,Medium,Insurance,Mobile App,Dormant,No,5,,
1004483,10472,504483,29-06-2024,45,Female,Mumbai,Mass Market,Salary,UPI Payment,2692.47,36744.63,691,No,None,0,0,No Loan,Medium,Home Loan,Internet Banking,Inactive,No,5,,
1000410,11313,500410,29-12-2024,30,Female,Chennai,High Net Worth,Savings,Withdrawal,3852.16,14770.34,678,Yes,Personal,113801.37,8.48,Active,Medium,Investment,Internet Banking,Active,No,5,,
1003424,12370,503424,28-01-2026,41,Male,Hyderabad,Mass Market,Savings,Card Payment,6106.97,8056.12,717,No,None,0,0,No Loan,Medium,Insurance,ATM,Active,Yes,2,,
1004353,11201,504353,19-03-2025,28,Male,Lucknow,Mass Market,Savings,Deposit,5242.81,88540.27,780,Yes,Business,33182.91,15.67,Active,Low,Home Loan,ATM,Active,No,4,,
1000208,10489,500208,25-09-2024,47,Female,Chennai,Mass Market,Current,Deposit,16165.7,23373.87,769,No,None,0,0,No Loan,Low,Savings Account,Branch,Active,No,5,,
1003239,11879,503239,17-12-2024,37,Female,Pune,Affluent,Savings,UPI Payment,11515.94,11658.44,668,No,None,0,0,No Loan,Medium,Savings Account,Mobile App,Active,Yes,2,,
1000459,11572,500459,08-06-2026,24,Female,Mumbai,Mass Market,Savings,Card Payment,654.17,18944.87,641,Yes,Auto,35498.98,11.86,Active,High,Insurance,Branch,Active,No,4,,
1003671,11349,503671,26-02-2024,21,Female,Pune,Premium,Salary,Card Payment,5601.56,38081.69,698,Yes,Auto,41705.77,14.79,Closed,Medium,Insurance,Branch,Active,No,4,,
1002431,11643,502431,10-06-2024,36,Female,Kolkata,Mass Market,Savings,Withdrawal,1559.88,54065.58,732,No,None,0,0,No Loan,Medium,Home Loan,Phone Banking,Active,No,5,,
1003979,11896,503979,19-12-2024,56,Female,Lucknow,Affluent,Current,UPI Payment,2676.13,69882.3,724,No,None,0,0,No Loan,Medium,Personal Loan,Internet Banking,Active,Yes,3,,
1000111,10503,500111,05-11-2025,38,Female,Jaipur,Mass Market,Savings,ATM,3507.85,31637.36,795,No,None,0,0,No Loan,Low,Home Loan,Mobile App,Active,No,4,,
1003765,11460,503765,26-06-2025,39,Male,Pune,Mass Market,Savings,Withdrawal,3224.34,34051.82,792,No,None,0,0,No Loan,Low,Savings Account,ATM,Active,No,5,,
1004063,10975,504063,21-01-2026,21,Other,Lucknow,Affluent,Salary,UPI Payment,9252.87,35512.87,818,No,None,0,0,No Loan,Low,Investment,Internet Banking,Active,No,5,,
1001884,11604,501884,04-11-2024,35,Female,Pune,Affluent,Savings,UPI Payment,584.34,36205.58,636,No,None,0,0,No Loan,High,Fixed Deposit,Branch,Active,No,3,,
1001714,12167,501714,09-09-2025,32,Female,Kolkata,Affluent,Savings,UPI Payment,11003.35,8523.07,692,No,None,0,0,No Loan,Medium,Insurance,Mobile App,Active,Yes,3,,
1003977,10194,503977,17-09-2024,39,Female,Hyderabad,Affluent,Current,Withdrawal,2869.36,4671.04,770,No,None,0,0,No Loan,Low,Personal Loan,ATM,Inactive,No,5,,
1003415,10137,503415,20-02-2024,24,Male,Mumbai,Affluent,Fixed Deposit,Transfer,1799.39,39505.55,663,No,None,0,0,No Loan,Medium,Home Loan,Mobile App,Active,No,5,,
1000553,10824,500553,19-08-2024,36,Other,Hyderabad,Mass Market,Savings,Deposit,4063.63,22989.85,629,No,None,0,0,No Loan,High,Investment,Internet Banking,Inactive,No,5,,
1001440,10285,501440,06-07-2025,28,Female,Jaipur,Affluent,Salary,Deposit,4239.44,13517.76,741,No,None,0,0,No Loan,Medium,Savings Account,Branch,Active,No,3,,
1002271,10362,502271,11-03-2024,34,Female,Kolkata,Mass Market,Savings,Withdrawal,5284.19,25941.26,576,Yes,Business,51368.65,9.09,Closed,High,Savings Account,Mobile App,Dormant,No,4,,
1003145,12460,503145,29-01-2024,39,Male,Mumbai,Premium,Fixed Deposit,Card Payment,1655.89,27892.43,757,No,None,0,0,No Loan,Low,Personal Loan,Mobile App,Active,No,4,,
1002822,10001,502822,26-01-2024,34,Male,Hyderabad,Mass Market,Savings,Deposit,3722.9,55343.36,674,Yes,Auto,62109.87,8.76,Closed,Medium,Fixed Deposit,Branch,Active,No,5,,
1004792,10953,504792,16-07-2024,21,Male,Pune,Affluent,Savings,Withdrawal,1336.89,33501.95,729,Yes,Auto,94553.52,13.25,Closed,Medium,Personal Loan,Internet Banking,Active,No,4,,
1001926,11915,501926,07-03-2026,36,Male,Bengaluru,Mass Market,Savings,UPI Payment,4505.24,59349.7,711,No,None,0,0,No Loan,Medium,Credit Card,ATM,Active,No,5,,
1000635,11902,500635,24-04-2026,26,Male,Chennai,Mass Market,Savings,Withdrawal,632.33,82587.62,,No,None,0,0,No Loan,Low,Fixed Deposit,Mobile App,Inactive,No,5,,
1004816,10253,504816,12-02-2024,55,Male,Kolkata,Affluent,Savings,UPI Payment,43595.06,17714.23,828,No,None,0,0,No Loan,Low,Home Loan,Branch,Active,No,5,,
1000317,10785,500317,11-01-2025,40,Male,Kolkata,Affluent,Salary,ATM,5522.02,12264.9,604,Yes,Personal,41384.95,14.76,Approved,High,Home Loan,ATM,Active,No,3,,
1004227,10494,504227,30-03-2026,29,Male,Pune,Affluent,Savings,Deposit,1221.32,24613.11,697,No,None,0,0,No Loan,Medium,Personal Loan,ATM,Active,No,5,,
1004710,11642,504710,06-12-2024,27,Male,Chennai,Affluent,Savings,Deposit,1317.65,123279.59,631,No,None,0,0,No Loan,High,Investment,Mobile App,Inactive,No,5,,
1001329,11381,501329,22-11-2024,43,Female,Mumbai,Mass Market,Savings,UPI Payment,4571.48,21106.24,734,No,None,0,0,No Loan,Medium,Personal Loan,Phone Banking,Active,No,3,,
1000428,11688,500428,25-01-2024,39,Male,Delhi,Mass Market,Savings,UPI Payment,15029.18,19660.34,670,No,None,0,0,No Loan,Medium,Home Loan,Internet Banking,Active,No,4,,
1004042,11630,504042,02-06-2026,21,Male,Chennai,Mass Market,Savings,Deposit,1367.51,22437.16,621,Yes,Personal,43801.22,9.19,Approved,High,Insurance,Internet Banking,Active,No,5,,
1000106,11896,500106,21-04-2024,51,Female,Ahmedabad,Mass Market,Savings,Transfer,730.35,68727.8,761,Yes,Personal,100905.12,14.71,Approved,Low,Insurance,Internet Banking,Active,No,5,,
1003042,11715,503042,30-06-2025,21,Male,Mumbai,High Net Worth,Savings,Transfer,5223.73,36881.56,743,No,None,0,0,No Loan,Medium,Personal Loan,ATM,Active,No,4,,
1000143,12238,500143,07-05-2026,21,Male,Hyderabad,Affluent,Savings,Deposit,1120.38,12993.06,785,No,None,0,0,No Loan,Low,Insurance,Branch,Active,No,5,,
1002170,11415,502170,10-08-2025,41,Male,Mumbai,Premium,Salary,Transfer,2224.37,41204.05,708,No,None,0,0,No Loan,Medium,Fixed Deposit,Internet Banking,Active,No,4,,
1003345,11844,503345,15-02-2025,26,Female,Jaipur,Affluent,Savings,ATM,10507.87,40779.05,690,No,None,0,0,No Loan,Medium,Savings Account,Mobile App,Active,No,4,,
1000090,11699,500090,15-06-2025,25,Female,Mumbai,Mass Market,Current,Withdrawal,664.14,31473.39,560,No,None,0,0,No Loan,High,Credit Card,Internet Banking,Active,No,4,,
1002919,11443,502919,23-01-2025,28,Female,Lucknow,Mass Market,Salary,UPI Payment,6016.1,3231.82,675,No,None,0,0,No Loan,Medium,Home Loan,Mobile App,Active,No,5,,
1003238,12017,503238,09-05-2024,26,Female,Delhi,Mass Market,Savings,Deposit,1864.38,42581.62,519,No,None,0,0,No Loan,High,Credit Card,Internet Banking,Active,No,4,,
1002242,10662,502242,27-02-2024,35,Female,Jaipur,Affluent,Salary,Transfer,1361.96,14327.03,713,Yes,Business,101873.5,8.57,Active,Medium,Insurance,Mobile App,Active,No,4,,
1003175,11856,503175,22-12-2025,34,Male,Lucknow,Affluent,Savings,Transfer,3005.99,20908.08,744,No,None,0,0,No Loan,Medium,Personal Loan,ATM,Active,No,4,,
1003428,11677,503428,06-02-2025,24,Male,Ahmedabad,Mass Market,Salary,UPI Payment,2714.25,7013.01,818,Yes,Auto,256759.97,8.23,Closed,Low,Savings Account,Branch,Active,Yes,2,,
1002164,11951,502164,03-05-2026,47,Male,Kolkata,Affluent,Savings,Deposit,1464.54,17678.68,637,No,None,0,0,No Loan,High,Personal Loan,Phone Banking,Active,No,5,,
1002637,10855,502637,24-08-2024,40,Male,Mumbai,Affluent,Savings,Deposit,4718.79,31754.22,691,No,None,0,0,No Loan,Medium,Personal Loan,Internet Banking,Active,No,5,,
1001950,11869,501950,30-05-2024,45,Female,Pune,Affluent,Savings,UPI Payment,19816.79,85358.34,761,Yes,Business,22662.47,14.17,Active,Low,Credit Card,Mobile App,Active,No,5,,
1001769,12409,501769,03-06-2025,44,Male,Jaipur,Mass Market,Savings,UPI Payment,3563.21,53049.33,698,No,None,0,0,No Loan,Medium,Fixed Deposit,Branch,Active,No,5,,
1003299,10457,503299,24-04-2024,28,Male,Hyderabad,Mass Market,Savings,UPI Payment,3979.58,124182.25,720,No,None,0,0,No Loan,Medium,Home Loan,Mobile App,Active,No,5,,
1002273,11900,502273,06-08-2024,50,Female,Hyderabad,Affluent,Savings,Transfer,4926.98,19772.75,757,Yes,Home,106852.79,8.35,Closed,Low,Investment,ATM,Active,No,5,,
1000002,11295,500002,26-05-2026,39,Male,Bengaluru,Mass Market,Salary,Card Payment,2877.94,42846.79,607,No,None,0,0,No Loan,High,Insurance,ATM,Active,No,5,,
1003542,10272,503542,03-11-2025,34,Male,Bengaluru,Affluent,Savings,ATM,5292.77,55039.84,726,No,None,0,0,No Loan,Medium,Investment,Branch,Active,No,3,,
1004968,10321,504968,05-10-2025,21,Female,Hyderabad,Mass Market,Current,Transfer,1999.03,58139.4,776,No,None,0,0,No Loan,Low,Personal Loan,Mobile App,Dormant,No,5,,
1001952,11017,501952,10-09-2024,33,Other,Bengaluru,Premium,Current,Card Payment,1189.18,27203.6,717,Yes,Business,27960.42,13.66,Approved,Medium,Credit Card,Mobile App,Active,No,5,,
1000936,12264,500936,29-09-2024,35,Male,Hyderabad,Affluent,Savings,Deposit,5942.89,25737.79,691,No,None,0,0,No Loan,Medium,Fixed Deposit,Mobile App,Inactive,Yes,3,,
1004307,11351,504307,18-04-2024,33,Male,Mumbai,Mass Market,Fixed Deposit,ATM,2948.27,3634.87,625,No,None,0,0,No Loan,High,Investment,Mobile App,Active,No,4,,
1002721,11586,502721,09-11-2024,21,Male,Delhi,Affluent,Savings,UPI Payment,5037.78,14966.39,817,No,None,0,0,No Loan,Low,Home Loan,Branch,Active,No,4,,
1004105,11905,504105,03-07-2026,45,Male,Chennai,Affluent,Savings,Card Payment,1771.87,11164.63,739,Yes,Education,173245.83,7.33,Active,Medium,Personal Loan,Mobile App,Inactive,No,4,,
1001110,10521,501110,22-01-2024,42,Male,Lucknow,Mass Market,Savings,Withdrawal,2551.31,16976.55,759,No,None,0,0,No Loan,Low,Savings Account,Mobile App,Active,No,5,,
1003606,11192,503606,18-02-2025,26,Female,Chennai,Affluent,Savings,UPI Payment,4260.29,6823.32,722,Yes,Business,177744.47,10.44,Closed,Medium,Fixed Deposit,ATM,Active,No,5,,
1000592,11225,500592,04-02-2024,31,Female,Kolkata,Mass Market,Salary,ATM,3909.36,104182.54,736,No,None,0,0,No Loan,Medium,Insurance,Mobile App,Active,No,4,,
1001696,12213,501696,03-08-2025,39,Male,Kolkata,Affluent,Salary,Deposit,744.24,12953.35,694,No,None,0,0,No Loan,Medium,Personal Loan,ATM,Active,No,5,,
1003480,10405,503480,25-10-2025,39,Male,Ahmedabad,Mass Market,Savings,Transfer,12483.14,21336.21,659,No,None,0,0,No Loan,Medium,Insurance,Mobile App,Active,No,5,,
1002937,10443,502937,05-08-2026,27,Female,Chennai,Premium,Savings,Deposit,10164.26,39158.46,725,No,None,0,0,No Loan,Medium,Home Loan,Mobile App,Active,No,5,,
1004214,11258,504214,27-04-2024,33,Male,Jaipur,Mass Market,Savings,UPI Payment,5882.36,2863.99,695,Yes,Home,20591.01,10.88,Active,Medium,Insurance,Branch,Active,No,5,,
1003427,10349,503427,11-05-2025,34,Male,Jaipur,Mass Market,Savings,Transfer,3169,27214.37,762,No,None,0,0,No Loan,Low,Credit Card,Phone Banking,Active,Yes,1,,
1001577,10111,501577,09-04-2026,26,Female,Jaipur,Premium,Savings,UPI Payment,4610.34,32842.26,622,No,None,0,0,No Loan,High,Savings Account,ATM,Active,No,5,,
1003973,12105,503973,31-03-2025,30,Female,Chennai,Mass Market,Savings,Deposit,1638.36,107665.81,646,Yes,Home,73351.74,13.79,Active,High,Insurance,Mobile App,Dormant,No,5,,
1000214,11970,500214,25-04-2024,50,Male,Chennai,Affluent,Fixed Deposit,Deposit,7349.21,91970.77,671,No,None,0,0,No Loan,Medium,Insurance,Mobile App,Active,No,4,,
1000779,12159,500779,14-02-2024,55,Male,Bengaluru,Mass Market,Salary,Transfer,3838.32,34772.26,797,Yes,Home,161780.49,12.86,Active,Low,Credit Card,Mobile App,Active,No,5,,
1001416,10994,501416,28-06-2024,23,Male,Hyderabad,Mass Market,Savings,Card Payment,29871.32,35534.56,653,No,None,0,0,No Loan,Medium,Investment,Branch,Dormant,No,5,,
1004770,11483,504770,17-07-2025,30,Male,Pune,Mass Market,Savings,UPI Payment,899.82,42011.06,656,Yes,Business,33119.89,13.88,Approved,Medium,Home Loan,ATM,Active,No,4,,
1002044,12495,502044,11-03-2024,43,Female,Chennai,Affluent,Current,UPI Payment,519.83,18074.16,688,No,None,0,0,No Loan,Medium,Credit Card,ATM,Active,No,5,,
1002849,11137,502849,23-12-2024,49,Male,Jaipur,Affluent,Savings,Card Payment,6685.42,100640.34,754,No,None,0,0,No Loan,Low,Personal Loan,Mobile App,Active,No,5,,
1004548,12186,504548,07-05-2024,37,Other,Bengaluru,High Net Worth,Savings,UPI Payment,1662.64,28064.76,730,No,None,0,0,No Loan,Medium,Fixed Deposit,Phone Banking,Active,No,4,,
1003682,12146,503682,10-04-2025,40,Male,Hyderabad,Affluent,Savings,UPI Payment,7919.82,8593.2,632,No,None,0,0,No Loan,High,Fixed Deposit,Mobile App,Active,No,4,,
1003832,11778,503832,28-03-2026,35,Female,Hyderabad,Premium,Fixed Deposit,UPI Payment,2099.64,8980.27,692,No,None,0,0,No Loan,Medium,Home Loan,Internet Banking,Inactive,Yes,3,,
1001568,12271,501568,21-09-2025,28,Male,Mumbai,Mass Market,Current,Card Payment,4995.09,11347.3,666,No,None,0,0,No Loan,Medium,Fixed Deposit,Branch,Active,No,5,,
1000166,11292,500166,06-06-2025,34,Male,Lucknow,Mass Market,Savings,Transfer,2543.85,98303.1,803,Yes,Personal,90890.1,7.91,Active,Low,Insurance,Mobile App,Active,No,5,,
1004725,10959,504725,03-08-2024,25,Female,Hyderabad,Mass Market,Savings,Transfer,1783.52,40954.17,803,Yes,Business,62070.77,7.36,Active,Low,Fixed Deposit,Mobile App,Active,No,4,,
1003602,10759,503602,21-01-2025,25,Female,Ahmedabad,Affluent,Savings,Withdrawal,6819.79,148867.45,633,Yes,Personal,66503.24,15.37,Approved,High,Home Loan,Internet Banking,Active,Yes,3,,
1004937,10298,504937,07-01-2024,48,Male,Bengaluru,Mass Market,Savings,ATM,1558.75,10754.69,742,No,None,0,0,No Loan,Medium,Fixed Deposit,Mobile App,Active,Yes,2,,
1001344,10984,501344,04-05-2024,36,Male,Jaipur,Mass Market,Savings,UPI Payment,3025.6,4057.31,586,No,None,0,0,No Loan,High,Fixed Deposit,Branch,Dormant,No,4,,
1002014,10130,502014,22-12-2024,57,Male,Kolkata,Affluent,Salary,Transfer,632.54,53840.17,604,No,None,0,0,No Loan,High,Personal Loan,Branch,Active,No,5,,
1000274,12486,500274,28-04-2026,46,Male,Bengaluru,Mass Market,Salary,UPI Payment,8097.65,28952.46,849,Yes,Business,63373.66,9.64,Closed,Low,Savings Account,Internet Banking,Inactive,Yes,4,,
1000072,10879,500072,23-08-2025,21,Female,Pune,Mass Market,Current,UPI Payment,1704.14,19634.33,618,No,None,0,0,No Loan,High,Home Loan,Branch,Active,No,5,,
1003906,12254,503906,07-03-2024,37,Female,Delhi,Premium,Current,Card Payment,6860.05,31871.87,736,No,None,0,0,No Loan,Medium,Savings Account,ATM,Active,No,4,,
1001088,11940,501088,21-04-2025,31,Female,Pune,Mass Market,Salary,Deposit,2419.05,67417.43,653,No,None,0,0,No Loan,Medium,Personal Loan,Internet Banking,Active,No,5,,
1000395,11680,500395,22-11-2025,45,Male,,Affluent,Current,Withdrawal,7905.42,24338.7,730,No,None,0,0,No Loan,Medium,Fixed Deposit,Mobile App,Inactive,No,5,,
1000584,11146,500584,09-05-2025,39,Male,Chennai,Mass Market,Salary,UPI Payment,4786.48,40015.55,796,No,None,0,0,No Loan,Low,Insurance,Internet Banking,Active,No,4,,
1001368,11997,501368,25-01-2025,32,Male,Pune,Mass Market,Current,Transfer,6304.86,227400.64,746,No,None,0,0,No Loan,Medium,Insurance,Internet Banking,Active,No,5,,
1004998,12342,504998,06-07-2026,30,Female,Chennai,Mass Market,Savings,Transfer,25371,58740.89,703,No,None,0,0,No Loan,Medium,Home Loan,Mobile App,Active,No,4,,
1004653,12170,504653,12-04-2025,34,Female,Mumbai,Mass Market,Salary,UPI Payment,1231.43,3365.04,726,Yes,Education,76635.98,13.78,Active,Medium,Credit Card,Phone Banking,Active,No,5,,
1002549,12435,502549,19-06-2025,26,Male,Ahmedabad,Mass Market,Savings,UPI Payment,5521.25,15812.36,696,No,None,0,0,No Loan,Medium,Home Loan,Mobile App,Inactive,No,3,,
1001014,10967,501014,03-06-2026,42,Male,Chennai,Affluent,Savings,UPI Payment,1051.24,9900.66,676,No,None,0,0,No Loan,Medium,Credit Card,Internet Banking,Active,Yes,5,,
1004908,10927,504908,31-03-2024,37,Female,Bengaluru,Mass Market,Savings,Deposit,7229.05,70553.34,592,No,None,0,0,No Loan,High,Home Loan,Branch,Active,No,4,,
1003004,10999,503004,25-10-2024,32,Male,Mumbai,Premium,Current,Transfer,1234.86,35635.84,687,No,None,0,0,No Loan,Medium,Savings Account,ATM,Active,No,5,,
1004948,11261,504948,02-12-2024,41,Male,Delhi,Premium,Savings,ATM,8396.03,69721.66,631,No,None,0,0,No Loan,High,Investment,Mobile App,Active,No,4,,
1004182,11118,504182,30-04-2024,45,Male,Mumbai,Affluent,Savings,Card Payment,2930.61,16563.68,784,No,None,0,0,No Loan,Low,Fixed Deposit,Branch,Active,No,4,,
1003549,10977,503549,13-08-2026,46,Male,Chennai,Premium,Salary,Card Payment,7018.16,48091.73,682,No,None,0,0,No Loan,Medium,Home Loan,Internet Banking,Active,No,4,,
1001764,11311,501764,16-03-2025,46,Female,Pune,Mass Market,Salary,Card Payment,513.37,69984.68,814,No,None,0,0,No Loan,Low,Fixed Deposit,Branch,Active,No,5,,
1001876,12426,501876,05-02-2025,44,Female,Bengaluru,Affluent,Savings,Deposit,1347.79,16191.64,726,No,None,0,0,No Loan,Medium,Personal Loan,ATM,Active,No,5,,
1001260,10748,501260,02-09-2025,34,Male,Lucknow,Affluent,Salary,ATM,3373.39,41173.31,708,Yes,Education,45988.73,15.13,Active,Medium,Investment,Internet Banking,Active,No,4,,
1004541,10530,504541,20-03-2024,38,Male,Delhi,Affluent,Salary,Card Payment,684.56,16601.91,780,No,None,0,0,No Loan,Low,Personal Loan,Internet Banking,Active,No,5,,
1002254,10461,502254,01-11-2024,21,Male,Delhi,Premium,Fixed Deposit,Deposit,3207.14,79748.84,766,No,None,0,0,No Loan,Low,Savings Account,Mobile App,Active,No,5,,
1002782,10142,502782,12-02-2024,34,Male,Delhi,Affluent,Current,Transfer,2049.62,32693.39,653,Yes,Home,61663.78,15.26,Active,Medium,Insurance,Mobile App,Active,No,5,,
1003611,10390,503611,09-06-2024,50,Female,Ahmedabad,Mass Market,Savings,Withdrawal,715.11,730754.57,771,No,None,0,0,No Loan,Low,Fixed Deposit,Mobile App,Dormant,No,5,,
1000527,11811,500527,23-02-2025,30,Female,Mumbai,Premium,Savings,UPI Payment,2199.97,33169.18,776,No,None,0,0,No Loan,Low,Credit Card,Phone Banking,Active,Yes,4,,
1004748,10125,504748,28-12-2025,40,Male,Hyderabad,Affluent,Savings,Deposit,1219.31,33187.6,758,No,None,0,0,No Loan,Low,Credit Card,ATM,Active,No,5,,
1002947,11851,502947,31-07-2025,39,Male,Chennai,Mass Market,Current,Deposit,647.69,141498.35,670,No,None,0,0,No Loan,Medium,Personal Loan,Mobile App,Dormant,No,5,,
1000378,11932,500378,07-06-2025,21,Male,Jaipur,Mass Market,Savings,UPI Payment,2400.4,20826.44,669,No,None,0,0,No Loan,Medium,Savings Account,Internet Banking,Dormant,Yes,3,,
1001560,11329,501560,18-02-2024,30,Male,Mumbai,Affluent,Salary,UPI Payment,3710.36,18012.76,631,Yes,Personal,67216.31,8.73,Closed,High,Investment,Mobile App,Active,No,4,,
1003839,12033,503839,12-07-2026,49,Female,Mumbai,Affluent,Savings,UPI Payment,1402.46,21779.16,756,Yes,Education,25527.83,14.23,Active,Low,Personal Loan,Mobile App,Active,No,4,,
1001964,10630,501964,23-11-2025,33,Male,Jaipur,Mass Market,Salary,UPI Payment,12811.68,6128.09,659,No,None,0,0,No Loan,Medium,Home Loan,Branch,Active,No,3,,
1004743,12299,504743,04-05-2024,46,Male,Bengaluru,Mass Market,Savings,Card Payment,12272.74,40757.49,753,Yes,Home,12550.6,9.3,Closed,Low,Investment,ATM,Active,No,5,,
1000349,10838,500349,23-11-2025,35,Male,Mumbai,Affluent,Current,Deposit,4152.37,19564.29,722,Yes,Personal,86569.09,15.76,Defaulted,Medium,Credit Card,Branch,Active,Yes,3,,
1002435,12244,502435,22-05-2025,43,Male,Hyderabad,Affluent,Savings,UPI Payment,1334.17,7807.67,675,No,None,0,0,No Loan,Medium,Personal Loan,ATM,Active,No,4,,
1002247,10463,502247,20-03-2025,21,Male,Mumbai,Premium,Current,Deposit,4586.37,35949.74,749,No,None,0,0,No Loan,Medium,Personal Loan,ATM,Active,No,4,,
1004467,11252,504467,13-01-2025,54,Female,Ahmedabad,Mass Market,Salary,ATM,1683.95,9410.86,706,No,None,0,0,No Loan,Medium,Credit Card,Internet Banking,Dormant,No,4,,
1001710,10969,501710,07-06-2026,34,Male,Delhi,Affluent,Salary,Card Payment,5970.47,50603.9,590,No,None,0,0,No Loan,High,Home Loan,Mobile App,Active,No,5,,
1001051,11902,501051,30-11-2024,47,Male,Lucknow,High Net Worth,Savings,UPI Payment,2266.29,14672.62,622,Yes,Auto,39954.75,9.14,Approved,High,Investment,Internet Banking,Active,No,5,,
1000591,11947,500591,26-05-2024,43,Male,Mumbai,Affluent,Current,Transfer,24643.28,6654.92,745,No,None,0,0,No Loan,Medium,Insurance,Branch,Active,No,,,
1000520,10500,500520,09-04-2025,33,Female,Bengaluru,Mass Market,Savings,Card Payment,1628.47,84513.95,747,Yes,Business,33317.33,11.66,Defaulted,Medium,Personal Loan,Mobile App,Dormant,No,5,,
1004504,11711,504504,27-05-2026,51,Female,Ahmedabad,Mass Market,Salary,UPI Payment,7501.04,33200.24,694,Yes,Personal,51153.17,11.7,Approved,Medium,Fixed Deposit,Mobile App,Active,No,4,,
1004754,12018,504754,08-01-2026,48,Male,Bengaluru,Mass Market,Fixed Deposit,ATM,1016.64,12810.79,764,No,None,0,0,No Loan,Low,Investment,ATM,Active,No,5,,
1002478,11634,502478,09-09-2025,32,Female,Hyderabad,Mass Market,Savings,UPI Payment,7888.41,20988.06,747,No,None,0,0,No Loan,Medium,Fixed Deposit,Mobile App,Active,No,4,,
1001084,11309,501084,07-04-2024,33,Male,Delhi,Affluent,Savings,Card Payment,7294.99,6738.31,669,Yes,Education,53401.47,9.56,Active,Medium,Credit Card,Branch,Active,No,5,,
1003607,12387,503607,09-03-2024,45,Male,Chennai,Mass Market,Savings,UPI Payment,4788.75,6474.13,630,No,None,0,0,No Loan,High,Personal Loan,Internet Banking,Active,Yes,2,,
1004789,10187,504789,09-02-2026,23,Female,Bengaluru,Affluent,Salary,Card Payment,4609.02,8493.53,672,No,None,0,0,No Loan,Medium,Fixed Deposit,Internet Banking,Active,No,5,,
1004520,10852,504520,03-04-2024,30,Female,Jaipur,Premium,Savings,Deposit,1068.29,7570.38,733,Yes,Business,56419.32,11.49,Approved,Medium,Credit Card,Mobile App,Active,No,4,,
1001295,12274,501295,23-04-2024,43,Female,Chennai,High Net Worth,Savings,Deposit,5866.88,124646.35,639,No,None,0,0,No Loan,High,Fixed Deposit,Branch,Active,No,5,,
1001810,10012,501810,09-01-2025,43,Male,Delhi,Mass Market,Current,Transfer,2914.98,22381.93,744,No,None,0,0,No Loan,Medium,Personal Loan,Mobile App,Inactive,No,5,,
1000792,11990,500792,25-01-2026,48,Male,Ahmedabad,Mass Market,Savings,UPI Payment,4650.17,46679.13,703,No,None,0,0,No Loan,Medium,Insurance,Internet Banking,Active,No,5,,
1000793,11313,500793,30-09-2024,47,Male,Chennai,Mass Market,Current,Deposit,3624.97,23875.58,588,Yes,Auto,72686.34,13.24,Active,High,Credit Card,Mobile App,Active,Yes,3,,
1004319,11414,504319,22-07-2024,30,Male,Jaipur,Affluent,Savings,UPI Payment,1425.81,153643.03,717,No,None,0,0,No Loan,Medium,Fixed Deposit,Mobile App,Active,No,4,,
1001856,10445,501856,12-06-2026,34,Male,Ahmedabad,Premium,Current,UPI Payment,1720.54,32903.93,702,Yes,Personal,114774.87,8.32,Closed,Medium,Fixed Deposit,Mobile App,Active,No,4,,
1004768,11802,504768,12-10-2025,46,Female,Ahmedabad,Affluent,Current,Withdrawal,2146.06,17907.39,700,No,None,0,0,No Loan,Medium,Savings Account,Mobile App,Active,Yes,2,,
1001981,11687,501981,10-12-2025,52,Male,Ahmedabad,Mass Market,Savings,Deposit,1609.11,26499.16,737,No,None,0,0,No Loan,Medium,Personal Loan,Branch,Active,Yes,1,,
1003234,10329,503234,20-06-2024,28,Male,Kolkata,Affluent,Savings,Transfer,2082.56,7352.17,772,Yes,Home,56977.26,14.48,Active,Low,Personal Loan,ATM,Active,No,5,,
1003927,11921,503927,09-12-2024,35,Male,Jaipur,Premium,Savings,UPI Payment,1487.99,22882.01,685,No,None,0,0,No Loan,Medium,Fixed Deposit,Phone Banking,Active,No,3,,
1003401,12498,503401,14-10-2025,52,Female,Chennai,Affluent,Salary,UPI Payment,7429.12,21697.21,742,Yes,Business,21961.53,7.08,Approved,Medium,Savings Account,Mobile App,Active,Yes,3,,
1003329,10026,503329,01-03-2026,39,Female,Lucknow,Mass Market,Current,UPI Payment,3977.99,45502.3,605,No,None,0,0,No Loan,High,Savings Account,Mobile App,Active,No,4,,
1001531,10779,501531,19-03-2024,25,Female,Kolkata,Mass Market,Savings,Card Payment,1621.71,28215.84,664,No,None,0,0,No Loan,Medium,Credit Card,Branch,Inactive,Yes,5,,
1001411,11350,501411,21-06-2026,23,Female,Hyderabad,Mass Market,Savings,Withdrawal,5766.08,9309.82,613,No,None,0,0,No Loan,High,Credit Card,Mobile App,Active,No,5,,
1004305,11235,504305,01-08-2025,47,Male,Chennai,Mass Market,Current,Card Payment,4888.37,120256.99,629,No,None,0,0,No Loan,High,Savings Account,Mobile App,Dormant,No,4,,
1004981,11752,504981,11-04-2025,57,Female,Ahmedabad,Premium,Savings,UPI Payment,7063.45,13635.4,734,No,None,0,0,No Loan,Medium,Fixed Deposit,Mobile App,Active,No,4,,
1000084,11153,500084,28-08-2026,33,Female,Hyderabad,Premium,Savings,ATM,2589.07,21481.96,578,Yes,Education,115269.78,13.79,Closed,High,Fixed Deposit,Mobile App,Inactive,No,3,,
1000869,10334,500869,27-06-2024,34,Female,Bengaluru,Affluent,Salary,Deposit,1163.76,85302.73,768,No,None,0,0,No Loan,Low,Fixed Deposit,Internet Banking,Dormant,No,4,,
1002351,10476,502351,27-01-2026,33,Male,Ahmedabad,Mass Market,Current,Withdrawal,885.38,20126.63,839,No,None,0,0,No Loan,Low,Savings Account,Phone Banking,Dormant,No,3,,
1000021,11185,500021,11-12-2025,51,Male,Hyderabad,Affluent,Current,ATM,7403.51,41128.43,636,No,None,0,0,No Loan,High,Insurance,ATM,Active,No,5,,
1003440,11630,503440,27-03-2025,35,Male,Jaipur,Mass Market,Savings,UPI Payment,911.4,15663.33,761,No,None,0,0,No Loan,Low,Insurance,Mobile App,Active,No,3,,
1002796,10404,502796,15-02-2026,54,Male,Jaipur,Mass Market,Savings,Withdrawal,2856.46,35677.45,592,No,None,0,0,No Loan,High,Personal Loan,Internet Banking,Active,Yes,4,,
1004583,11720,504583,21-06-2025,33,Male,Lucknow,Premium,Savings,Card Payment,6172.76,86403.6,635,No,None,0,0,No Loan,High,Personal Loan,Mobile App,Active,No,5,,
1001563,10317,501563,20-12-2024,52,Male,Hyderabad,Mass Market,Current,Card Payment,3618.34,16442.96,679,Yes,Home,51709.11,7.28,Active,Medium,Insurance,Mobile App,Active,No,5,,
1003094,10547,503094,31-08-2026,41,Female,Chennai,Mass Market,Savings,Deposit,1003.31,5580.41,824,Yes,Home,66427.83,10.96,Closed,Low,Credit Card,Branch,Active,No,3,,
1003156,11951,503156,10-05-2026,33,Female,Delhi,Mass Market,Savings,ATM,1807.48,13489,668,No,None,0,0,No Loan,Medium,Savings Account,ATM,Active,No,5,,
1000974,11206,500974,19-07-2025,40,Male,Hyderabad,Mass Market,Salary,Card Payment,6741.92,36277.87,647,Yes,Business,115520.12,12.52,Active,High,Fixed Deposit,Branch,Active,No,4,,
1001711,11317,501711,23-09-2024,40,Female,Lucknow,Mass Market,Salary,Transfer,3509.92,23702.67,643,Yes,Auto,110267.52,15.66,Active,High,Savings Account,Phone Banking,Dormant,No,5,,
1003202,10929,503202,15-10-2024,22,Female,Jaipur,Mass Market,Savings,Deposit,4098.4,35322.98,681,No,None,0,0,No Loan,Medium,Credit Card,Mobile App,Active,No,5,,
1004000,10644,504000,23-01-2026,52,Male,Hyderabad,Mass Market,Current,Deposit,7484.8,19130.42,708,No,None,0,0,No Loan,Medium,Personal Loan,ATM,Active,No,4,,
1004830,10970,504830,31-07-2024,67,Male,Chennai,Mass Market,Salary,UPI Payment,2262.68,7531.99,725,No,None,0,0,No Loan,Medium,Investment,Internet Banking,Active,No,4,,
1001099,11758,501099,27-07-2024,21,Female,Lucknow,Mass Market,Savings,Withdrawal,6029.9,80916.86,831,Yes,Business,90656.49,9.22,Closed,Low,Home Loan,Internet Banking,Active,No,4,,
1004261,11984,504261,20-05-2024,45,Male,Chennai,Mass Market,Salary,UPI Payment,609.43,46008.57,684,No,None,0,0,No Loan,Medium,Home Loan,Mobile App,Active,No,3,,
1002845,11775,502845,08-11-2025,33,Male,Mumbai,Mass Market,Salary,Transfer,9397.89,62922.67,736,No,None,0,0,No Loan,Medium,Home Loan,Phone Banking,Active,No,5,,
1000887,11773,500887,09-01-2025,32,Female,Bengaluru,Mass Market,Salary,Card Payment,2577.89,119212.38,610,No,None,0,0,No Loan,High,Fixed Deposit,Internet Banking,Active,No,5,,
1004942,11385,504942,05-01-2025,29,Male,Lucknow,Premium,Current,ATM,5800.07,13049.21,681,Yes,Education,30140.6,10.28,Closed,Medium,Savings Account,Internet Banking,Active,No,5,,
1004850,10950,504850,15-12-2025,29,,Chennai,High Net Worth,Fixed Deposit,Transfer,7609.7,38022.69,737,Yes,Business,104415.4,9.14,Defaulted,Medium,Savings Account,Internet Banking,Active,No,4,,
1004591,10552,504591,06-12-2025,46,Male,Bengaluru,Affluent,Current,UPI Payment,4797.72,8623.3,697,No,None,0,0,No Loan,Medium,Personal Loan,ATM,Active,Yes,3,,
1003831,10974,503831,01-08-2024,32,Female,Jaipur,Affluent,Current,UPI Payment,4281.81,23566.1,769,No,None,0,0,No Loan,Low,Savings Account,ATM,Active,Yes,3,,
1004412,11867,504412,29-11-2024,43,Male,Hyderabad,Premium,Salary,Deposit,1462.53,28054.87,600,No,None,0,0,No Loan,High,Savings Account,ATM,Active,No,5,,
1000516,11520,500516,03-01-2025,42,Female,Kolkata,Mass Market,Current,Card Payment,9753.87,186464.78,683,No,None,0,0,No Loan,Medium,Personal Loan,Mobile App,Active,No,3,,
1004631,10986,504631,10-07-2026,27,Male,Hyderabad,Affluent,Savings,Card Payment,5466.75,24028.34,771,No,None,0,0,No Loan,Low,Savings Account,ATM,Active,Yes,5,,
1000738,11277,500738,17-08-2026,25,Female,Lucknow,Mass Market,Fixed Deposit,Withdrawal,4212.18,20557.04,702,Yes,Education,107503.44,13.41,Approved,Medium,Credit Card,Mobile App,Active,No,5,,
1001454,10516,501454,18-10-2024,47,Male,Jaipur,Premium,Savings,Transfer,2262.32,51742.34,789,Yes,Personal,300642.96,9.21,Active,Low,Insurance,Branch,Active,No,,,
1003990,10635,503990,30-09-2025,46,Female,Lucknow,Mass Market,Salary,Withdrawal,4350.26,25803.62,706,Yes,Home,41870.99,8.59,Active,Medium,Personal Loan,Phone Banking,Dormant,No,4,,
1004711,11448,504711,26-02-2024,39,Male,Lucknow,High Net Worth,Savings,Deposit,1976.73,28211.85,672,No,None,0,0,No Loan,Medium,Credit Card,Mobile App,Dormant,Yes,3,,
1002507,11902,502507,09-11-2024,31,Male,Ahmedabad,Mass Market,Salary,Deposit,3133.76,57994.55,717,Yes,Home,22229.47,10.78,Active,Medium,Insurance,ATM,Dormant,No,5,,
1002995,11135,502995,30-06-2026,46,Female,Mumbai,Mass Market,Current,Deposit,960.43,39008.73,734,No,None,0,0,No Loan,Medium,Insurance,Branch,Inactive,No,4,,
1002127,10744,502127,15-04-2026,41,Male,Chennai,Mass Market,Savings,UPI Payment,5075.31,89288,694,No,None,0,0,No Loan,Medium,Insurance,Mobile App,Active,No,5,,
1002927,12373,502927,24-03-2026,48,Male,Bengaluru,Affluent,Current,Withdrawal,10138.94,36589.11,671,No,None,0,0,No Loan,Medium,Insurance,Mobile App,Active,No,5,,
1004756,10495,504756,11-07-2024,38,Male,Lucknow,Mass Market,Current,UPI Payment,9187.09,169077.6,752,No,None,0,0,No Loan,Low,Fixed Deposit,Branch,Active,No,5,,
1000907,11971,500907,03-08-2024,47,Female,Lucknow,Affluent,Current,Transfer,807.57,29699.24,734,Yes,Auto,9565.66,12,Approved,Medium,Insurance,Mobile App,Active,No,4,,
1003666,11693,503666,11-03-2026,21,Female,Kolkata,Mass Market,Salary,UPI Payment,4183.68,30444.16,590,No,None,0,0,No Loan,High,Home Loan,Mobile App,Active,No,4,,
1001031,12080,501031,21-03-2025,42,Female,Kolkata,Mass Market,Salary,UPI Payment,1127.22,47554.77,699,Yes,Education,45651.04,7.95,Active,Medium,Personal Loan,ATM,Active,No,4,,
1002508,10884,502508,27-06-2024,29,Female,Ahmedabad,Mass Market,Salary,Transfer,5676.96,45323.98,677,No,None,0,0,No Loan,Medium,Insurance,Mobile App,Active,No,5,,
1002429,11252,502429,23-04-2025,39,Female,Kolkata,Affluent,Savings,Card Payment,2510.97,46249.45,850,No,None,0,0,No Loan,Low,Savings Account,Mobile App,Active,No,5,,
1000948,11866,500948,02-07-2026,42,Female,Chennai,Mass Market,Savings,ATM,1197.02,1460.76,762,Yes,Auto,92484.39,15.35,Closed,Low,Credit Card,Mobile App,Active,No,5,,
1003825,10256,503825,29-12-2024,23,Male,Hyderabad,Mass Market,Savings,UPI Payment,768.45,14815.74,737,No,None,0,0,No Loan,Medium,Home Loan,ATM,Active,No,4,,
1004086,10455,504086,01-01-2025,57,Male,Chennai,Premium,Savings,ATM,9151.89,9462.11,759,No,None,0,0,No Loan,Low,Personal Loan,Mobile App,Active,No,4,,
1000716,12281,500716,20-06-2025,26,Male,Mumbai,Mass Market,Savings,ATM,17654.29,17076.66,677,Yes,Business,28169.62,9.57,Closed,Medium,Personal Loan,ATM,Active,No,3,,
1004074,10769,504074,08-02-2026,42,Male,Pune,Premium,Savings,UPI Payment,1575.34,49384.34,756,Yes,Education,34244.72,10.32,Active,Low,Investment,ATM,Inactive,No,4,,
1000687,11354,500687,14-05-2024,45,Male,Mumbai,Mass Market,Salary,UPI Payment,13305.74,5977.92,671,No,None,0,0,No Loan,Medium,Insurance,Mobile App,Active,No,4,,
1000704,10281,500704,11-08-2025,34,Male,Delhi,Affluent,Salary,UPI Payment,633.59,49328.1,741,Yes,Personal,247690.25,10.67,Closed,Medium,Fixed Deposit,Internet Banking,Active,No,,,
1003342,10686,503342,12-05-2024,21,Male,Hyderabad,Affluent,Current,Withdrawal,8388.82,8723.13,795,No,None,0,0,No Loan,Low,Savings Account,Mobile App,Active,No,5,,
1002354,11020,502354,21-03-2024,41,Male,Bengaluru,Affluent,Current,ATM,3547.39,1819.92,673,No,None,0,0,No Loan,Medium,Fixed Deposit,Mobile App,Active,No,3,,
1002258,11377,502258,31-08-2025,36,Male,Mumbai,Affluent,Salary,Card Payment,2291.74,41587.02,723,No,None,0,0,No Loan,Medium,Home Loan,Mobile App,Active,No,4,,
1003568,10509,503568,20-01-2024,45,Female,Pune,Affluent,Savings,Card Payment,7674.36,29266.87,743,No,None,0,0,No Loan,Medium,Investment,Internet Banking,Active,No,4,,
1000474,10729,500474,20-10-2024,29,Other,Jaipur,Premium,Savings,Card Payment,2853.73,16543.8,767,Yes,Home,182944.3,9.36,Active,Low,Savings Account,Mobile App,Active,No,4,,
1000022,10460,500022,11-07-2025,21,Female,Bengaluru,Affluent,Savings,Card Payment,1173.72,27986.57,687,Yes,Home,46448.36,12.82,Closed,Medium,Home Loan,Mobile App,Active,Yes,2,,
1002753,10132,502753,29-01-2024,40,Female,Kolkata,Affluent,Savings,Transfer,11999.3,41588.43,748,No,None,0,0,No Loan,Medium,Fixed Deposit,Mobile App,Active,No,5,,
1000886,10601,500886,15-04-2024,21,Male,Ahmedabad,Affluent,Savings,Withdrawal,13483.96,93100.69,719,No,None,0,0,No Loan,Medium,Fixed Deposit,ATM,Inactive,Yes,2,,
1002449,10165,502449,01-01-2026,41,Female,Ahmedabad,Affluent,Fixed Deposit,Deposit,4931.34,2946.81,671,Yes,Education,38497.63,7.28,Approved,Medium,Credit Card,Mobile App,Dormant,No,5,,
1000918,11255,500918,11-04-2025,29,Male,Chennai,Mass Market,Savings,Transfer,3864.58,29126.08,625,No,None,0,0,No Loan,High,Personal Loan,Mobile App,Active,No,4,,
1004438,10493,504438,22-07-2026,36,Female,Delhi,Mass Market,Fixed Deposit,Deposit,1346,48659.69,663,Yes,Personal,64934.31,9.77,Closed,Medium,Home Loan,Phone Banking,Active,No,4,,
1004677,11214,504677,27-09-2025,42,Female,Mumbai,Premium,Savings,UPI Payment,2997.71,40453.36,736,No,None,0,0,No Loan,Medium,Fixed Deposit,Mobile App,Inactive,No,4,,
1002240,10256,502240,24-05-2024,26,Female,Mumbai,Affluent,Savings,ATM,2579.25,5225.67,715,Yes,Auto,114087.72,15.12,Active,Medium,Credit Card,Internet Banking,Active,No,5,,
1003863,11572,503863,09-08-2026,38,Male,Jaipur,Affluent,Current,Transfer,1811.31,176977.18,747,No,None,0,0,No Loan,Medium,Home Loan,Internet Banking,Inactive,No,5,,
1003396,12173,503396,01-08-2026,58,Female,Delhi,Mass Market,Current,Deposit,1493.53,170425.62,703,No,None,0,0,No Loan,Medium,Insurance,Branch,Active,No,4,,
1001266,10266,501266,05-05-2024,21,Male,Hyderabad,Premium,Savings,Withdrawal,599.31,60069.72,597,Yes,Education,246840.63,10.62,Closed,High,Credit Card,Phone Banking,Active,No,5,,
1000484,11820,500484,18-06-2026,27,Female,Chennai,Mass Market,Fixed Deposit,UPI Payment,3594.74,53329.03,688,No,None,0,0,No Loan,Medium,Personal Loan,Mobile App,Active,No,4,,
1004348,11230,504348,08-09-2025,34,Female,Lucknow,Mass Market,Savings,UPI Payment,3480.18,13442.54,638,No,None,0,0,No Loan,High,Personal Loan,Branch,Inactive,No,4,,
1002964,10059,502964,01-02-2026,35,Male,Mumbai,Mass Market,Savings,UPI Payment,1374.81,6484.83,646,No,None,0,0,No Loan,High,Fixed Deposit,Mobile App,Active,No,5,,
1001220,10727,501220,14-04-2025,41,Male,Bengaluru,Affluent,Savings,Withdrawal,1063.51,23913.11,748,Yes,Personal,110880.61,14.85,Approved,Medium,Savings Account,Mobile App,Dormant,No,5,,
1000278,10798,500278,11-10-2025,52,Female,Pune,Affluent,Salary,UPI Payment,8409.04,36119.46,662,No,None,0,0,No Loan,Medium,Investment,Mobile App,Active,No,3,,
1000989,12123,500989,15-06-2026,21,Female,Delhi,Affluent,Salary,Card Payment,1185.39,138479.06,756,No,None,0,0,No Loan,Low,Home Loan,Mobile App,Active,No,4,,
1002085,11598,502085,13-08-2024,64,Female,Jaipur,Affluent,Savings,UPI Payment,1676,38813.29,605,No,None,0,0,No Loan,High,Investment,ATM,Active,Yes,3,,
1001246,12462,501246,19-04-2026,27,Female,Lucknow,Mass Market,Savings,UPI Payment,9982.71,16222.26,599,No,None,0,0,No Loan,High,Insurance,Internet Banking,Active,No,5,,
1002383,12302,502383,02-09-2025,23,Female,Jaipur,Affluent,Savings,Card Payment,6469.28,3366.95,637,No,None,0,0,No Loan,High,Investment,Internet Banking,Active,No,4,,
1000572,11257,500572,27-05-2024,29,Male,Jaipur,Affluent,Savings,Withdrawal,636.71,17546.01,694,Yes,Auto,152998.91,13.44,Closed,Medium,Investment,Mobile App,Active,No,5,,
1001436,12258,501436,17-08-2026,37,Female,Hyderabad,Mass Market,Current,Card Payment,8619.01,28107.63,796,No,None,0,0,No Loan,Low,Investment,Branch,Active,No,4,,
1000994,10939,500994,08-12-2025,43,Male,Bengaluru,Mass Market,Salary,Transfer,1300.72,112759.82,723,No,None,0,0,No Loan,Medium,Home Loan,Phone Banking,Inactive,No,4,,
1003468,10947,503468,07-04-2026,39,Female,Hyderabad,Affluent,Savings,UPI Payment,850.78,10958.27,,No,None,0,0,No Loan,Medium,Home Loan,Branch,Active,No,4,,
1003998,10040,503998,06-04-2025,45,Other,Chennai,Mass Market,Salary,Deposit,5460.27,484466.58,664,No,None,0,0,No Loan,Medium,Fixed Deposit,Internet Banking,Active,No,5,,
1000586,10090,500586,23-04-2024,47,Male,Kolkata,Affluent,Fixed Deposit,Withdrawal,1674.16,25003.57,735,No,None,0,0,No Loan,Medium,Credit Card,Branch,Active,No,5,,
1003677,10425,503677,25-02-2026,27,Female,Hyderabad,Mass Market,Savings,ATM,9723.95,92357.07,742,No,None,0,0,No Loan,Medium,Savings Account,Phone Banking,Active,No,5,,
1002515,10782,502515,20-11-2025,58,Female,Ahmedabad,Affluent,Savings,Deposit,18988.2,98252.57,719,Yes,Home,89997.77,13.13,Active,Medium,Fixed Deposit,ATM,Active,Yes,2,,
1001350,11626,501350,10-03-2026,24,Male,Kolkata,Mass Market,Salary,Withdrawal,1275.25,64270.45,751,No,None,0,0,No Loan,Low,Investment,Mobile App,Active,No,5,,
1001008,10285,501008,20-06-2024,30,Male,Mumbai,Affluent,Salary,Card Payment,2031.74,10372.48,563,No,None,0,0,No Loan,High,Insurance,Internet Banking,Active,No,3,,
1000675,11332,500675,06-09-2025,30,Male,Kolkata,Mass Market,Fixed Deposit,Transfer,1509.83,10873.6,793,No,None,0,0,No Loan,Low,Insurance,Mobile App,Dormant,No,4,,
1002413,12462,502413,12-04-2024,43,Female,Pune,Affluent,Salary,Card Payment,2219.97,29033.05,715,No,None,0,0,No Loan,Medium,Credit Card,Mobile App,Inactive,No,4,,
1002904,10360,502904,13-03-2024,37,Male,Ahmedabad,Mass Market,Savings,Withdrawal,704.95,46482.33,636,No,None,0,0,No Loan,High,Personal Loan,Mobile App,Active,No,3,,
1000448,10115,500448,19-02-2025,46,Female,Pune,Affluent,Current,Withdrawal,283.38,32206.97,724,Yes,Business,135051.87,12.43,Approved,Medium,Savings Account,Branch,Active,No,5,,
1003489,10615,503489,13-07-2024,45,Male,Ahmedabad,Mass Market,Savings,Deposit,778.44,17061.41,722,No,None,0,0,No Loan,Medium,Investment,Mobile App,Active,No,3,,
1004905,10016,504905,12-01-2026,30,Male,Ahmedabad,Affluent,Salary,ATM,3725.92,5119.82,772,No,None,0,0,No Loan,Low,Personal Loan,Internet Banking,Active,No,4,,
1003722,11814,503722,16-01-2024,31,Female,Chennai,Affluent,Savings,Withdrawal,1862.77,11762.74,703,No,None,0,0,No Loan,Medium,Investment,Mobile App,Active,No,5,,
1000360,10047,500360,24-01-2025,40,Male,Pune,Affluent,Savings,Card Payment,2825.5,12843.67,701,No,None,0,0,No Loan,Medium,Personal Loan,ATM,Active,Yes,2,,
1002065,10149,502065,12-05-2026,21,Male,Lucknow,Affluent,Current,ATM,798.57,12623.71,626,No,None,0,0,No Loan,High,Insurance,Internet Banking,Active,No,4,,
1004460,11574,504460,15-08-2024,21,Male,Jaipur,Mass Market,Savings,Withdrawal,2296.59,91894.93,694,Yes,Personal,245964.61,14.27,Active,Medium,Credit Card,Mobile App,Active,No,4,,
1003829,12136,503829,31-08-2024,54,Female,Hyderabad,Affluent,Savings,Transfer,499.77,6585.78,678,No,None,0,0,No Loan,Medium,Fixed Deposit,Branch,Active,Yes,4,,
1001691,10576,501691,06-06-2025,34,Male,Kolkata,Affluent,Salary,UPI Payment,834.97,3459.02,738,No,None,0,0,No Loan,Medium,Personal Loan,ATM,Active,No,3,,
1004337,11475,504337,11-06-2025,33,Male,Hyderabad,Mass Market,Salary,Card Payment,1315.66,54611.66,700,No,None,0,0,No Loan,Medium,Personal Loan,Internet Banking,Active,No,4,,
1001549,11950,501549,25-03-2025,37,Female,Lucknow,Affluent,Savings,Transfer,918.91,127767.22,794,Yes,Business,39890.56,7.23,Approved,Low,Personal Loan,Internet Banking,Active,No,5,,
1001248,10759,501248,24-11-2025,35,Female,Lucknow,Mass Market,Savings,UPI Payment,824.46,34311.64,726,No,None,0,0,No Loan,Medium,Fixed Deposit,Branch,Active,Yes,3,,
1001986,12011,501986,26-01-2024,43,Male,Pune,Mass Market,Savings,Transfer,6378.05,64918.53,664,Yes,Auto,46229.32,8.35,Closed,Medium,Fixed Deposit,Mobile App,Active,No,4,,
1000295,10302,500295,02-03-2025,30,Male,Bengaluru,Mass Market,Savings,Withdrawal,1265.68,38416.72,647,No,None,0,0,No Loan,High,Savings Account,Mobile App,Active,No,4,,
1001548,11769,501548,10-05-2024,27,Female,Ahmedabad,Mass Market,Savings,Deposit,2675.28,216035.24,633,Yes,Home,175291.58,12.85,Defaulted,High,Personal Loan,Mobile App,Inactive,No,5,,
1002013,11429,502013,24-08-2025,21,Female,Kolkata,Premium,Savings,UPI Payment,3098.47,21626.54,688,No,None,0,0,No Loan,Medium,Savings Account,Mobile App,Active,No,5,,
1000589,10041,500589,14-03-2025,43,Female,Ahmedabad,Affluent,Fixed Deposit,UPI Payment,2817.14,16708.51,668,No,None,0,0,No Loan,Medium,Credit Card,Branch,Active,Yes,2,,
1003330,11418,503330,08-10-2025,21,Female,Kolkata,Mass Market,Savings,UPI Payment,2830.11,31322.36,674,No,None,0,0,No Loan,Medium,Insurance,Internet Banking,Active,No,3,,
1002404,11852,502404,08-03-2025,35,Female,Ahmedabad,Affluent,Savings,Transfer,3509.69,15328.75,615,No,None,0,0,No Loan,High,Investment,Internet Banking,Active,No,4,,
1002130,11949,502130,16-06-2026,41,Male,Chennai,Mass Market,Savings,Card Payment,1355.53,164963.26,696,Yes,Auto,222156.9,9.55,Defaulted,Medium,Savings Account,Mobile App,Active,Yes,4,,
1004399,11591,504399,01-03-2026,28,Male,Mumbai,Affluent,Salary,UPI Payment,305.57,77556.5,717,No,None,0,0,No Loan,Medium,Home Loan,Branch,Inactive,No,3,,
1002411,10876,502411,05-04-2024,36,Female,Mumbai,Mass Market,Fixed Deposit,Withdrawal,3326.99,26529.5,631,No,None,0,0,No Loan,High,Savings Account,Internet Banking,Active,No,3,,
1002720,10494,502720,11-05-2026,47,Male,Ahmedabad,Mass Market,Salary,Card Payment,1479.97,29349.3,698,Yes,Business,27391.37,10.84,Approved,Medium,Savings Account,Mobile App,Active,No,3,,
1004565,10360,504565,11-08-2025,33,Male,Hyderabad,Affluent,Savings,Deposit,1135.06,8532.09,715,No,None,0,0,No Loan,Medium,Savings Account,Mobile App,Active,No,4,,
1000426,12208,500426,13-05-2024,33,Male,Delhi,Mass Market,Fixed Deposit,Card Payment,11671.53,11939.35,628,Yes,Education,35390.35,9.84,Active,High,Savings Account,Internet Banking,Active,No,5,,
1002583,12244,502583,28-06-2024,38,Male,Bengaluru,Premium,Savings,Withdrawal,1221.31,48488.75,642,Yes,Personal,167891.19,11.89,Approved,High,Credit Card,Internet Banking,Active,No,5,,
1001055,11824,501055,27-09-2024,23,Male,Ahmedabad,Affluent,Savings,UPI Payment,2231.6,113780.23,718,No,None,0,0,No Loan,Medium,Credit Card,Branch,Dormant,No,4,,
1003985,12381,503985,08-10-2024,33,Female,Mumbai,Mass Market,Savings,Withdrawal,3351.17,10871.38,766,Yes,Personal,29846.14,12.42,Active,Low,Insurance,ATM,Active,No,5,,
1004573,10891,504573,05-09-2025,24,Male,Chennai,Affluent,Savings,UPI Payment,1693.59,29097.12,767,Yes,Home,79309.9,15.69,Active,Low,Savings Account,Internet Banking,Active,No,5,,
1000557,10134,500557,08-03-2024,41,Other,Bengaluru,Mass Market,Savings,Withdrawal,1563.74,27003.08,703,No,None,0,0,No Loan,Medium,Personal Loan,Mobile App,Active,No,5,,
1004369,10337,504369,25-09-2025,29,Male,Hyderabad,Mass Market,Salary,Transfer,3140.16,27426.03,738,Yes,Auto,24566.07,12.21,Active,Medium,Insurance,Internet Banking,Active,No,5,,
1003957,11097,503957,05-11-2025,21,Male,Lucknow,Mass Market,Savings,Deposit,11245.08,10698.59,680,No,None,0,0,No Loan,Medium,Fixed Deposit,Mobile App,Active,No,4,,
1004723,11425,504723,29-03-2025,36,Other,Jaipur,Mass Market,Savings,ATM,7004.51,16283.95,672,No,None,0,0,No Loan,Medium,Savings Account,Mobile App,Dormant,No,5,,
1002470,11688,502470,07-04-2025,28,Female,Ahmedabad,Mass Market,Savings,Withdrawal,3148.07,71097.28,718,No,None,0,0,No Loan,Medium,Credit Card,Branch,Active,Yes,2,,
1004721,10835,504721,28-12-2024,27,Female,Kolkata,Premium,Salary,Card Payment,3468.57,62707.64,739,Yes,Home,210328.12,11.76,Active,Medium,Personal Loan,ATM,Active,No,4,,
1000356,11220,500356,07-05-2026,38,Female,Jaipur,Mass Market,Salary,Transfer,3648.85,20954.57,729,No,None,0,0,No Loan,Medium,Home Loan,Branch,Active,No,4,,
1001194,11342,501194,24-11-2025,50,Female,Kolkata,Mass Market,Salary,Deposit,16069.22,17536.2,658,Yes,Education,78392.1,10.82,Active,Medium,Credit Card,Branch,Active,No,4,,
1001717,11083,501717,30-06-2025,46,Female,Hyderabad,Affluent,Savings,UPI Payment,509.9,46927.02,615,No,None,0,0,No Loan,High,Investment,Mobile App,Active,No,4,,
1003417,12122,503417,03-02-2024,34,Female,Hyderabad,Mass Market,Salary,Card Payment,1285.4,11060.69,763,Yes,Education,154415.3,11.15,Closed,Low,Insurance,Mobile App,Active,No,5,,
1002605,10190,502605,04-04-2026,40,Female,Chennai,Mass Market,Savings,UPI Payment,3256.84,49617.11,821,No,None,0,0,No Loan,Low,Personal Loan,ATM,Active,No,5,,
1004359,11151,504359,23-07-2026,24,Male,Kolkata,Mass Market,Salary,ATM,1210.49,7449.94,665,No,None,0,0,No Loan,Medium,Investment,Mobile App,Dormant,No,3,,
1002829,11953,502829,13-09-2024,35,Male,Delhi,Premium,Savings,Withdrawal,3172.26,67638.26,694,Yes,Education,28919.73,15.17,Active,Medium,Savings Account,Mobile App,Active,No,4,,
1001705,10620,501705,12-06-2025,28,Female,Lucknow,Mass Market,Savings,UPI Payment,2479.17,9789.3,684,No,None,0,0,No Loan,Medium,Home Loan,Mobile App,Active,No,5,,
1002864,11564,502864,02-05-2026,37,Female,Chennai,Affluent,Salary,UPI Payment,1426.77,24192.03,850,Yes,Auto,255214.99,8.71,Active,Low,Savings Account,Internet Banking,Active,No,4,,
1002619,11675,502619,30-06-2025,44,Female,Pune,Affluent,Savings,Card Payment,470.05,44090.92,735,No,None,0,0,No Loan,Medium,Insurance,ATM,Active,No,4,,
1002401,11862,502401,21-10-2025,27,Female,Ahmedabad,Affluent,Current,Card Payment,478.45,231494.93,707,No,None,0,0,No Loan,Medium,Fixed Deposit,Internet Banking,Active,No,5,,
1002140,12077,502140,13-07-2025,31,Male,Pune,Mass Market,Fixed Deposit,Withdrawal,272.1,13866.8,646,No,None,0,0,No Loan,High,Credit Card,Internet Banking,Active,No,4,,
1003240,11197,503240,24-04-2026,58,Male,Kolkata,Mass Market,Current,Card Payment,3148.39,98399.52,803,No,None,0,0,No Loan,Low,Insurance,Phone Banking,Active,No,5,,
1002384,12029,502384,05-10-2024,48,Female,Kolkata,Mass Market,Savings,UPI Payment,7519.6,107519.7,730,No,None,0,0,No Loan,Medium,Fixed Deposit,Mobile App,Active,Yes,2,,
1003219,11379,503219,05-03-2025,37,Female,Pune,Affluent,Savings,UPI Payment,10745.13,9667.41,680,No,None,0,0,No Loan,Medium,Home Loan,Mobile App,Active,No,5,,
1004193,10640,504193,20-08-2024,30,Male,Pune,Affluent,Savings,UPI Payment,9085.74,7423.09,729,Yes,Home,35846.7,9.35,Active,Medium,Investment,Internet Banking,Active,No,5,,
1001286,12109,501286,04-10-2024,31,Female,Pune,Affluent,Savings,Deposit,3217.36,16978.04,685,No,None,0,0,No Loan,Medium,Credit Card,Phone Banking,Active,No,4,,
1003815,12042,503815,10-06-2025,21,Female,Jaipur,Affluent,Savings,Withdrawal,1184.68,25823.78,699,No,None,0,0,No Loan,Medium,Credit Card,Internet Banking,Active,No,4,,
1003859,11773,503859,14-04-2026,37,Male,Delhi,Mass Market,Savings,UPI Payment,582.12,13189.45,660,Yes,Personal,22470.83,13.21,Active,Medium,Home Loan,Mobile App,Active,No,3,,
1004479,11962,504479,05-07-2025,24,Male,Ahmedabad,Affluent,Savings,UPI Payment,3590.31,362801.09,719,No,None,0,0,No Loan,Medium,Savings Account,ATM,Active,No,5,,
1002088,12203,502088,10-02-2026,38,Male,Mumbai,Mass Market,Savings,Withdrawal,2587.56,288451.32,728,No,None,0,0,No Loan,Medium,Credit Card,ATM,Active,Yes,3,,
1001890,10581,501890,12-07-2024,55,Male,Mumbai,Affluent,Savings,UPI Payment,2631.42,47954.75,752,No,None,0,0,No Loan,Low,Insurance,Internet Banking,Active,No,5,,
1004900,10130,504900,15-04-2024,39,Male,Kolkata,Premium,Current,Withdrawal,7324.21,5425.56,758,No,None,0,0,No Loan,Low,Home Loan,Branch,Active,Yes,5,,
1001592,10971,501592,27-05-2024,28,Male,Jaipur,Mass Market,Savings,Deposit,1552.54,12736.44,684,Yes,Business,96311.11,10.26,Defaulted,Medium,Credit Card,Branch,Active,No,4,,
1001347,12376,501347,13-10-2025,37,Male,Bengaluru,Mass Market,Savings,Deposit,1553.74,78027.11,708,No,None,0,0,No Loan,Medium,Home Loan,Internet Banking,Dormant,No,3,,
1004442,11736,504442,13-02-2024,38,Female,Bengaluru,Premium,Fixed Deposit,UPI Payment,4465.48,2369.56,763,Yes,Business,79467.38,8.45,Approved,Low,Savings Account,Mobile App,Active,No,5,,
1002163,10232,502163,03-01-2025,53,Female,Ahmedabad,Mass Market,Fixed Deposit,Deposit,23480.96,33978.41,685,Yes,Business,168180.86,15.96,Defaulted,Medium,Personal Loan,Branch,Active,Yes,4,,
1002397,11626,502397,05-03-2026,42,Male,Jaipur,Mass Market,Savings,Withdrawal,3837.8,24435.59,678,No,None,0,0,No Loan,Medium,Home Loan,Mobile App,Active,No,5,,
1003662,10569,503662,26-01-2026,43,Male,Chennai,Mass Market,Savings,ATM,2725.31,38444.8,730,No,None,0,0,No Loan,Medium,Investment,Mobile App,Active,Yes,2,,
1002272,12177,502272,11-08-2026,43,Male,Hyderabad,Mass Market,Salary,ATM,2548.17,240453.69,674,Yes,Home,93870.63,14.19,Closed,Medium,Home Loan,Mobile App,Active,Yes,3,,
1004501,11187,504501,18-01-2026,25,Female,Chennai,Mass Market,Current,UPI Payment,1184.94,60809.09,634,No,None,0,0,No Loan,High,Savings Account,ATM,Active,No,4,,
1003112,11681,503112,23-10-2024,39,Male,Pune,Affluent,Savings,ATM,46116.55,13918.01,738,Yes,Home,103269.67,7.3,Closed,Medium,Fixed Deposit,Mobile App,Active,No,5,,
1001138,10455,501138,13-06-2024,29,Male,Hyderabad,Mass Market,Savings,Card Payment,1309.1,2731.42,740,No,None,0,0,No Loan,Medium,Fixed Deposit,Internet Banking,Active,No,3,,
1004594,12433,504594,28-11-2025,21,Male,Delhi,Affluent,Current,UPI Payment,2644.98,7545.75,729,No,None,0,0,No Loan,Medium,Personal Loan,Mobile App,Active,No,5,,
1000973,12468,500973,21-01-2024,37,Male,Delhi,Affluent,Savings,Deposit,12726.37,15538.51,684,No,None,0,0,No Loan,Medium,Insurance,Internet Banking,Active,No,5,,
1000796,11734,500796,25-01-2026,34,Male,Chennai,Affluent,Savings,Transfer,1943.79,142291.46,596,No,None,0,0,No Loan,High,Investment,Branch,Active,No,4,,
1003021,11208,503021,18-02-2024,21,Male,Pune,Affluent,Salary,ATM,6378.94,51471.55,703,Yes,Education,38697.47,14.21,Defaulted,Medium,Credit Card,Mobile App,Active,No,5,,
1001712,11044,501712,25-02-2025,32,Female,Jaipur,Mass Market,Salary,UPI Payment,1562.12,92361.2,799,No,None,0,0,No Loan,Low,Fixed Deposit,Phone Banking,Active,No,5,,
1003388,10886,503388,21-06-2025,35,Male,Chennai,Affluent,Savings,Withdrawal,569.93,31229.93,690,Yes,Education,64282.5,14.5,Active,Medium,Credit Card,ATM,Active,No,5,,
1000037,12069,500037,07-09-2025,42,Male,,Affluent,Salary,Card Payment,3147.32,10105.45,676,No,None,0,0,No Loan,Medium,Insurance,Mobile App,Active,No,5,,
1000454,10729,500454,24-04-2025,28,Male,Hyderabad,Affluent,Current,UPI Payment,4530.82,73144.44,739,No,None,0,0,No Loan,Medium,Personal Loan,ATM,Active,No,4,,
1000914,11693,500914,30-06-2025,30,Female,Ahmedabad,Mass Market,Savings,Deposit,898.64,14553.89,574,Yes,Education,99597.06,12.18,Active,High,Home Loan,ATM,Active,No,5,,
1004099,11115,504099,14-09-2025,44,Male,Kolkata,Affluent,Current,Deposit,12379.16,4603.52,800,No,None,0,0,No Loan,Low,Insurance,Branch,Inactive,No,5,,
1001200,12422,501200,07-07-2024,42,Male,Bengaluru,Affluent,Savings,Deposit,1556.21,48874.04,745,Yes,Personal,146979.65,15.98,Active,Medium,Credit Card,Branch,Active,No,5,,
1001275,10146,501275,21-04-2024,42,Female,Kolkata,Premium,Savings,Deposit,2043.55,18614.31,588,No,None,0,0,No Loan,High,Credit Card,ATM,Active,No,3,,
1002376,11597,502376,23-12-2025,21,Male,Bengaluru,Affluent,Salary,UPI Payment,1569.4,6935.79,632,No,None,0,0,No Loan,High,Personal Loan,Branch,Active,No,4,,
1000038,12215,500038,06-02-2026,21,Female,Chennai,Mass Market,Savings,Withdrawal,2643.87,19996.6,764,No,None,0,0,No Loan,Low,Savings Account,Internet Banking,Inactive,No,5,,
1000975,11855,500975,02-07-2024,27,Male,Mumbai,Mass Market,Current,Transfer,2547.88,23487.45,777,Yes,Auto,15930.86,12.21,Approved,Low,Credit Card,Branch,Active,No,4,,
1003196,12011,503196,03-08-2025,40,Male,Lucknow,Premium,Fixed Deposit,UPI Payment,8659.13,46266.61,755,No,None,0,0,No Loan,Low,Home Loan,Mobile App,Active,No,4,,
1000984,10937,500984,26-12-2025,38,Female,Mumbai,Mass Market,Savings,Deposit,5940.63,9486.26,786,No,None,0,0,No Loan,Low,Credit Card,ATM,Active,Yes,3,,
1003923,10946,503923,06-06-2024,53,Male,Jaipur,Premium,Savings,ATM,1324.82,15560.44,754,No,None,0,0,No Loan,Low,Personal Loan,ATM,Active,No,4,,
1004088,10077,504088,14-12-2024,28,Male,Chennai,Mass Market,Current,Transfer,10005.58,48999.19,735,Yes,Home,101781.72,8.49,Active,Medium,Personal Loan,Internet Banking,Active,No,5,,
1001419,12383,501419,12-04-2024,31,Male,Bengaluru,Premium,Current,UPI Payment,15105.06,190811.21,658,No,None,0,0,No Loan,Medium,Home Loan,ATM,Inactive,No,5,,
1003333,11092,503333,07-06-2025,41,Male,Jaipur,Affluent,Fixed Deposit,Transfer,4903.82,9638.62,718,No,None,0,0,No Loan,Medium,Credit Card,Internet Banking,Active,No,5,,
1001561,11896,501561,20-07-2025,50,Female,Lucknow,Affluent,Fixed Deposit,UPI Payment,6769.09,284108.4,606,No,None,0,0,No Loan,High,Insurance,ATM,Active,No,5,,
1000040,12436,500040,24-07-2024,41,Male,Ahmedabad,Mass Market,Current,Withdrawal,3088.63,73985,766,No,None,0,0,No Loan,Low,Home Loan,Mobile App,Inactive,No,3,,
1001487,11681,501487,13-11-2024,36,Female,Pune,Mass Market,Fixed Deposit,Withdrawal,1337.67,52311.93,740,Yes,Personal,29288.03,10.29,Active,Medium,Personal Loan,Internet Banking,Active,No,5,,
1003902,10115,503902,13-08-2024,37,Female,Jaipur,Mass Market,Savings,UPI Payment,22669.33,17029,738,Yes,Education,27974.82,7.56,Closed,Medium,Home Loan,ATM,Active,No,4,,
1000170,10002,500170,01-10-2024,40,Female,Jaipur,Affluent,Savings,Card Payment,4144.5,11032.82,657,Yes,Business,32460.6,8.71,Closed,Medium,Credit Card,ATM,Active,No,5,,
1001356,10973,501356,15-05-2025,42,Female,Kolkata,Premium,Salary,Transfer,2905.98,53375.63,761,No,None,0,0,No Loan,Low,Home Loan,Branch,Active,Yes,5,,
1002786,11848,502786,03-12-2025,27,Male,Mumbai,Mass Market,Savings,Transfer,1674.64,39502.26,702,Yes,Auto,74184.03,15.01,Closed,Medium,Savings Account,Branch,Active,No,3,,
1003651,12439,503651,13-02-2026,21,Female,Pune,Affluent,Savings,ATM,2003.53,9769.62,742,No,None,0,0,No Loan,Medium,Home Loan,Mobile App,Active,No,4,,
1004759,11017,504759,01-07-2025,21,Female,Delhi,Mass Market,Current,Transfer,3270.15,4659.09,732,No,None,0,0,No Loan,Medium,Fixed Deposit,Mobile App,Active,No,4,,
1004023,11289,504023,15-04-2025,55,Female,Hyderabad,Mass Market,Current,Withdrawal,1785.23,14899.12,593,Yes,Home,27753.83,15.85,Active,High,Home Loan,Internet Banking,Inactive,No,4,,
1002683,10980,502683,07-01-2025,27,Female,Chennai,Mass Market,Salary,Deposit,2132.51,35980,802,No,None,0,0,No Loan,Low,Personal Loan,Internet Banking,Inactive,No,5,,
1004715,11765,504715,21-07-2024,30,Female,Ahmedabad,High Net Worth,Savings,Deposit,1969.07,13124.45,653,No,None,0,0,No Loan,Medium,Insurance,Mobile App,Active,No,4,,
1004044,12348,504044,11-09-2025,21,Male,Mumbai,Affluent,Current,UPI Payment,1726.74,16285.54,812,No,None,0,0,No Loan,Low,Home Loan,Mobile App,Inactive,No,5,,
1001641,10186,501641,02-12-2024,38,Female,Chennai,Affluent,Salary,UPI Payment,5032.28,9750.86,791,No,None,0,0,No Loan,Low,Home Loan,Branch,Active,No,5,,
1001291,11326,501291,22-07-2025,29,Female,Mumbai,Premium,Current,UPI Payment,1130.16,51450.09,700,No,None,0,0,No Loan,Medium,Savings Account,Internet Banking,Active,No,4,,
1001381,10191,501381,08-04-2026,51,,Mumbai,Affluent,Savings,Deposit,15092.44,15808.52,741,No,None,0,0,No Loan,Medium,Home Loan,Mobile App,Active,No,4,,
1001934,12197,501934,10-08-2025,31,Female,Lucknow,Mass Market,Savings,ATM,6835.28,27291.54,736,Yes,Personal,100586.17,8.15,Approved,Medium,Savings Account,Mobile App,Active,No,4,,
1000580,10358,500580,04-01-2025,21,Female,Lucknow,Affluent,Savings,Withdrawal,4013.25,7341.24,706,Yes,Education,525913.26,9.7,Active,Medium,Insurance,Internet Banking,Active,No,5,,
1004230,11095,504230,22-01-2024,36,Male,Hyderabad,Affluent,Savings,Transfer,1842.29,11497.64,716,No,None,0,0,No Loan,Medium,Personal Loan,Mobile App,Active,No,4,,
1003161,11465,503161,02-08-2026,36,Female,Jaipur,Mass Market,Savings,Deposit,1447.13,95652.77,730,Yes,Personal,237010.98,13.91,Active,Medium,Insurance,ATM,Active,Yes,2,,
1002031,11961,502031,24-04-2026,45,Male,Jaipur,Mass Market,Savings,Deposit,6524.81,10497.43,801,No,None,0,0,No Loan,Low,Personal Loan,Internet Banking,Inactive,No,5,,
1000893,11319,500893,09-08-2025,42,Male,Bengaluru,Mass Market,Savings,Card Payment,5232.15,29775.11,678,Yes,Business,110903.51,10.32,Active,Medium,Savings Account,ATM,Active,No,5,,
1004588,10897,504588,30-10-2025,22,Male,Hyderabad,Affluent,Salary,Withdrawal,4457.86,137390.83,743,No,None,0,0,No Loan,Medium,Personal Loan,ATM,Active,No,4,,
1000781,10111,500781,21-01-2024,37,Female,Delhi,Affluent,Savings,UPI Payment,5494.45,18450.54,683,No,None,0,0,No Loan,Medium,Investment,Internet Banking,Inactive,Yes,1,,
1000160,11496,500160,14-03-2025,29,Female,Bengaluru,Premium,Salary,Deposit,2134.11,18294.66,642,No,None,0,0,No Loan,High,Savings Account,Mobile App,Active,No,5,,
1000003,11131,500003,02-05-2024,29,Female,Lucknow,Mass Market,Salary,UPI Payment,2602.06,19418.86,686,No,None,0,0,No Loan,Medium,Savings Account,Internet Banking,Active,No,4,,
1002264,12461,502264,12-01-2025,44,Female,Bengaluru,Mass Market,Salary,UPI Payment,1454.08,32905.44,763,No,None,0,0,No Loan,Low,Savings Account,Internet Banking,Active,No,4,,
1003217,11024,503217,02-03-2024,43,Female,Jaipur,Affluent,Current,Card Payment,1131.63,21838.97,796,No,None,0,0,No Loan,Low,Home Loan,Internet Banking,Active,No,5,,
1002110,10672,502110,08-05-2026,38,Male,Delhi,Affluent,Current,ATM,951.74,28777.33,638,Yes,Education,108916.59,14.32,Active,High,Home Loan,Internet Banking,Active,No,3,,
1000850,10261,500850,02-07-2025,31,Female,Jaipur,Premium,Salary,Transfer,537.75,23815.87,794,No,None,0,0,No Loan,Low,Credit Card,Branch,Active,No,5,,
1002738,11448,502738,02-06-2024,32,Female,Hyderabad,Affluent,Savings,UPI Payment,13476.74,21116.6,722,No,None,0,0,No Loan,Medium,Fixed Deposit,Internet Banking,Active,No,4,,
1002467,10598,502467,08-11-2025,34,Male,Kolkata,Premium,Current,UPI Payment,2790.4,9553.31,752,No,None,0,0,No Loan,Low,Investment,Branch,Active,Yes,2,,
1004010,12365,504010,15-07-2024,61,Male,Pune,Mass Market,Current,Withdrawal,2705.99,32157.41,749,No,None,0,0,No Loan,Medium,Savings Account,Branch,Dormant,No,5,,
1003669,12370,503669,04-02-2025,23,Male,Pune,Premium,Current,Transfer,2303.69,18662.31,818,No,None,0,0,No Loan,Low,Credit Card,Branch,Inactive,No,5,,
1001597,12170,501597,21-03-2026,21,Male,Ahmedabad,Mass Market,Savings,UPI Payment,2243.21,21444.09,707,No,None,0,0,No Loan,Medium,Fixed Deposit,Mobile App,Active,Yes,3,,
1001777,11348,501777,30-07-2024,35,Female,Jaipur,Affluent,Fixed Deposit,ATM,979.71,8388.62,640,No,None,0,0,No Loan,High,Fixed Deposit,Internet Banking,Active,No,4,,
1001914,11242,501914,29-06-2025,35,Male,Lucknow,Affluent,Salary,ATM,3676.43,31931.53,792,No,None,0,0,No Loan,Low,Savings Account,ATM,Active,No,5,,
1001044,10947,501044,19-09-2025,53,Male,Lucknow,Premium,Salary,Deposit,1613.21,23269.66,716,Yes,Home,83975.19,9.82,Active,Medium,Fixed Deposit,Branch,Inactive,No,5,,
1004783,10784,504783,09-09-2024,34,Other,Bengaluru,Mass Market,Savings,Card Payment,1465.48,3779.86,652,Yes,Business,508022.97,13.27,Active,Medium,Fixed Deposit,Mobile App,Dormant,No,5,,
1001545,12044,501545,03-12-2024,31,Male,Pune,Mass Market,Salary,Transfer,1690.56,3926.1,638,Yes,Auto,232889.55,14.59,Approved,High,Home Loan,ATM,Active,No,4,,
1002737,10343,502737,11-08-2024,36,Female,Mumbai,Mass Market,Savings,Deposit,8582.12,11686.7,632,No,None,0,0,No Loan,High,Credit Card,Mobile App,Active,No,4,,
1003725,10025,503725,13-03-2026,27,Male,Kolkata,Mass Market,Fixed Deposit,Withdrawal,1136.76,44294.1,788,Yes,Auto,168930.61,8.27,Closed,Low,Savings Account,Mobile App,Active,No,5,,
1004628,10407,504628,27-05-2026,47,Male,Hyderabad,Affluent,Savings,UPI Payment,2088.64,18962.05,716,No,None,0,0,No Loan,Medium,Home Loan,Internet Banking,Active,No,5,,
1000054,11586,500054,24-07-2026,36,Male,Mumbai,Premium,Savings,Transfer,976.12,44824.7,728,No,None,0,0,No Loan,Medium,Insurance,Branch,Active,No,4,,
1001797,10736,501797,04-05-2026,32,Male,Ahmedabad,Mass Market,Savings,UPI Payment,9013.98,26190.12,771,No,None,0,0,No Loan,Low,Fixed Deposit,Mobile App,Active,No,3,,
1003589,11498,503589,09-07-2026,40,Male,Bengaluru,Affluent,Current,Deposit,3690.03,120012.28,,No,None,0,0,No Loan,Low,Investment,Branch,Active,No,4,,
1001912,12350,501912,19-05-2024,30,Female,Chennai,Mass Market,Savings,UPI Payment,1460.05,52888.38,771,Yes,Personal,184760.85,14.35,Closed,Low,Credit Card,Mobile App,Active,No,4,,
1002307,10227,502307,30-09-2025,52,Female,Lucknow,Mass Market,Salary,Transfer,7678.04,55214.88,704,No,None,0,0,No Loan,Medium,Credit Card,ATM,Inactive,No,5,,
1002554,10040,502554,27-04-2025,36,Other,Delhi,Affluent,Current,UPI Payment,2289.81,16433.77,680,No,None,0,0,No Loan,Medium,Credit Card,Mobile App,Active,No,4,,
1002801,11969,502801,07-07-2024,40,Male,Lucknow,Affluent,Current,ATM,1092.57,98394.2,631,Yes,Auto,314225.9,10.68,Closed,High,Home Loan,Mobile App,Active,No,5,,
1000937,12063,500937,03-12-2025,56,Female,Kolkata,Mass Market,Savings,UPI Payment,15049.73,41242.57,638,No,None,0,0,No Loan,High,Savings Account,Internet Banking,Active,No,5,,
1004439,10192,504439,30-07-2024,33,Male,Mumbai,Mass Market,Salary,ATM,5479.37,34307.71,676,No,None,0,0,No Loan,Medium,Insurance,Mobile App,Active,No,5,,
1000825,11669,500825,10-02-2026,36,,Jaipur,Mass Market,Salary,Card Payment,2397.75,18016.6,805,Yes,Business,69724,11.02,Active,Low,Investment,Internet Banking,Active,No,5,,
1004744,10841,504744,19-03-2024,65,Male,Bengaluru,Affluent,Savings,Card Payment,512.6,23531.41,679,No,None,0,0,No Loan,Medium,Savings Account,Internet Banking,Dormant,No,5,,
1003179,11643,503179,23-07-2025,21,Female,Delhi,Mass Market,Savings,Card Payment,2960.39,20663.78,790,No,None,0,0,No Loan,Low,Insurance,Internet Banking,Active,No,5,,
1003402,10930,503402,25-12-2025,35,Female,Chennai,Affluent,Savings,Transfer,1108.18,75454.67,719,No,None,0,0,No Loan,Medium,Personal Loan,Mobile App,Active,No,5,,
1001390,12411,501390,20-12-2025,47,Male,Chennai,Premium,Salary,Withdrawal,2353.92,116025.5,615,No,None,0,0,No Loan,High,Investment,Mobile App,Active,No,3,,
1003565,10407,503565,29-07-2026,47,Female,Delhi,Mass Market,Salary,Withdrawal,3355.46,34955.17,541,Yes,Education,64752.2,11.63,Active,High,Savings Account,Internet Banking,Active,No,4,,
1004887,10163,504887,06-03-2025,42,Female,Jaipur,Mass Market,Savings,Transfer,3636.91,70868.75,752,No,None,0,0,No Loan,Low,Home Loan,Internet Banking,Active,No,4,,
1000885,10132,500885,01-01-2026,22,Female,Lucknow,Affluent,Savings,Withdrawal,799.72,4297.25,727,No,None,0,0,No Loan,Medium,Investment,Mobile App,Active,No,5,,
1004358,10308,504358,07-08-2025,29,Other,Kolkata,Mass Market,Salary,UPI Payment,2023.61,56793.64,739,No,None,0,0,No Loan,Medium,Home Loan,Branch,Active,No,4,,
1001608,10312,501608,20-08-2026,21,Female,Bengaluru,Affluent,Current,Withdrawal,2810.34,11097.56,653,No,None,0,0,No Loan,Medium,Fixed Deposit,Internet Banking,Active,No,4,,
1001595,11325,501595,20-08-2024,21,Female,Bengaluru,Mass Market,Fixed Deposit,Transfer,4104.88,9163.75,727,No,None,0,0,No Loan,Medium,Savings Account,Mobile App,Active,No,5,,
1000772,12193,500772,17-01-2026,40,Male,Kolkata,High Net Worth,Savings,Deposit,2869.1,11513.81,616,No,None,0,0,No Loan,High,Savings Account,Mobile App,Inactive,No,4,,
1002612,10943,502612,18-12-2024,47,,Mumbai,Mass Market,Fixed Deposit,Deposit,7241.16,36661.73,746,No,None,0,0,No Loan,Medium,Investment,Phone Banking,Active,No,5,,
1003873,10662,503873,13-07-2025,23,Female,Kolkata,Mass Market,Salary,UPI Payment,1517.75,19493.62,765,No,None,0,0,No Loan,Low,Home Loan,Mobile App,Active,No,4,,
1002274,11285,502274,16-06-2025,39,Male,Jaipur,Mass Market,Salary,Card Payment,9576.39,26128.87,721,No,None,0,0,No Loan,Medium,Insurance,Phone Banking,Active,No,5,,
1001869,12189,501869,16-08-2024,21,Male,Chennai,Mass Market,Salary,Transfer,1046.95,19091.87,766,No,None,0,0,No Loan,Low,Insurance,Internet Banking,Active,Yes,2,,
1001086,10514,501086,16-05-2025,31,Female,Jaipur,Mass Market,Salary,Transfer,5555.69,52312.98,702,No,None,0,0,No Loan,Medium,Credit Card,Internet Banking,Active,No,5,,
1000011,12136,500011,06-04-2025,27,Female,Bengaluru,Mass Market,Savings,Deposit,3110.66,70788.67,817,No,None,0,0,No Loan,Low,Personal Loan,ATM,Active,No,5,,
1003847,11153,503847,30-09-2024,35,Female,Kolkata,Premium,Current,Withdrawal,2236.67,146875.72,594,No,None,0,0,No Loan,High,Credit Card,Mobile App,Inactive,No,4,,
1001326,12377,501326,25-01-2025,40,Female,Lucknow,Mass Market,Current,UPI Payment,15875.58,46667.14,640,No,None,0,0,No Loan,High,Savings Account,Mobile App,Inactive,No,4,,
1003391,11414,503391,08-04-2024,28,Male,Delhi,Affluent,Current,Card Payment,6176.69,133812.89,671,No,None,0,0,No Loan,Medium,Home Loan,Internet Banking,Active,No,4,,
1001464,11563,501464,22-03-2025,36,Male,Delhi,High Net Worth,Savings,Withdrawal,14224.77,18118.9,789,Yes,Auto,59729.56,7.27,Defaulted,Low,Insurance,Mobile App,Active,No,4,,
1000807,11247,500807,02-06-2024,28,Male,Bengaluru,Affluent,Current,Deposit,1713.52,12021.56,653,No,None,0,0,No Loan,Medium,Insurance,Mobile App,Active,No,4,,
1003754,10043,503754,07-04-2025,31,Male,Kolkata,Mass Market,Savings,Transfer,2273.36,11285.51,678,No,None,0,0,No Loan,Medium,Credit Card,Phone Banking,Active,No,3,,
1004004,10898,504004,29-12-2024,31,Female,Jaipur,Premium,Savings,Withdrawal,4004.3,46474.06,649,No,None,0,0,No Loan,High,Credit Card,Branch,Active,No,4,,
1003790,10275,503790,04-03-2026,45,Female,Kolkata,Premium,Current,Transfer,7385.09,57747.41,,No,None,0,0,No Loan,Medium,Investment,ATM,Active,No,5,,
1002109,10173,502109,07-09-2024,28,Male,Kolkata,Mass Market,Savings,Deposit,4757.78,25457.18,789,No,None,0,0,No Loan,Low,Investment,Mobile App,Inactive,No,5,,
1004246,10360,504246,27-08-2024,33,Male,Ahmedabad,Affluent,Salary,Withdrawal,1745.37,10689.52,730,No,None,0,0,No Loan,Medium,Investment,Mobile App,Inactive,No,5,,
1004967,10578,504967,18-05-2025,32,Female,Lucknow,Affluent,Salary,Deposit,4027.12,37381.59,722,No,None,0,0,No Loan,Medium,Investment,ATM,Active,No,4,,
1002235,10647,502235,25-03-2024,49,Male,Chennai,Affluent,Savings,Transfer,3732.25,7722.3,765,No,None,0,0,No Loan,Low,Personal Loan,Mobile App,Active,No,3,,
1003212,11317,503212,09-09-2024,48,Female,Bengaluru,Mass Market,Savings,Deposit,2202.89,78734.42,701,No,None,0,0,No Loan,Medium,Insurance,Mobile App,Active,No,4,,
1000964,10127,500964,10-10-2024,34,Female,Ahmedabad,Premium,Salary,ATM,3724.24,113321.25,834,Yes,Personal,53552.26,12.12,Active,Low,Insurance,Branch,Inactive,No,4,,
1003416,12469,503416,04-07-2024,42,Female,Bengaluru,Mass Market,Salary,ATM,1870.17,17837.45,654,No,None,0,0,No Loan,Medium,Personal Loan,Phone Banking,Dormant,No,5,,
1003772,12347,503772,19-08-2024,36,Female,Kolkata,Premium,Savings,Transfer,2177.25,7372.09,733,No,None,0,0,No Loan,Medium,Home Loan,Internet Banking,Active,No,4,,
1000399,11009,500399,07-08-2026,51,Male,Jaipur,Affluent,Current,Deposit,2691.15,8678.96,792,No,None,0,0,No Loan,Low,Insurance,Mobile App,Active,No,3,,
1002633,11684,502633,01-08-2025,52,Female,Delhi,Mass Market,Current,Transfer,4678.26,33202.29,753,No,None,0,0,No Loan,Low,Insurance,Branch,Active,No,3,,
1004862,10841,504862,06-12-2025,33,Female,Kolkata,Affluent,Salary,Card Payment,4077.77,71046.6,848,Yes,Education,58259.58,7.87,Active,Low,Credit Card,Internet Banking,Active,No,4,,
1002997,10996,502997,30-01-2026,24,Male,Lucknow,Mass Market,Salary,Withdrawal,4221.08,20468.18,590,No,None,0,0,No Loan,High,Savings Account,Internet Banking,Active,No,4,,
1000705,11888,500705,25-06-2024,43,Male,Hyderabad,Affluent,Salary,ATM,803.68,60610.36,722,No,None,0,0,No Loan,Medium,Personal Loan,Branch,Active,No,3,,
1000432,10957,500432,20-07-2025,22,Female,Hyderabad,Premium,Savings,ATM,7920.9,1660.52,680,No,None,0,0,No Loan,Medium,Savings Account,Mobile App,Active,No,5,,
1000293,11061,500293,01-07-2026,32,Female,Lucknow,Premium,Current,Transfer,1402.58,8889.08,707,Yes,Home,29196.29,15.67,Active,Medium,Fixed Deposit,Internet Banking,Active,No,5,,
1004878,11834,504878,11-02-2024,50,Female,Jaipur,Affluent,Savings,UPI Payment,1355.45,39965.32,842,No,None,0,0,No Loan,Low,Home Loan,Mobile App,Active,No,4,,
1000146,11307,500146,26-01-2024,47,Female,Bengaluru,Mass Market,Fixed Deposit,Transfer,6946.12,54172.24,850,No,None,0,0,No Loan,Low,Home Loan,Internet Banking,Active,No,5,,
1004156,11449,504156,18-03-2026,41,Male,Bengaluru,Premium,Salary,UPI Payment,8503.86,25517.96,668,Yes,Home,79878.27,12.46,Defaulted,Medium,Home Loan,Mobile App,Active,No,4,,
1002034,10964,502034,30-12-2024,61,Male,Kolkata,Affluent,Savings,Deposit,3806.5,7538.81,713,No,None,0,0,No Loan,Medium,Fixed Deposit,Internet Banking,Inactive,No,4,,
1004216,11775,504216,09-09-2024,35,Male,Ahmedabad,Affluent,Current,UPI Payment,2133.62,33643.85,745,Yes,Personal,95958.88,10.43,Active,Medium,Insurance,Internet Banking,Active,No,4,,
1001166,12027,501166,11-05-2024,33,Female,Kolkata,Affluent,Fixed Deposit,Card Payment,1912.22,29486.32,708,No,None,0,0,No Loan,Medium,Insurance,Internet Banking,Active,No,5,,
1003501,12013,503501,27-01-2025,21,Female,Kolkata,Mass Market,Savings,ATM,4060.09,124529.67,804,Yes,Business,76780.96,12.28,Active,Low,Insurance,Internet Banking,Active,No,5,,
1002051,11541,502051,08-08-2025,39,Male,Jaipur,Mass Market,Savings,Withdrawal,13117.78,118284.28,709,No,None,0,0,No Loan,Medium,Insurance,Mobile App,Active,No,4,,
1002625,11090,502625,12-06-2026,32,Male,Bengaluru,Mass Market,Savings,Deposit,7727.74,36795.98,717,No,None,0,0,No Loan,Medium,Personal Loan,Internet Banking,Active,No,4,,
1004389,10913,504389,18-02-2025,53,Male,Delhi,Mass Market,Current,Transfer,861.24,110762.76,570,Yes,Business,86561.37,9.13,Closed,High,Personal Loan,Mobile App,Active,No,4,,
1000340,10854,500340,04-10-2024,42,,Chennai,Mass Market,Current,Card Payment,4370.39,7533.52,742,No,None,0,0,No Loan,Medium,Savings Account,Internet Banking,Active,No,5,,
1003898,10499,503898,26-05-2025,23,Female,Kolkata,Affluent,Fixed Deposit,UPI Payment,1314.02,41551.64,800,No,None,0,0,No Loan,Low,Fixed Deposit,Mobile App,Active,No,4,,
1003691,10219,503691,17-07-2026,41,Male,Chennai,Affluent,Fixed Deposit,UPI Payment,635.81,15352.2,693,Yes,Personal,56595.38,15.71,Approved,Medium,Insurance,Internet Banking,Active,No,4,,
1002974,10821,502974,02-04-2026,40,Female,Hyderabad,Mass Market,Fixed Deposit,UPI Payment,4920.74,330735.64,775,No,None,0,0,No Loan,Low,Personal Loan,Mobile App,Active,No,5,,
1000266,10460,500266,20-05-2025,21,Female,Jaipur,Mass Market,Current,ATM,8815.75,85947.08,547,Yes,Education,119810.21,13.45,Defaulted,High,Fixed Deposit,Branch,Inactive,Yes,4,,
1002425,10582,502425,22-03-2024,34,Male,Kolkata,Mass Market,Savings,UPI Payment,5296.43,1740.99,635,Yes,Education,63242.99,8.68,Active,High,Investment,Mobile App,Active,No,4,,
1001263,11772,501263,17-06-2025,21,Male,Hyderabad,Premium,Savings,Transfer,5578.21,99023.65,789,No,None,0,0,No Loan,Low,Home Loan,Internet Banking,Active,No,5,,
1001772,10575,501772,27-09-2025,61,Female,Chennai,Mass Market,Savings,Transfer,17454.41,178983.7,736,No,None,0,0,No Loan,Medium,Fixed Deposit,ATM,Active,No,3,,
1003512,11350,503512,09-07-2025,28,Female,Jaipur,Mass Market,Salary,Transfer,2193.32,7864.89,793,Yes,Auto,28852.15,14.26,Defaulted,Low,Fixed Deposit,Phone Banking,Active,No,4,,
1000272,12278,500272,02-06-2025,41,Female,Lucknow,Mass Market,Current,UPI Payment,4341.28,33425.91,813,Yes,Home,154362.52,8.79,Closed,Low,Insurance,ATM,Active,Yes,2,,
1000697,10761,500697,04-04-2026,49,Male,Pune,Mass Market,Savings,Transfer,932.76,26209.75,773,No,None,0,0,No Loan,Low,Credit Card,ATM,Active,No,4,,
1000748,10365,500748,04-03-2025,21,Male,Delhi,Affluent,Savings,Deposit,11867.33,29237.77,740,Yes,Business,24119.7,9.47,Active,Medium,Personal Loan,Internet Banking,Active,No,3,,
1000245,11497,500245,13-12-2024,36,Male,Chennai,Mass Market,Savings,UPI Payment,1978.32,62753.24,720,Yes,Personal,88382.01,15.91,Active,Medium,Insurance,Phone Banking,Active,No,4,,
1000318,10246,500318,19-10-2025,31,Female,Mumbai,Affluent,Current,Withdrawal,615.21,94385.4,689,No,None,0,0,No Loan,Medium,Home Loan,ATM,Active,No,5,,
1000477,10699,500477,26-05-2024,51,Male,Kolkata,Mass Market,Savings,Transfer,12344.46,15801.6,766,No,None,0,0,No Loan,Low,Insurance,Branch,Active,No,5,,
1002033,11677,502033,09-09-2025,34,Female,Pune,Mass Market,Savings,Card Payment,3479.09,18698.02,734,No,None,0,0,No Loan,Medium,Insurance,Mobile App,Active,No,5,,
1000958,10985,500958,26-11-2024,30,Female,Bengaluru,Mass Market,Current,UPI Payment,3665.27,17673.4,808,No,None,0,0,No Loan,Low,Home Loan,Internet Banking,Active,No,5,,
1003835,11365,503835,28-02-2024,36,Female,Delhi,Mass Market,Current,ATM,436.43,11217.69,689,Yes,Personal,20626.37,7.85,Closed,Medium,Fixed Deposit,Branch,Active,No,4,,
1000814,10646,500814,30-03-2026,38,Female,Kolkata,Mass Market,Savings,Card Payment,6948.12,157728.54,672,No,None,0,0,No Loan,Medium,Personal Loan,Mobile App,Active,No,4,,
1004181,10090,504181,24-04-2024,30,Male,Ahmedabad,Premium,Salary,UPI Payment,4214.21,28189.37,806,No,None,0,0,No Loan,Low,Fixed Deposit,Mobile App,Inactive,No,3,,
1001915,11126,501915,31-03-2026,42,Female,Mumbai,Mass Market,Savings,Withdrawal,14818.39,20156.36,800,No,None,0,0,No Loan,Low,Personal Loan,Internet Banking,Dormant,No,5,,
1004613,10590,504613,18-05-2024,38,Female,Bengaluru,Mass Market,Savings,Deposit,6654.73,42702.9,802,No,None,0,0,No Loan,Low,Credit Card,Mobile App,Active,No,5,,
1003488,10112,503488,24-06-2025,40,Female,Bengaluru,Mass Market,Savings,UPI Payment,4370.55,92235.37,739,No,None,0,0,No Loan,Medium,Insurance,Mobile App,Active,No,5,,
1001298,11608,501298,30-03-2026,31,Male,Hyderabad,Mass Market,Savings,Card Payment,3815.85,42888.85,591,No,None,0,0,No Loan,High,Home Loan,Internet Banking,Active,No,5,,
1004049,10858,504049,30-11-2024,50,Male,Jaipur,Affluent,Current,Transfer,2701.35,14226.7,649,Yes,Home,152887.11,11.77,Closed,High,Home Loan,Phone Banking,Active,No,5,,
1001805,12376,501805,01-12-2025,21,Male,Lucknow,Premium,Savings,ATM,7930.04,21842.22,721,Yes,Home,214097.69,9.94,Closed,Medium,Investment,Branch,Active,Yes,3,,
1000759,11907,500759,07-07-2026,53,Female,Hyderabad,Mass Market,Savings,Card Payment,1163.25,12456.21,537,No,None,0,0,No Loan,High,Investment,Mobile App,Active,No,5,,
1000251,10338,500251,14-05-2025,21,Female,Chennai,Mass Market,Salary,Transfer,5447.25,31233.23,664,No,None,0,0,No Loan,Medium,Home Loan,ATM,Active,No,5,,
1002462,10425,502462,07-06-2024,25,Female,Jaipur,Affluent,Savings,UPI Payment,2172.73,45977.37,607,No,None,0,0,No Loan,High,Personal Loan,Mobile App,Active,No,3,,
1000546,12435,500546,01-04-2024,25,Female,Hyderabad,Mass Market,Current,Transfer,5190.87,6209.89,680,No,None,0,0,No Loan,Medium,Insurance,Branch,Active,No,4,,
1003242,10162,503242,03-08-2025,31,Male,Lucknow,Affluent,Salary,UPI Payment,6370.4,34209.31,707,No,None,0,0,No Loan,Medium,Fixed Deposit,Mobile App,Active,No,3,,
1000739,11716,500739,28-08-2024,45,Female,Bengaluru,Mass Market,Fixed Deposit,Deposit,1989.87,58547.13,766,No,None,0,0,No Loan,Low,Fixed Deposit,ATM,Active,No,5,,
1000311,11347,500311,25-01-2026,46,Female,Lucknow,Affluent,Savings,ATM,621.45,136723.91,717,No,None,0,0,No Loan,Medium,Home Loan,Branch,Inactive,No,4,,
1003886,10597,503886,04-06-2025,49,Female,Lucknow,Mass Market,Savings,Transfer,5272.52,32367.93,737,Yes,Auto,62668.32,9.49,Active,Medium,Home Loan,Internet Banking,Active,No,5,,
1002942,10363,502942,06-01-2024,43,Male,Pune,Affluent,Savings,Deposit,783.77,11896.26,742,No,None,0,0,No Loan,Medium,Credit Card,ATM,Active,No,4,,
1001132,10731,501132,09-03-2024,25,Male,Hyderabad,Premium,Salary,UPI Payment,1657.68,139493.01,737,Yes,Education,214559.83,10.82,Closed,Medium,Investment,Mobile App,Active,No,5,,
1001450,10570,501450,12-05-2025,52,Male,Jaipur,Affluent,Savings,Card Payment,9744.56,18187.7,667,No,None,0,0,No Loan,Medium,Personal Loan,Mobile App,Active,No,4,,
1004930,10656,504930,15-06-2024,27,Male,Kolkata,Premium,Savings,UPI Payment,2690.36,38203.46,761,Yes,Business,57037.79,9.19,Closed,Low,Home Loan,Mobile App,Active,No,5,,
1000016,11516,500016,30-06-2026,31,Female,Delhi,Affluent,Savings,Deposit,942.68,96353.9,711,No,None,0,0,No Loan,Medium,Credit Card,Internet Banking,Active,Yes,2,,
1003233,10649,503233,19-03-2026,41,Female,Pune,Affluent,Savings,UPI Payment,1599.96,26090.81,694,No,None,0,0,No Loan,Medium,Savings Account,Mobile App,Active,No,5,,
1002770,11937,502770,20-04-2024,57,Male,Pune,Premium,Current,Transfer,5092.04,51291.96,679,No,None,0,0,No Loan,Medium,Credit Card,Phone Banking,Active,No,5,,
1003469,10661,503469,16-12-2024,21,Female,Kolkata,Mass Market,Current,Withdrawal,705.44,15830.62,694,No,None,0,0,No Loan,Medium,Personal Loan,Mobile App,Active,Yes,3,,
1000921,12205,500921,02-06-2025,23,Male,Chennai,Mass Market,Fixed Deposit,Deposit,2069.39,9470.27,728,No,None,0,0,No Loan,Medium,Savings Account,ATM,Active,No,4,,
1003030,11772,503030,16-07-2026,43,Female,Bengaluru,Mass Market,Savings,UPI Payment,1131.63,15593.18,676,Yes,Home,125890.91,15.78,Active,Medium,Personal Loan,Internet Banking,Active,No,4,,
1001373,12384,501373,06-04-2024,55,Male,Kolkata,High Net Worth,Fixed Deposit,Deposit,12091.7,3700.2,850,No,None,0,0,No Loan,Low,Personal Loan,Branch,Active,No,4,,
1003588,10065,503588,13-07-2025,47,Male,Mumbai,Premium,Savings,Deposit,4432.99,2600.95,785,No,None,0,0,No Loan,Low,Home Loan,ATM,Dormant,No,5,,
1002545,11234,502545,31-12-2025,49,Female,Kolkata,Affluent,Current,ATM,20904.52,27859.83,739,Yes,Education,48362.22,8.62,Defaulted,Medium,Investment,ATM,Active,No,5,,
1003599,11294,503599,27-11-2025,41,Male,Kolkata,Mass Market,Current,ATM,794.05,50454.39,739,No,None,0,0,No Loan,Medium,Insurance,Branch,Active,No,5,,
1000039,11298,500039,09-06-2026,42,Male,Chennai,Mass Market,Current,Deposit,2791.94,82141.58,733,No,None,0,0,No Loan,Medium,Fixed Deposit,Internet Banking,Active,No,5,,
1000364,11130,500364,25-10-2025,32,Female,Lucknow,Mass Market,Savings,ATM,2728.47,15428.31,792,No,None,0,0,No Loan,Low,Investment,Mobile App,Active,No,5,,
1004111,10508,504111,15-10-2024,30,Male,Delhi,Affluent,Current,UPI Payment,2503.81,146079.4,776,Yes,Personal,71674.26,14.61,Closed,Low,Personal Loan,Mobile App,Active,No,5,,
1000183,11440,500183,18-03-2025,46,Male,Jaipur,Affluent,Current,UPI Payment,16981.38,12726.71,662,Yes,Personal,71138.69,15.39,Closed,Medium,Personal Loan,Internet Banking,Active,No,4,,
1003034,11252,503034,20-09-2025,45,Male,Lucknow,Mass Market,Savings,ATM,2906.52,3639.58,796,No,None,0,0,No Loan,Low,Credit Card,Mobile App,Inactive,No,5,,
1002984,11004,502984,25-05-2025,41,Female,Bengaluru,Mass Market,Savings,Transfer,1335.84,53915.24,823,No,None,0,0,No Loan,Low,Investment,Mobile App,Active,No,4,,
1001195,10216,501195,30-08-2026,26,Male,Hyderabad,Mass Market,Salary,Card Payment,3825.79,74686.76,669,No,None,0,0,No Loan,Medium,Personal Loan,Phone Banking,Active,No,3,,
1002853,10959,502853,31-03-2025,30,Male,Bengaluru,Mass Market,Savings,Withdrawal,10331.01,41937.82,650,Yes,Auto,68231.27,9.09,Active,Medium,Insurance,Mobile App,Dormant,No,3,,
1003785,11328,503785,19-09-2025,35,,Delhi,Mass Market,Salary,Card Payment,2602.4,17070.75,741,No,None,0,0,No Loan,Medium,Credit Card,Mobile App,Inactive,No,4,,
1001122,11380,501122,17-05-2025,42,Female,Delhi,Mass Market,Fixed Deposit,Transfer,2859.51,17949.62,757,No,None,0,0,No Loan,Low,Investment,Mobile App,Active,No,5,,
1002236,10663,502236,30-01-2024,27,Female,Delhi,Mass Market,Fixed Deposit,Withdrawal,2176.02,13128.15,831,No,None,0,0,No Loan,Low,Personal Loan,Branch,Active,No,4,,
1002668,12047,502668,02-02-2026,32,Female,Hyderabad,Affluent,Current,Withdrawal,4545.1,76362.08,816,No,None,0,0,No Loan,Low,Credit Card,Internet Banking,Active,No,5,,
1003718,10821,503718,14-08-2025,40,Male,Chennai,Affluent,Salary,UPI Payment,16231.16,4307.27,690,Yes,Auto,76306.36,15.85,Active,Medium,Fixed Deposit,Mobile App,Active,No,5,,
1003224,11260,503224,12-01-2026,27,Female,Pune,Mass Market,Savings,Withdrawal,1810.04,4069.33,601,Yes,Education,41465.36,11,Closed,High,Savings Account,Mobile App,Active,No,4,,
1001183,11253,501183,08-04-2025,34,Female,Delhi,Premium,Savings,Withdrawal,4105.22,201891.87,735,Yes,Home,92225.04,11.46,Active,Medium,Investment,Mobile App,Active,No,4,,
1004194,12388,504194,13-07-2024,30,Male,Bengaluru,Affluent,Salary,UPI Payment,2349.14,59732.47,591,Yes,Personal,89372.17,12.28,Closed,High,Insurance,Mobile App,Active,No,5,,
1004304,10447,504304,24-04-2025,30,Male,Bengaluru,Affluent,Savings,Card Payment,5051.66,81612.12,794,Yes,Business,62372.73,15.33,Approved,Low,Home Loan,ATM,Active,No,4,,
1000615,11803,500615,09-05-2026,37,Female,Bengaluru,Affluent,Salary,Transfer,12013.62,27289.58,757,No,None,0,0,No Loan,Low,Fixed Deposit,Branch,Active,Yes,2,,
1004919,10559,504919,10-06-2026,41,Male,Bengaluru,Affluent,Salary,Card Payment,12597.78,16375.71,654,Yes,Home,17955.65,8.76,Approved,Medium,Investment,Mobile App,Active,No,4,,
1001467,12351,501467,20-06-2025,36,Female,Jaipur,Mass Market,Current,UPI Payment,1500.13,219645.01,754,Yes,Business,192458.13,10.59,Closed,Low,Personal Loan,Internet Banking,Active,No,4,,
1000402,10958,500402,14-05-2024,46,Male,Delhi,Mass Market,Salary,Withdrawal,2220.31,5339.78,659,No,None,0,0,No Loan,Medium,Personal Loan,Internet Banking,Active,No,4,,
1003043,11973,503043,21-04-2024,45,Female,Mumbai,Mass Market,Savings,UPI Payment,820.83,38316.4,711,Yes,Auto,77395.21,12.06,Approved,Medium,Home Loan,Mobile App,Active,No,3,,
1000935,11901,500935,07-07-2025,26,Male,Delhi,Mass Market,Savings,UPI Payment,2074.38,18493.69,692,Yes,Home,97320.79,14.83,Closed,Medium,Investment,Mobile App,Inactive,No,4,,
1002420,10632,502420,27-01-2024,33,Male,Bengaluru,Affluent,Salary,Card Payment,1819.44,208309.48,712,No,None,0,0,No Loan,Medium,Personal Loan,Mobile App,Dormant,Yes,4,,
1004048,10371,504048,28-04-2024,49,Male,Hyderabad,High Net Worth,Salary,Deposit,2568.33,57462.28,688,No,None,0,0,No Loan,Medium,Fixed Deposit,Mobile App,Inactive,No,5,,
1004525,12045,504525,02-03-2026,29,Female,Chennai,Premium,Current,UPI Payment,4440.72,2696.8,610,No,None,0,0,No Loan,High,Credit Card,Mobile App,Active,No,5,,
1002642,11945,502642,22-03-2025,25,Male,Chennai,Premium,Savings,UPI Payment,5064.92,8927.32,796,No,None,0,0,No Loan,Low,Insurance,Branch,Active,No,4,,
1004036,10054,504036,28-07-2024,40,Male,Lucknow,Premium,Salary,UPI Payment,10815.81,12180.54,702,No,None,0,0,No Loan,Medium,Credit Card,ATM,Active,No,4,,
1000727,12287,500727,15-10-2025,21,Female,Hyderabad,Mass Market,Current,Deposit,10105.61,54770.19,687,No,None,0,0,No Loan,Medium,Insurance,Internet Banking,Active,No,4,,
1000827,11434,500827,12-09-2025,31,Male,Mumbai,Premium,Savings,Card Payment,2038.95,28134.96,672,No,None,0,0,No Loan,Medium,Investment,ATM,Inactive,No,4,,
1001522,10607,501522,03-12-2024,37,Male,Lucknow,Affluent,Savings,Withdrawal,2355.15,6611.97,849,No,None,0,0,No Loan,Low,Savings Account,Internet Banking,Active,No,4,,
1004755,12416,504755,15-04-2024,21,Male,Delhi,Mass Market,Savings,Transfer,3118.88,42787.43,758,No,None,0,0,No Loan,Low,Credit Card,Mobile App,Active,No,4,,
1002931,10833,502931,03-06-2026,39,Male,Delhi,Premium,Savings,ATM,931.85,40243.05,696,No,None,0,0,No Loan,Medium,Insurance,Mobile App,Inactive,No,5,,
1000137,11982,500137,03-05-2026,43,Female,Kolkata,High Net Worth,Savings,Deposit,2034.52,125890.6,701,No,None,0,0,No Loan,Medium,Savings Account,Branch,Active,No,4,,
1003591,11152,503591,05-01-2025,39,Female,Mumbai,Mass Market,Savings,ATM,5604.58,53433.94,850,No,None,0,0,No Loan,Low,Credit Card,Internet Banking,Active,No,3,,
1000629,11669,500629,01-09-2025,31,Male,Ahmedabad,Premium,Savings,UPI Payment,2232.59,10726.26,759,No,None,0,0,No Loan,Low,Insurance,Internet Banking,Active,No,4,,
1000335,11167,500335,08-02-2024,39,Female,Mumbai,Mass Market,Savings,ATM,1431.99,157747.03,702,Yes,Home,153348.98,14.51,Closed,Medium,Home Loan,Branch,Active,No,4,,
1000391,11471,500391,02-12-2025,33,Male,Jaipur,Mass Market,Savings,Withdrawal,969.42,4218.93,770,Yes,Auto,423065.43,15.17,Defaulted,Low,Insurance,Phone Banking,Active,No,4,,
1004398,11648,504398,12-05-2024,21,Other,Delhi,Mass Market,Current,Transfer,4650.86,51585.14,764,No,None,0,0,No Loan,Low,Credit Card,Internet Banking,Active,No,5,,
1004886,10384,504886,16-12-2025,31,Female,Hyderabad,Premium,Salary,UPI Payment,2892.91,11282.88,674,No,None,0,0,No Loan,Medium,Insurance,Mobile App,Inactive,No,3,,
1004208,12136,504208,05-08-2024,31,Male,Ahmedabad,Affluent,Salary,UPI Payment,2746.64,4936.15,771,No,None,0,0,No Loan,Low,Fixed Deposit,ATM,Active,No,5,,
1001818,12412,501818,08-07-2026,21,Male,Pune,Mass Market,Savings,Deposit,5108.23,33494.54,722,No,None,0,0,No Loan,Medium,Insurance,Phone Banking,Active,No,3,,
1000401,11774,500401,15-09-2024,37,Male,Pune,Mass Market,Fixed Deposit,Withdrawal,383.76,40036.17,711,No,None,0,0,No Loan,Medium,Insurance,Mobile App,Inactive,No,5,,
1000711,11029,500711,26-08-2025,44,Female,Ahmedabad,Premium,Savings,Withdrawal,14626.07,133149.4,678,No,None,0,0,No Loan,Medium,Credit Card,Internet Banking,Active,No,4,,
1001040,10988,501040,04-04-2024,31,Male,Hyderabad,Premium,Salary,UPI Payment,1606.5,163569.44,791,No,None,0,0,No Loan,Low,Home Loan,Internet Banking,Active,No,5,,
1004292,11423,504292,28-12-2024,37,Female,Kolkata,Mass Market,Savings,Withdrawal,1247.14,60570.32,820,No,None,0,0,No Loan,Low,Credit Card,ATM,Active,No,4,,
1003360,11758,503360,27-10-2025,24,Female,Bengaluru,Mass Market,Fixed Deposit,Deposit,1357.44,23444,778,No,None,0,0,No Loan,Low,Savings Account,Internet Banking,Active,No,5,,
1000047,12140,500047,23-02-2026,43,Male,Chennai,Affluent,Savings,UPI Payment,1714.14,54804.07,835,Yes,Home,74937.25,14.26,Active,Low,Fixed Deposit,Branch,Active,No,5,,
1001562,11995,501562,27-10-2025,29,Female,Chennai,Affluent,Savings,ATM,2680.88,9131.59,789,No,None,0,0,No Loan,Low,Fixed Deposit,ATM,Inactive,No,4,,
1004810,10892,504810,06-01-2025,32,Female,Bengaluru,Mass Market,Salary,Withdrawal,3079.57,38779.16,676,No,None,0,0,No Loan,Medium,Insurance,Internet Banking,Active,Yes,1,,
1003643,10019,503643,20-11-2024,52,Male,Delhi,Mass Market,Salary,Withdrawal,556.61,4481.85,838,No,None,0,0,No Loan,Low,Credit Card,Mobile App,Active,No,4,,
1003727,10284,503727,21-01-2024,21,Male,Kolkata,Premium,Current,Transfer,1549.49,36815.39,747,Yes,Business,14500.4,13.73,Active,Medium,Fixed Deposit,ATM,Active,No,5,,
1004854,12082,504854,06-11-2024,44,Male,Chennai,Affluent,Salary,UPI Payment,6794.78,36801.67,711,No,None,0,0,No Loan,Medium,Personal Loan,Branch,Active,No,4,,
1001113,11782,501113,22-02-2026,43,Female,Ahmedabad,Premium,Current,Withdrawal,14591.47,16180.21,692,No,None,0,0,No Loan,Medium,Investment,Mobile App,Active,No,4,,
1002514,11750,502514,21-11-2024,36,Female,Ahmedabad,Mass Market,Salary,Card Payment,850.3,17459.91,611,No,None,0,0,No Loan,High,Insurance,Mobile App,Active,No,5,,
1003609,11477,503609,13-04-2024,26,Male,Chennai,Affluent,Fixed Deposit,Transfer,5442.16,5434.07,608,No,None,0,0,No Loan,High,Savings Account,Internet Banking,Active,No,3,,
1001224,10935,501224,08-05-2025,43,Female,Pune,Mass Market,Savings,UPI Payment,3632.95,14863.19,635,No,None,0,0,No Loan,High,Investment,Mobile App,Active,No,4,,
1004079,11541,504079,01-02-2026,34,Male,Chennai,Premium,Savings,Withdrawal,1012.52,1000,678,No,None,0,0,No Loan,Medium,Credit Card,Mobile App,Active,No,5,,
1003024,10558,503024,18-05-2026,27,Other,Mumbai,Mass Market,Salary,Card Payment,2977.78,27012.31,693,No,None,0,0,No Loan,Medium,Investment,Branch,Active,No,5,,
1002422,12015,502422,13-06-2025,30,Male,Jaipur,Affluent,Salary,Transfer,4299.77,19885.75,646,No,None,0,0,No Loan,High,Personal Loan,Internet Banking,Active,No,5,,
1001509,11014,501509,07-07-2025,25,Male,Hyderabad,Premium,Fixed Deposit,Transfer,4982.42,19191.8,686,No,None,0,0,No Loan,Medium,Insurance,Branch,Active,No,4,,
1001751,11199,501751,15-07-2024,44,Male,Hyderabad,Mass Market,Salary,Withdrawal,9890.33,14029.95,725,No,None,0,0,No Loan,Medium,Savings Account,Internet Banking,Active,Yes,3,,
1004848,10224,504848,18-10-2024,48,Female,Delhi,Mass Market,Savings,UPI Payment,3504.82,91721.28,678,No,None,0,0,No Loan,Medium,Savings Account,Phone Banking,Active,No,4,,
1004106,11012,504106,24-04-2025,32,Male,Bengaluru,Affluent,Savings,ATM,2087.63,8734.25,743,Yes,Personal,98785.89,8.77,Active,Medium,Insurance,Mobile App,Active,No,4,,
1001800,12150,501800,08-05-2024,41,Male,Ahmedabad,Mass Market,Current,UPI Payment,873.07,31991.01,732,No,None,0,0,No Loan,Medium,Credit Card,Mobile App,Inactive,No,5,,
1000339,11983,500339,31-10-2025,43,Female,Jaipur,Affluent,Salary,Transfer,4663.99,73736.83,690,No,None,0,0,No Loan,Medium,Insurance,Branch,Active,No,4,,
1000216,11439,500216,16-09-2024,44,Female,Hyderabad,Mass Market,Savings,Withdrawal,1935.69,33521.67,695,No,None,0,0,No Loan,Medium,Home Loan,ATM,Active,No,4,,
1003664,12266,503664,19-03-2024,46,Female,Kolkata,Premium,Salary,UPI Payment,8036.68,35587.01,671,No,None,0,0,No Loan,Medium,Insurance,Branch,Active,No,4,,
1001342,11419,501342,10-01-2024,25,Female,Delhi,Affluent,Savings,ATM,4093.28,47241.54,665,No,None,0,0,No Loan,Medium,Home Loan,Mobile App,Dormant,Yes,3,,
1000012,10131,500012,12-01-2026,26,Female,Bengaluru,Premium,Savings,UPI Payment,6813.12,310499.75,796,No,None,0,0,No Loan,Low,Insurance,ATM,Active,No,3,,
1001521,11390,501521,11-05-2024,54,Male,Pune,Mass Market,Current,UPI Payment,21758.39,13639.77,699,No,None,0,0,No Loan,Medium,Home Loan,Phone Banking,Inactive,No,4,,
1003641,11342,503641,14-03-2026,48,Male,Chennai,Mass Market,Savings,Withdrawal,1621.77,17247.99,606,No,None,0,0,No Loan,High,Investment,Internet Banking,Active,No,5,,
1003956,12073,503956,15-01-2026,32,Female,Ahmedabad,Affluent,Savings,Deposit,4880.8,31425.36,677,Yes,Home,46828.09,8.25,Approved,Medium,Investment,ATM,Active,Yes,4,,
1003794,11994,503794,15-11-2024,21,Female,Chennai,Affluent,Savings,Deposit,4005.26,5956.27,737,No,None,0,0,No Loan,Medium,Credit Card,Branch,Active,No,4,,
1003005,11308,503005,16-04-2026,47,Female,Jaipur,Mass Market,Current,Deposit,1936.74,13964.04,684,No,None,0,0,No Loan,Medium,Home Loan,Mobile App,Active,No,5,,
1002865,10771,502865,23-03-2025,30,Male,Chennai,Mass Market,Current,UPI Payment,3934.34,15935.31,738,Yes,Home,52223.82,9.61,Closed,Medium,Savings Account,Mobile App,Active,No,4,,
1003116,10450,503116,16-08-2025,45,Female,Mumbai,Affluent,Savings,Card Payment,6310.38,141043.18,696,No,None,0,0,No Loan,Medium,Investment,Mobile App,Dormant,No,4,,
1004851,10045,504851,24-01-2024,62,Female,Jaipur,Affluent,Current,Card Payment,2398.43,11448.98,786,Yes,Personal,37498.11,12.35,Approved,Low,Investment,Internet Banking,Active,No,4,,
1002323,11079,502323,19-07-2024,36,Female,Kolkata,Affluent,Salary,Transfer,2254.4,8577.11,680,No,None,0,0,No Loan,Medium,Credit Card,Mobile App,Active,No,5,,
1002572,10269,502572,28-10-2025,37,Male,Ahmedabad,Mass Market,Savings,ATM,4632.99,16521.99,684,No,None,0,0,No Loan,Medium,Home Loan,Internet Banking,Active,No,4,,
1002914,11592,502914,27-07-2026,32,Male,Hyderabad,Premium,Savings,Transfer,6608.87,99868.17,773,No,None,0,0,No Loan,Low,Credit Card,Mobile App,Active,No,5,,
1000102,12455,500102,01-05-2026,37,Female,Ahmedabad,Mass Market,Savings,Deposit,2676.04,11643.21,825,Yes,Business,586336.58,13.56,Approved,Low,Personal Loan,ATM,Active,No,4,,
1003550,10010,503550,31-01-2024,23,Female,Hyderabad,Mass Market,Savings,Card Payment,6622.03,142406.99,618,No,None,0,0,No Loan,High,Fixed Deposit,Branch,Active,Yes,3,,
1001459,12205,501459,23-08-2025,24,Female,Hyderabad,Mass Market,Current,ATM,13302.1,5334.61,841,No,None,0,0,No Loan,Low,Insurance,Phone Banking,Active,No,5,,
1000172,12268,500172,20-06-2026,31,Male,Delhi,Mass Market,Savings,ATM,3250.36,25769.01,755,No,None,0,0,No Loan,Low,Savings Account,Mobile App,Active,No,5,,
1000108,10961,500108,03-11-2025,43,Male,Hyderabad,Mass Market,Current,Deposit,2880.84,37218.69,691,No,None,0,0,No Loan,Medium,Investment,Internet Banking,Active,Yes,,,
1004206,12203,504206,04-07-2025,39,Female,Bengaluru,High Net Worth,Savings,UPI Payment,2430.56,78287.48,633,No,None,0,0,No Loan,High,Personal Loan,Mobile App,Active,No,4,,
1003570,12361,503570,12-11-2024,32,Male,Delhi,Affluent,Salary,UPI Payment,21161.17,20373.66,744,No,None,0,0,No Loan,Medium,Savings Account,ATM,Active,No,5,,
1002587,10265,502587,19-06-2024,34,Female,Delhi,Mass Market,Savings,UPI Payment,578.15,65635.35,670,No,None,0,0,No Loan,Medium,Personal Loan,Branch,Active,No,5,,
1004306,12492,504306,02-03-2024,40,Male,Kolkata,Premium,Savings,UPI Payment,1566.22,62064.74,758,No,None,0,0,No Loan,Low,Investment,Branch,Active,No,4,,
1004082,11241,504082,13-01-2025,27,Male,Jaipur,Mass Market,Salary,Withdrawal,9704.25,16224.34,685,No,None,0,0,No Loan,Medium,Credit Card,Branch,Inactive,Yes,3,,
1003880,11701,503880,30-05-2024,34,Male,Ahmedabad,Affluent,Savings,Withdrawal,1391.61,132653.7,718,Yes,Home,5877.9,12.72,Approved,Medium,Investment,ATM,Active,No,4,,
1004690,12249,504690,18-01-2025,45,Female,Chennai,Mass Market,Current,Transfer,2342.13,47320.94,676,Yes,Business,76418.89,14.61,Active,Medium,Home Loan,Phone Banking,Active,No,4,,
1004089,10230,504089,12-08-2024,27,Male,Bengaluru,Mass Market,Salary,Deposit,1300.92,51699.84,653,No,None,0,0,No Loan,Medium,Insurance,Internet Banking,Active,No,4,,
1000061,10162,500061,07-03-2026,39,Male,Bengaluru,Premium,Salary,Withdrawal,9259.1,22465.57,599,Yes,Personal,84843.51,14.62,Closed,High,Home Loan,Internet Banking,Inactive,No,5,,
1001241,11450,501241,16-07-2024,49,Male,Kolkata,Affluent,Current,ATM,8939.92,61037.56,685,No,None,0,0,No Loan,Medium,Personal Loan,Mobile App,Inactive,No,5,,
1004648,12467,504648,29-04-2025,56,Female,Mumbai,Mass Market,Salary,Withdrawal,2879.29,29234.44,593,No,None,0,0,No Loan,High,Investment,Internet Banking,Active,No,5,,
1001041,11137,501041,23-02-2026,40,Male,Lucknow,Mass Market,Savings,ATM,7365.62,13412.58,738,No,None,0,0,No Loan,Medium,Insurance,Internet Banking,Active,No,5,,
1004197,11168,504197,24-06-2026,51,Male,Hyderabad,Mass Market,Savings,Deposit,2313.62,79466.63,688,Yes,Business,43066.83,10.69,Active,Medium,Investment,Mobile App,Active,No,5,,
1002761,11516,502761,21-01-2024,31,Male,Pune,Premium,Savings,UPI Payment,1626.63,22002.38,719,No,None,0,0,No Loan,Medium,Credit Card,Mobile App,Active,No,4,,
1002121,10629,502121,07-07-2026,46,Male,Chennai,Mass Market,Savings,Deposit,11358.92,38558.78,681,No,None,0,0,No Loan,Medium,Credit Card,Mobile App,Active,No,4,,
1001525,12059,501525,06-06-2026,48,Female,Pune,Affluent,Savings,UPI Payment,14632.71,8769.51,654,No,None,0,0,No Loan,Medium,Credit Card,Mobile App,Active,Yes,3,,
1003522,10342,503522,17-06-2026,23,Male,Pune,Mass Market,Savings,Withdrawal,1119.74,15527.48,775,No,None,0,0,No Loan,Low,Savings Account,Internet Banking,Active,Yes,3,,
1000154,10318,500154,29-07-2024,34,Male,,Mass Market,Salary,Deposit,2964.55,134616.42,656,No,None,0,0,No Loan,Medium,Investment,ATM,Active,No,3,,
1002249,10283,502249,08-11-2025,45,Male,Delhi,Affluent,Savings,Withdrawal,4643.49,26621.27,715,No,None,0,0,No Loan,Medium,Savings Account,Mobile App,Active,No,5,,
1000482,10076,500482,05-12-2024,44,Male,Pune,Mass Market,Savings,ATM,2380.71,77912.07,683,No,None,0,0,No Loan,Medium,Investment,Mobile App,Active,No,4,,
1004243,10236,504243,18-08-2024,32,Female,Bengaluru,Mass Market,Savings,Deposit,444.11,6613.62,696,No,None,0,0,No Loan,Medium,Savings Account,Internet Banking,Active,No,5,,
1004316,10849,504316,15-10-2024,56,Male,Ahmedabad,Affluent,Current,ATM,7956.74,45288.26,733,No,None,0,0,No Loan,Medium,Investment,ATM,Active,No,5,,
1003579,12293,503579,11-11-2025,47,Female,Jaipur,Affluent,Savings,ATM,817.34,18952.98,751,No,None,0,0,No Loan,Low,Fixed Deposit,Internet Banking,Inactive,Yes,1,,
1004490,10537,504490,18-07-2024,22,Male,Chennai,Premium,Savings,Deposit,2107.18,35211.21,791,No,None,0,0,No Loan,Low,Savings Account,ATM,Active,No,4,,
1003563,11915,503563,23-01-2025,35,,Delhi,High Net Worth,Salary,Withdrawal,481.46,85868.41,685,No,None,0,0,No Loan,Medium,Credit Card,Mobile App,Active,No,5,,
1003316,11626,503316,23-03-2024,34,Male,Delhi,Mass Market,Current,UPI Payment,4795.77,29962.41,617,No,None,0,0,No Loan,High,Fixed Deposit,ATM,Active,No,5,,
1001763,11988,501763,22-03-2025,57,Female,Ahmedabad,Mass Market,Savings,Withdrawal,2682.93,38018.45,659,Yes,Education,23699.17,12.65,Closed,Medium,Investment,Internet Banking,Active,No,4,,
1003539,10213,503539,19-08-2026,34,Male,Ahmedabad,Mass Market,Current,Transfer,3947.82,119516.29,718,No,None,0,0,No Loan,Medium,Credit Card,Phone Banking,Active,No,5,,
1004814,10017,504814,21-05-2026,38,Male,Ahmedabad,Affluent,Fixed Deposit,Card Payment,5277.82,85625.11,607,No,None,0,0,No Loan,High,Savings Account,Mobile App,Active,No,5,,
1000751,10883,500751,05-05-2024,28,Female,Kolkata,Mass Market,Savings,ATM,1063.8,44713.3,713,No,None,0,0,No Loan,Medium,Fixed Deposit,Mobile App,Active,No,5,,
1003620,12476,503620,27-11-2024,42,Female,Pune,Affluent,Fixed Deposit,ATM,1089.32,7771.13,640,Yes,Business,68497.52,11.25,Approved,High,Insurance,Phone Banking,Active,No,3,,
1001786,11355,501786,21-01-2026,25,Female,Ahmedabad,Mass Market,Current,UPI Payment,2530.62,3055.33,652,Yes,Personal,21869.94,13.94,Closed,Medium,Investment,Internet Banking,Active,No,5,,
1004281,11463,504281,29-05-2026,29,,Jaipur,Mass Market,Savings,Deposit,1347.57,128179.58,613,No,None,0,0,No Loan,High,Home Loan,Internet Banking,Active,No,4,,
1003384,12322,503384,31-08-2026,32,Male,Lucknow,Mass Market,Savings,UPI Payment,2446.77,14837.48,624,Yes,Personal,50726.58,8.68,Active,High,Investment,Internet Banking,Inactive,No,5,,
1004148,11739,504148,14-07-2025,47,Female,Mumbai,Affluent,Savings,Transfer,6680.1,8235.25,707,No,None,0,0,No Loan,Medium,Insurance,Mobile App,Active,No,5,,
1000406,12480,500406,25-02-2025,43,Male,Lucknow,Affluent,Savings,Transfer,2390.71,24929.08,641,No,None,0,0,No Loan,High,Investment,Mobile App,Active,No,4,,
1000758,11532,500758,03-07-2026,26,Male,Chennai,Mass Market,Current,Transfer,2168.09,4358.43,724,Yes,Home,27406,9.27,Approved,Medium,Insurance,Mobile App,Active,No,5,,
1002712,11279,502712,01-04-2024,40,Male,Kolkata,Mass Market,Fixed Deposit,Card Payment,1576.97,31212.1,710,No,None,0,0,No Loan,Medium,Home Loan,Mobile App,Active,No,5,,
1002671,11905,502671,06-08-2025,56,Male,Lucknow,Mass Market,Savings,Transfer,2339.64,16973.07,725,No,None,0,0,No Loan,Medium,Insurance,ATM,Active,Yes,5,,
1004002,11908,504002,05-10-2025,33,Male,Ahmedabad,Premium,Salary,ATM,1430.96,19944.95,742,Yes,Business,43176.11,11.98,Approved,Medium,Personal Loan,Internet Banking,Active,No,5,,
1000098,10201,500098,08-05-2024,21,Male,Kolkata,Mass Market,Savings,Card Payment,6654.05,49103.45,,No,None,0,0,No Loan,Medium,Savings Account,Mobile App,Active,No,3,,
1001334,11219,501334,27-03-2025,41,Female,Bengaluru,Mass Market,Fixed Deposit,Card Payment,2522.5,24428.54,621,No,None,0,0,No Loan,High,Personal Loan,ATM,Active,No,4,,
1004462,12225,504462,02-11-2025,41,Male,Hyderabad,Affluent,Savings,UPI Payment,5241.36,73950.7,791,Yes,Auto,79868.78,15.07,Closed,Low,Personal Loan,Branch,Active,Yes,3,,
1002792,10881,502792,23-05-2025,31,Male,Kolkata,Affluent,Savings,Card Payment,3369.79,29479.94,672,No,None,0,0,No Loan,Medium,Fixed Deposit,ATM,Active,No,4,,
1002855,10202,502855,31-08-2025,34,Male,Delhi,Premium,Current,Withdrawal,9032.57,20214.94,735,Yes,Personal,48102.38,9.49,Closed,Medium,Savings Account,Mobile App,Inactive,No,5,,
1000187,10123,500187,10-01-2025,27,Female,Hyderabad,Affluent,Salary,Deposit,1286.39,96807.59,645,No,None,0,0,No Loan,High,Insurance,Phone Banking,Active,No,,,
1004404,12432,504404,13-03-2025,46,Male,Bengaluru,Affluent,Savings,ATM,2441.2,115278.98,732,No,None,0,0,No Loan,Medium,Investment,Internet Banking,Active,No,5,,
1002724,10661,502724,10-07-2026,47,Male,Bengaluru,Affluent,Salary,Withdrawal,5164.78,43081.81,755,No,None,0,0,No Loan,Low,Personal Loan,Mobile App,Active,No,4,,
1003584,10175,503584,11-02-2026,44,Female,Mumbai,Mass Market,Savings,Transfer,2471.46,34395.24,715,Yes,Auto,64195.29,11.37,Active,Medium,Insurance,Phone Banking,Active,No,5,,
1002059,11080,502059,17-08-2025,42,Male,Jaipur,Affluent,Savings,Card Payment,756.07,207443.62,647,No,None,0,0,No Loan,High,Investment,Mobile App,Active,No,5,,
1001320,12264,501320,04-12-2025,27,Male,Kolkata,Mass Market,Savings,Deposit,12539.04,40597.74,631,No,None,0,0,No Loan,High,Investment,Mobile App,Active,No,5,,
1000149,11283,500149,17-03-2024,42,Female,Ahmedabad,Affluent,Current,Transfer,4049.05,94509.85,631,No,None,0,0,No Loan,High,Fixed Deposit,Phone Banking,Active,No,5,,
1000029,10976,500029,09-05-2025,28,Female,Jaipur,Mass Market,Savings,Withdrawal,7302.72,24787.93,818,No,None,0,0,No Loan,Low,Insurance,Mobile App,Inactive,No,5,,
1004150,12237,504150,07-02-2024,50,Male,Mumbai,Mass Market,Savings,Card Payment,668.79,50694.6,683,No,None,0,0,No Loan,Medium,Investment,Mobile App,Dormant,Yes,2,,
1004220,12324,504220,24-04-2026,37,Female,Ahmedabad,Premium,Current,UPI Payment,2195.66,21777.95,649,No,None,0,0,No Loan,High,Personal Loan,Internet Banking,Active,Yes,2,,
1003364,11117,503364,25-02-2025,52,Male,Bengaluru,Premium,Salary,UPI Payment,3070.6,21004.39,673,No,None,0,0,No Loan,Medium,Personal Loan,Internet Banking,Inactive,No,3,,
1000693,12174,500693,12-12-2024,36,Female,Bengaluru,Affluent,Current,Deposit,9948.39,6211.06,847,No,None,0,0,No Loan,Low,Insurance,Mobile App,Active,No,4,,
1002867,11629,502867,26-02-2026,30,Other,Lucknow,Affluent,Savings,UPI Payment,1834.28,7575.2,791,No,None,0,0,No Loan,Low,Home Loan,ATM,Active,No,4,,
1003777,10061,503777,24-01-2024,60,Male,Lucknow,Affluent,Current,Withdrawal,1821.01,5691.86,715,No,None,0,0,No Loan,Medium,Home Loan,Internet Banking,Active,No,5,,
1001387,10826,501387,21-08-2025,34,Female,Hyderabad,Premium,Savings,ATM,1059.63,30892.28,777,No,None,0,0,No Loan,Low,Fixed Deposit,Internet Banking,Active,No,4,,
1001846,10106,501846,27-06-2025,32,Male,Lucknow,Premium,Salary,UPI Payment,1071.36,67941.93,725,Yes,Personal,75564.53,8.89,Closed,Medium,Personal Loan,ATM,Active,No,5,,
1004741,11554,504741,22-08-2025,29,Male,Delhi,Mass Market,Savings,UPI Payment,1748.01,4367.65,625,Yes,Home,66757.75,15.16,Closed,High,Insurance,ATM,Active,No,5,,
1000130,11723,500130,16-03-2025,56,Male,Pune,Affluent,Savings,UPI Payment,2782.15,10814.16,737,No,None,0,0,No Loan,Medium,Credit Card,Mobile App,Active,No,4,,
1001600,11928,501600,29-11-2024,30,Male,Hyderabad,Mass Market,Current,UPI Payment,4464.43,51958.01,653,No,None,0,0,No Loan,Medium,Insurance,Mobile App,Active,Yes,3,,
1003630,10464,503630,25-03-2026,39,Female,Delhi,Mass Market,Savings,Deposit,2788.62,51653.78,823,Yes,Auto,23888.17,8.66,Active,Low,Fixed Deposit,Mobile App,Active,No,,,
1004514,10129,504514,20-06-2025,22,Male,Bengaluru,Affluent,Savings,UPI Payment,1494.3,10712.56,759,No,None,0,0,No Loan,Low,Investment,Mobile App,Active,No,5,,
1000702,10360,500702,21-04-2024,30,Female,Lucknow,High Net Worth,Salary,Deposit,15034.99,100385.2,635,No,None,0,0,No Loan,High,Fixed Deposit,Branch,Active,No,5,,
1004418,11017,504418,04-06-2026,28,Female,Bengaluru,Affluent,Savings,UPI Payment,9108.36,72597.43,581,No,None,0,0,No Loan,High,Credit Card,Mobile App,Active,No,3,,
1003029,10666,503029,30-03-2025,36,Female,Pune,Mass Market,Salary,ATM,15485.58,12457.38,777,No,None,0,0,No Loan,Low,Personal Loan,ATM,Active,No,5,,
1002970,10068,502970,14-04-2024,34,Male,Ahmedabad,Premium,Salary,UPI Payment,2130.12,36903.02,605,Yes,Auto,109713.79,15.15,Closed,High,Personal Loan,Internet Banking,Inactive,No,4,,
1004367,10525,504367,11-08-2024,52,Male,Delhi,Premium,Salary,UPI Payment,2215.34,20701.36,669,No,None,0,0,No Loan,Medium,Investment,Mobile App,Dormant,Yes,3,,
1001709,12382,501709,28-05-2024,34,Male,Chennai,Affluent,Savings,Transfer,4564.98,30149.34,753,No,None,0,0,No Loan,Low,Insurance,ATM,Active,No,5,,
1002954,11573,502954,23-10-2025,32,Male,Lucknow,Mass Market,Current,Card Payment,4290.08,139705.31,768,No,None,0,0,No Loan,Low,Fixed Deposit,Mobile App,Active,Yes,2,,
1000455,10676,500455,18-03-2025,26,Male,Bengaluru,Premium,Current,ATM,2959.06,6444.3,805,Yes,Personal,43674.92,12.87,Approved,Low,Credit Card,ATM,Dormant,No,4,,
1002869,10387,502869,27-02-2024,23,Other,Ahmedabad,Affluent,Current,Card Payment,4840.06,95977.51,779,No,None,0,0,No Loan,Low,Savings Account,Mobile App,Active,No,5,,
1002041,10846,502041,15-04-2026,33,Other,,Mass Market,Current,Withdrawal,809.78,7264.59,667,No,None,0,0,No Loan,Medium,Fixed Deposit,ATM,Active,Yes,3,,
1001773,11609,501773,04-11-2024,25,Male,Bengaluru,Premium,Current,Withdrawal,5607.88,80852.37,718,No,None,0,0,No Loan,Medium,Savings Account,Mobile App,Active,Yes,3,,
1002316,11796,502316,02-01-2025,34,Male,Pune,Mass Market,Savings,ATM,8039.58,9221.6,699,Yes,Home,41039.32,11.55,Closed,Medium,Savings Account,Mobile App,Active,No,5,,
1000610,10374,500610,01-10-2024,42,Female,Lucknow,Mass Market,Savings,Card Payment,2944.63,48193.87,686,Yes,Auto,82840.45,13.91,Defaulted,Medium,Investment,Phone Banking,Active,No,5,,
1000168,10699,500168,01-09-2025,28,Male,Bengaluru,Mass Market,Savings,Transfer,2085.13,62994.59,805,Yes,Education,134573.02,9.93,Closed,Low,Insurance,Internet Banking,Inactive,No,4,,
1000731,10048,500731,17-05-2025,41,Female,Lucknow,Mass Market,Savings,Card Payment,6320.86,11981.78,604,Yes,Education,157988.06,11.72,Closed,High,Investment,Mobile App,Active,No,4,,
1004259,12149,504259,18-10-2025,31,Female,Chennai,Mass Market,Fixed Deposit,Deposit,2177.62,172834.85,736,No,None,0,0,No Loan,Medium,Savings Account,Branch,Active,No,4,,
1003359,11933,503359,17-07-2026,40,Male,Ahmedabad,Mass Market,Savings,UPI Payment,23100.75,13816.98,708,No,None,0,0,No Loan,Medium,Personal Loan,Internet Banking,Active,No,5,,
1002075,11576,502075,20-08-2026,37,Female,Ahmedabad,Mass Market,Savings,Card Payment,4836.28,4165.93,757,Yes,Home,127500.01,11.16,Closed,Low,Savings Account,Internet Banking,Active,No,5,,
1004700,11221,504700,03-12-2025,43,Female,Hyderabad,Mass Market,Salary,Card Payment,3111.15,17389.94,716,No,None,0,0,No Loan,Medium,Personal Loan,Internet Banking,Dormant,No,5,,
1003701,11438,503701,29-06-2025,54,Female,Ahmedabad,Mass Market,Fixed Deposit,ATM,3131.87,42267.67,750,No,None,0,0,No Loan,Low,Insurance,Branch,Active,Yes,2,,
1001623,10957,501623,19-02-2026,34,Male,Lucknow,Mass Market,Salary,ATM,1219.28,41674.75,664,No,None,0,0,No Loan,Medium,Credit Card,Internet Banking,Active,No,5,,
1000588,10869,500588,30-01-2026,49,Male,Delhi,Affluent,Savings,UPI Payment,416.56,129761.65,745,Yes,Auto,114603.04,8.85,Closed,Medium,Savings Account,Mobile App,Active,Yes,3,,
1001402,11137,501402,11-11-2025,24,Male,Ahmedabad,Affluent,Salary,Deposit,1591.63,250348.86,764,No,None,0,0,No Loan,Low,Fixed Deposit,Internet Banking,Active,No,5,,
1003046,11971,503046,05-02-2024,30,Male,Kolkata,Premium,Savings,Transfer,1507.79,13835.39,681,No,None,0,0,No Loan,Medium,Insurance,ATM,Active,No,5,,
1003225,10873,503225,26-10-2024,51,Female,Jaipur,Mass Market,Savings,UPI Payment,7552.1,49256.21,654,No,None,0,0,No Loan,Medium,Investment,Internet Banking,Active,No,3,,
1001701,12204,501701,27-09-2024,36,Female,Delhi,Affluent,Current,Card Payment,3738.3,35348.96,696,No,None,0,0,No Loan,Medium,Insurance,Mobile App,Active,No,4,,
1003089,11768,503089,06-07-2024,41,Female,Delhi,Mass Market,Savings,Withdrawal,3226.38,35180.11,671,Yes,Auto,166556.32,12.5,Active,Medium,Savings Account,Branch,Active,No,4,,
1004401,10143,504401,09-11-2024,37,Male,Ahmedabad,Mass Market,Salary,Transfer,1671.23,25122.47,674,Yes,Auto,11508.66,7.65,Closed,Medium,Home Loan,Internet Banking,Active,No,3,,
1002982,10341,502982,24-03-2025,52,Female,Pune,Premium,Savings,Transfer,2233.43,31894.53,782,No,None,0,0,No Loan,Low,Investment,Internet Banking,Active,No,5,,
1000041,10601,500041,26-04-2026,23,Male,Ahmedabad,Mass Market,Salary,Card Payment,700.71,73737.84,653,No,None,0,0,No Loan,Medium,Investment,Mobile App,Active,Yes,4,,
1001380,10356,501380,09-03-2024,28,Female,Delhi,Affluent,Savings,Withdrawal,20512.76,7400.45,815,No,None,0,0,No Loan,Low,Investment,Mobile App,Active,Yes,1,,
1002090,11550,502090,28-02-2025,51,Male,Lucknow,Mass Market,Savings,Transfer,2107.23,15880.59,767,Yes,Home,81024.18,12.5,Active,Low,Investment,Mobile App,Active,No,4,,
1002176,12038,502176,13-02-2024,32,Female,Delhi,Mass Market,Salary,UPI Payment,10813.98,9490.21,658,No,None,0,0,No Loan,Medium,Home Loan,Mobile App,Active,No,5,,
1003218,11577,503218,29-05-2025,21,Female,Hyderabad,Affluent,Savings,Card Payment,2631.21,88783.14,691,No,None,0,0,No Loan,Medium,Savings Account,ATM,Active,No,4,,
1002886,11529,502886,04-06-2026,40,Male,Ahmedabad,Mass Market,Current,Transfer,1055.64,345661.31,622,Yes,Auto,177903.75,14.82,Closed,High,Personal Loan,Internet Banking,Inactive,No,3,,
1000075,12265,500075,02-10-2025,21,Female,Ahmedabad,Mass Market,Salary,Transfer,6491.3,36867.33,645,Yes,Auto,36255.89,11.87,Active,High,Savings Account,Mobile App,Active,No,4,,
1003928,10093,503928,18-09-2024,35,Male,Pune,Mass Market,Savings,Card Payment,10106.89,61641.68,762,Yes,Personal,54669.1,11.97,Active,Low,Investment,Mobile App,Active,Yes,3,,
1003909,12166,503909,12-01-2024,24,Female,Kolkata,Affluent,Current,Withdrawal,3187.93,24177.85,701,No,None,0,0,No Loan,Medium,Insurance,Internet Banking,Active,No,5,,
1002658,10646,502658,07-07-2026,36,Male,Chennai,Affluent,Savings,Withdrawal,7636.2,15577.45,643,Yes,Home,143269.48,11.2,Approved,High,Personal Loan,Mobile App,Active,No,5,,
1003181,11947,503181,08-11-2024,27,Female,Chennai,Mass Market,Fixed Deposit,Deposit,1732.92,20202.26,803,No,None,0,0,No Loan,Low,Fixed Deposit,Mobile App,Active,No,4,,
1002077,11383,502077,26-07-2025,34,Male,Chennai,Premium,Current,Deposit,1899.32,8221.24,681,No,None,0,0,No Loan,Medium,Personal Loan,Branch,Active,No,5,,
1000442,10754,500442,22-09-2025,38,,Pune,Premium,Fixed Deposit,Deposit,2979.15,11225.9,714,No,None,0,0,No Loan,Medium,Home Loan,Mobile App,Active,No,5,,
1004070,12388,504070,14-04-2024,42,Female,Hyderabad,Mass Market,Current,Deposit,25428.82,51086.53,649,No,None,0,0,No Loan,High,Home Loan,Phone Banking,Active,No,4,,
1002052,11954,502052,13-11-2025,24,Male,Delhi,Mass Market,Savings,Card Payment,1082.5,183709.2,792,No,None,0,0,No Loan,Low,Investment,Mobile App,Inactive,No,5,,
1002542,11968,502542,20-11-2024,42,Male,Chennai,Affluent,Savings,Card Payment,2192.11,11080.46,833,No,None,0,0,No Loan,Low,Investment,ATM,Active,No,5,,
1003307,10195,503307,14-06-2026,26,Female,Lucknow,Affluent,Savings,Transfer,12042.33,55137.67,709,No,None,0,0,No Loan,Medium,Savings Account,Internet Banking,Active,Yes,3,,
1001302,10226,501302,21-07-2026,31,Female,Delhi,Premium,Savings,UPI Payment,1211.46,34710.33,656,No,None,0,0,No Loan,Medium,Home Loan,Mobile App,Active,No,4,,
1001782,12445,501782,23-05-2026,34,Female,Ahmedabad,High Net Worth,Savings,UPI Payment,8933.91,18265.25,776,No,None,0,0,No Loan,Low,Personal Loan,Mobile App,Inactive,No,4,,
1004825,11885,504825,16-10-2024,42,Male,Delhi,Mass Market,Savings,UPI Payment,3661.95,5062.8,839,No,None,0,0,No Loan,Low,Fixed Deposit,Internet Banking,Inactive,No,4,,
1003431,11462,503431,06-09-2025,23,Female,Mumbai,Mass Market,Salary,UPI Payment,850.1,39978.83,786,No,None,0,0,No Loan,Low,Home Loan,Mobile App,Inactive,No,4,,
1001305,10937,501305,15-06-2026,29,Male,Ahmedabad,Affluent,Savings,Deposit,3948.67,35355.72,696,No,None,0,0,No Loan,Medium,Fixed Deposit,Mobile App,Active,Yes,3,,
1000237,11697,500237,24-06-2025,26,Male,Kolkata,Mass Market,Current,Card Payment,2167.06,41968.46,708,Yes,Personal,87711.52,11.77,Closed,Medium,Credit Card,Mobile App,Inactive,No,4,,
1002600,10476,502600,24-03-2024,36,Male,Jaipur,Affluent,Savings,ATM,7758.97,34434.33,708,No,None,0,0,No Loan,Medium,Insurance,Mobile App,Active,No,4,,
1000521,11681,500521,30-11-2025,37,Female,Hyderabad,Mass Market,Current,UPI Payment,4575.14,28526.1,647,No,None,0,0,No Loan,High,Home Loan,Mobile App,Active,No,4,,
1002574,10924,502574,23-02-2026,36,Male,Delhi,Premium,Salary,Card Payment,1704.56,50462.47,700,No,None,0,0,No Loan,Medium,Credit Card,Mobile App,Inactive,No,,,
1003281,11996,503281,07-09-2025,51,Male,Pune,Mass Market,Savings,UPI Payment,11664.68,205029.96,638,No,None,0,0,No Loan,High,Home Loan,Mobile App,Active,No,5,,
1003187,11107,503187,01-04-2024,27,Male,Chennai,Premium,Fixed Deposit,Withdrawal,14893.37,287098.37,692,Yes,Personal,45195.05,7.28,Active,Medium,Home Loan,Internet Banking,Active,No,5,,
1002769,12262,502769,28-08-2026,29,Male,Lucknow,Mass Market,Savings,UPI Payment,8299.93,12149.97,796,Yes,Home,33704.33,9.59,Closed,Low,Home Loan,Mobile App,Dormant,No,5,,
1000736,10625,500736,14-06-2025,46,Male,Bengaluru,Mass Market,Savings,Withdrawal,3047.61,17038.81,688,No,None,0,0,No Loan,Medium,Personal Loan,Internet Banking,Active,Yes,3,,
1004714,10457,504714,23-03-2025,44,Male,Jaipur,Premium,Savings,Withdrawal,1358.75,84109.91,669,No,None,0,0,No Loan,Medium,Investment,Internet Banking,Active,Yes,3,,
1004940,10845,504940,22-02-2026,30,Female,Chennai,Mass Market,Savings,Transfer,11272.98,17684.39,806,No,None,0,0,No Loan,Low,Investment,Mobile App,Active,No,5,,
1002107,12386,502107,23-02-2026,33,Male,Mumbai,Mass Market,Savings,ATM,2159.25,65461.03,828,No,None,0,0,No Loan,Low,Fixed Deposit,Internet Banking,Active,No,5,,
1002680,11450,502680,24-02-2026,24,Male,Chennai,Affluent,Salary,Deposit,7491.07,45734.53,680,Yes,Education,98881.16,8.48,Approved,Medium,Savings Account,Branch,Active,No,5,,
1003230,10397,503230,03-10-2025,27,Male,Mumbai,Mass Market,Current,Deposit,6509.79,11960.76,756,No,None,0,0,No Loan,Low,Home Loan,Internet Banking,Active,No,5,,
1002762,10194,502762,04-07-2025,58,Female,Pune,Mass Market,Savings,UPI Payment,1462.47,5388.98,661,No,None,0,0,No Loan,Medium,Insurance,Mobile App,Active,No,5,,
1000593,10929,500593,04-11-2024,21,Male,Bengaluru,Premium,Savings,Transfer,2082.73,61655.65,749,No,None,0,0,No Loan,Medium,Personal Loan,Phone Banking,Active,No,5,,
1001304,12266,501304,27-06-2024,44,Female,Delhi,Mass Market,Savings,Card Payment,2685.44,7828.23,777,No,None,0,0,No Loan,Low,Savings Account,Phone Banking,Active,No,5,,
1001388,11055,501388,16-03-2026,38,Other,Pune,Premium,Current,Card Payment,6510.32,162371.17,728,No,None,0,0,No Loan,Medium,Insurance,Mobile App,Inactive,No,4,,
1004706,11976,504706,27-07-2026,31,Male,Delhi,Mass Market,Savings,Transfer,8597.89,3829.33,755,No,None,0,0,No Loan,Low,Personal Loan,ATM,Active,No,5,,
1004537,11327,504537,17-08-2025,21,Male,Bengaluru,Affluent,Savings,UPI Payment,1935.42,3344.53,755,No,None,0,0,No Loan,Low,Fixed Deposit,Mobile App,Active,No,5,,
1003966,10339,503966,01-01-2026,50,Female,Ahmedabad,Mass Market,Savings,ATM,2380.61,40610.54,731,Yes,Auto,54363.06,14.25,Active,Medium,Home Loan,ATM,Active,No,4,,
1001891,11585,501891,04-07-2024,29,Male,Lucknow,Mass Market,Salary,ATM,1857.9,43850.39,721,Yes,Education,62768.49,7.5,Active,Medium,Credit Card,Internet Banking,Active,No,4,,
1002988,10359,502988,23-06-2025,45,Male,Lucknow,Affluent,Current,UPI Payment,2389.7,54921.83,732,No,None,0,0,No Loan,Medium,Savings Account,Mobile App,Active,No,5,,
1004935,10778,504935,29-09-2025,41,Female,Kolkata,Affluent,Salary,Transfer,4216.83,16416.36,717,Yes,Education,165426.24,15.7,Active,Medium,Personal Loan,Internet Banking,Active,No,5,,
1003298,10307,503298,24-11-2024,51,Male,Bengaluru,Affluent,Salary,UPI Payment,1244.07,49702.69,850,No,None,0,0,No Loan,Low,Savings Account,Internet Banking,Active,No,3,,
1000905,10821,500905,23-05-2024,21,Male,Ahmedabad,Affluent,Savings,ATM,2746.34,24425.26,620,Yes,Auto,301351.98,9.88,Closed,High,Savings Account,ATM,Active,No,4,,
1004620,10269,504620,21-02-2024,34,Female,Kolkata,Affluent,Salary,Transfer,7022.68,16363.49,792,No,None,0,0,No Loan,Low,Home Loan,Mobile App,Inactive,No,5,,
1001280,11999,501280,20-10-2024,29,Female,Mumbai,Premium,Fixed Deposit,UPI Payment,9260.74,10351.7,717,Yes,Auto,61831.2,13.72,Active,Medium,Investment,Mobile App,Active,No,,,
1000934,12276,500934,17-08-2025,48,Male,Hyderabad,Premium,Salary,UPI Payment,1831.96,75678.62,631,No,None,0,0,No Loan,High,Savings Account,Mobile App,Dormant,No,5,,
1004910,10907,504910,17-06-2025,42,Male,Lucknow,Mass Market,Savings,UPI Payment,2678.79,12793.57,731,No,None,0,0,No Loan,Medium,Credit Card,Mobile App,Dormant,No,4,,
1002309,11493,502309,24-02-2024,50,Female,Bengaluru,Mass Market,Salary,Deposit,2635.97,169366.18,,Yes,Personal,15574.01,8.53,Active,Medium,Investment,Mobile App,Inactive,No,3,,
1001556,10143,501556,26-11-2025,42,Male,Chennai,Affluent,Current,UPI Payment,4449.06,2976.77,721,No,None,0,0,No Loan,Medium,Insurance,Internet Banking,Active,No,4,,
1004544,10872,504544,16-10-2024,41,Female,Pune,Mass Market,Savings,UPI Payment,2755.7,17954.15,731,No,None,0,0,No Loan,Medium,Investment,ATM,Active,No,5,,
1003191,12449,503191,22-03-2026,52,Male,Hyderabad,Affluent,Current,ATM,1252.08,26370.8,719,No,None,0,0,No Loan,Medium,Savings Account,Mobile App,Active,Yes,2,,
1004452,11875,504452,02-07-2026,37,Female,Lucknow,Affluent,Current,Deposit,11807.86,32089.54,723,No,None,0,0,No Loan,Medium,Fixed Deposit,ATM,Active,Yes,3,,
1000707,10093,500707,21-10-2025,25,Male,Lucknow,Affluent,Current,UPI Payment,1942.13,6713.72,777,No,None,0,0,No Loan,Low,Insurance,ATM,Active,No,5,,
1004701,10423,504701,06-04-2025,43,Female,Bengaluru,Mass Market,Savings,ATM,4687.47,34107.68,623,No,None,0,0,No Loan,High,Insurance,Mobile App,Active,No,5,,
1003071,10277,503071,08-04-2025,38,Female,Pune,Mass Market,Salary,Deposit,6488.16,126402.35,549,Yes,Education,186442.23,7.83,Closed,High,Investment,ATM,Active,No,5,,
1000746,10028,500746,01-01-2024,34,Female,Bengaluru,Affluent,Savings,Deposit,4543.67,41453.57,732,No,None,0,0,No Loan,Medium,Home Loan,Phone Banking,Active,No,3,,
1003595,10043,503595,17-09-2024,23,Female,Lucknow,Affluent,Salary,Withdrawal,1923.72,55517.55,724,No,None,0,0,No Loan,Medium,Fixed Deposit,Internet Banking,Active,No,3,,
1001940,10342,501940,11-08-2025,47,Male,Delhi,Mass Market,Savings,Deposit,1648.82,24677.73,742,No,None,0,0,No Loan,Medium,Investment,ATM,Active,No,4,,
1004411,11068,504411,21-11-2025,53,Male,Delhi,Mass Market,Fixed Deposit,Deposit,593.84,23889.97,698,No,None,0,0,No Loan,Medium,Insurance,Mobile App,Active,No,5,,
1002863,10563,502863,16-08-2026,30,Male,Delhi,Mass Market,Fixed Deposit,Withdrawal,1975.14,7867.94,650,No,None,0,0,No Loan,Medium,Credit Card,ATM,Dormant,No,5,,
1004707,11658,504707,04-02-2025,33,Female,Kolkata,Affluent,Fixed Deposit,Transfer,1389.36,8592.82,722,No,None,0,0,No Loan,Medium,Investment,ATM,Inactive,No,5,,
1000514,11446,500514,12-12-2025,62,Female,Hyderabad,Mass Market,Fixed Deposit,Deposit,1638.6,16179.54,677,No,None,0,0,No Loan,Medium,Investment,Internet Banking,Inactive,No,5,,
1000082,10065,500082,19-07-2025,50,Male,Pune,Mass Market,Savings,Deposit,7665.57,21829.48,681,No,None,0,0,No Loan,Medium,Investment,Mobile App,Active,No,5,,
1004987,12040,504987,12-04-2026,33,Male,Mumbai,Affluent,Savings,Deposit,1755.41,24678.46,777,No,None,0,0,No Loan,Low,Savings Account,Branch,Active,No,3,,
1001309,10054,501309,11-06-2025,23,Male,Jaipur,Premium,Current,Deposit,1807.96,87154.87,676,No,None,0,0,No Loan,Medium,Savings Account,Internet Banking,Inactive,Yes,3,,
1004559,10443,504559,14-07-2024,26,Female,Chennai,Mass Market,Savings,UPI Payment,2389.47,9137.95,778,No,None,0,0,No Loan,Low,Personal Loan,Mobile App,Active,No,,,
1000915,11313,500915,01-07-2024,48,Female,Pune,Affluent,Savings,Withdrawal,288.99,115397.19,827,No,None,0,0,No Loan,Low,Insurance,Internet Banking,Active,No,4,,
1003453,11428,503453,21-06-2024,47,Male,Chennai,Affluent,Savings,Card Payment,4465.57,16346.53,728,No,None,0,0,No Loan,Medium,Insurance,Branch,Active,No,3,,
1003696,10950,503696,14-06-2025,51,Male,Chennai,Premium,Savings,Withdrawal,6643.95,10052.5,698,No,None,0,0,No Loan,Medium,Savings Account,Internet Banking,Active,No,5,,
1004815,11087,504815,24-03-2024,25,Male,Bengaluru,Mass Market,Fixed Deposit,ATM,1552.48,29011.17,693,No,None,0,0,No Loan,Medium,Home Loan,Phone Banking,Active,No,5,,
1003157,10850,503157,16-09-2024,34,Male,Pune,Affluent,Salary,UPI Payment,839.12,5258.07,809,No,None,0,0,No Loan,Low,Home Loan,Phone Banking,Inactive,Yes,3,,
1002199,11883,502199,17-05-2026,49,Female,Chennai,Affluent,Current,UPI Payment,2919.81,125091.73,748,No,None,0,0,No Loan,Medium,Fixed Deposit,Mobile App,Inactive,No,5,,
1004242,11320,504242,20-07-2025,28,Male,Chennai,Affluent,Savings,Card Payment,7676.42,26964.46,850,Yes,Home,157673.85,15.98,Approved,Low,Insurance,Phone Banking,Active,No,5,,
1000775,10067,500775,05-02-2025,49,Male,Bengaluru,Affluent,Fixed Deposit,UPI Payment,13700.65,5833.27,738,No,None,0,0,No Loan,Medium,Personal Loan,Branch,Active,No,4,,
1000330,10020,500330,12-06-2025,21,Female,Delhi,Mass Market,Savings,Deposit,3859.35,26373.57,670,No,None,0,0,No Loan,Medium,Home Loan,Branch,Inactive,No,4,,
1002055,12430,502055,08-11-2025,43,Female,Kolkata,Mass Market,Savings,Withdrawal,4025.72,64476.29,693,No,None,0,0,No Loan,Medium,Credit Card,Mobile App,Active,No,4,,
1002002,10012,502002,07-07-2024,45,Male,Jaipur,Mass Market,Savings,Card Payment,479.47,39181.72,816,No,None,0,0,No Loan,Low,Home Loan,Branch,Active,No,4,,
1000944,11835,500944,01-07-2025,43,Male,Jaipur,High Net Worth,Savings,Card Payment,2230.22,45919.34,850,No,None,0,0,No Loan,Low,Savings Account,Branch,Active,No,4,,
1000823,11459,500823,27-08-2025,24,Female,Kolkata,Premium,Fixed Deposit,Withdrawal,974.25,14850.18,795,No,None,0,0,No Loan,Low,Insurance,Branch,Active,No,4,,
1004538,10471,504538,16-08-2024,44,Female,Jaipur,Affluent,Savings,Withdrawal,2077.02,8999.5,677,No,None,0,0,No Loan,Medium,Insurance,Internet Banking,Active,No,4,,
1000910,12439,500910,15-01-2024,52,Male,Kolkata,Mass Market,Salary,UPI Payment,2308.18,85089.59,729,No,None,0,0,No Loan,Medium,Personal Loan,Internet Banking,Active,No,5,,
1002517,10881,502517,19-02-2025,40,Male,Hyderabad,Premium,Savings,Card Payment,2320.51,4770.38,700,No,None,0,0,No Loan,Medium,Credit Card,Phone Banking,Active,No,5,,
1000182,11734,500182,23-11-2024,35,Male,Jaipur,Mass Market,Savings,UPI Payment,5461.62,29273.69,840,Yes,Home,141474.74,8.24,Active,Low,Insurance,Internet Banking,Active,No,4,,
1000165,10564,500165,14-02-2025,27,Male,Chennai,Premium,Savings,Card Payment,4263.76,88089.7,816,No,None,0,0,No Loan,Low,Investment,Mobile App,Active,No,5,,
1001524,11568,501524,10-01-2025,43,Other,Ahmedabad,Mass Market,Savings,Card Payment,15757.24,25045.43,,No,None,0,0,No Loan,Low,Credit Card,Mobile App,Active,No,4,,
1000452,11517,500452,07-07-2025,31,Male,,Premium,Salary,UPI Payment,18389.38,16364.74,664,No,None,0,0,No Loan,Medium,Personal Loan,Mobile App,Dormant,No,4,,
1002539,10485,502539,21-02-2024,21,Female,Pune,Mass Market,Current,UPI Payment,18328.52,27290.66,696,Yes,Business,21176.05,7.55,Active,Medium,Personal Loan,Branch,Active,No,5,,
1004689,12207,504689,11-01-2025,49,Male,Ahmedabad,Mass Market,Fixed Deposit,Deposit,2808.16,25789.32,682,Yes,Home,27979.62,9.89,Closed,Medium,Savings Account,ATM,Active,No,3,,
1004786,11554,504786,20-01-2025,28,Male,Bengaluru,Mass Market,Current,UPI Payment,3117.11,41228.32,661,No,None,0,0,No Loan,Medium,Fixed Deposit,Mobile App,Active,No,5,,
1001312,11044,501312,01-03-2024,27,Male,Lucknow,Affluent,Salary,Withdrawal,3945.27,6553.83,771,Yes,Home,82868.89,9.24,Active,Low,Home Loan,Mobile App,Inactive,No,5,,
1003150,11054,503150,22-05-2024,23,Female,Hyderabad,Premium,Savings,Card Payment,3058.04,12690.97,698,No,None,0,0,No Loan,Medium,Fixed Deposit,Internet Banking,Active,No,3,,
1001112,11305,501112,29-04-2025,55,Female,Ahmedabad,Premium,Savings,UPI Payment,3569.88,23862.91,748,Yes,Home,38064.97,15.1,Approved,Medium,Investment,Mobile App,Inactive,No,4,,
1004558,12104,504558,20-05-2026,28,Male,Bengaluru,Affluent,Current,Withdrawal,8732.67,23550.7,772,No,None,0,0,No Loan,Low,Fixed Deposit,Mobile App,Active,No,4,,
1003875,12309,503875,28-05-2024,33,Male,,Mass Market,Salary,UPI Payment,4362.44,222637.71,733,No,None,0,0,No Loan,Medium,Home Loan,Internet Banking,Active,No,4,,
1003490,11582,503490,20-05-2025,38,Female,Bengaluru,Premium,Savings,Withdrawal,5468.92,23177.65,671,No,None,0,0,No Loan,Medium,Fixed Deposit,Internet Banking,Dormant,Yes,3,,
1001288,10710,501288,21-07-2025,46,Male,Pune,Affluent,Savings,Deposit,5060.37,112523.36,601,No,None,0,0,No Loan,High,Personal Loan,Mobile App,Active,Yes,2,,
1004546,10192,504546,22-04-2026,40,Female,Bengaluru,Affluent,Savings,ATM,8801.67,59227.38,730,No,None,0,0,No Loan,Medium,Fixed Deposit,ATM,Active,No,5,,
1004656,11896,504656,25-02-2024,21,Male,Delhi,Premium,Fixed Deposit,Transfer,4699.88,116469.41,689,No,None,0,0,No Loan,Medium,Insurance,Branch,Active,No,4,,
1003681,10778,503681,11-08-2025,35,Other,Lucknow,Mass Market,Current,UPI Payment,1360.69,17026.81,629,No,None,0,0,No Loan,High,Investment,ATM,Active,No,4,,
1004341,10406,504341,10-01-2025,21,Female,Jaipur,Premium,Savings,Deposit,695.5,342338.8,613,No,None,0,0,No Loan,High,Personal Loan,Mobile App,Active,No,4,,
1004178,11142,504178,16-02-2026,42,Female,Jaipur,Mass Market,Savings,Card Payment,5410.45,145420.59,651,Yes,Auto,4742.52,13.59,Active,Medium,Personal Loan,Internet Banking,Active,No,4,,
1003301,10331,503301,02-05-2025,42,Female,Jaipur,Affluent,Fixed Deposit,Withdrawal,653.49,9947.37,668,No,None,0,0,No Loan,Medium,Investment,Mobile App,Inactive,No,4,,
1003311,12460,503311,11-07-2026,31,Male,Pune,Premium,Fixed Deposit,Card Payment,14507.6,77077.75,621,No,None,0,0,No Loan,High,Investment,Mobile App,Active,No,3,,
1004567,12078,504567,15-08-2025,29,Female,Pune,Mass Market,Savings,Transfer,1144.07,80906.65,649,No,None,0,0,No Loan,High,Insurance,Branch,Active,No,4,,
1003126,10632,503126,23-01-2025,27,Male,Lucknow,Mass Market,Current,ATM,596.34,25379.27,700,No,None,0,0,No Loan,Medium,Personal Loan,Branch,Dormant,No,4,,
1000328,10036,500328,16-09-2024,26,Female,Lucknow,Premium,Current,Transfer,2944.61,14210.71,572,No,None,0,0,No Loan,High,Home Loan,Internet Banking,Active,No,4,,
1001791,10711,501791,23-08-2024,36,Female,Kolkata,Mass Market,Salary,Deposit,2822.64,9327.03,714,Yes,Business,75404.42,14.23,Active,Medium,Credit Card,Internet Banking,Inactive,No,5,,
1002491,10344,502491,17-04-2024,22,Male,Delhi,Premium,Salary,Transfer,1799.36,26552.09,737,No,None,0,0,No Loan,Medium,Personal Loan,Mobile App,Active,No,4,,
1002007,11827,502007,01-11-2025,29,Female,Pune,Mass Market,Savings,Card Payment,10781.71,66318.65,713,No,None,0,0,No Loan,Medium,Credit Card,Phone Banking,Active,No,3,,
1002008,11694,502008,31-03-2026,59,Male,Mumbai,Affluent,Current,Transfer,838.52,24764.65,686,No,None,0,0,No Loan,Medium,Fixed Deposit,Mobile App,Active,No,3,,
1001859,10036,501859,09-03-2026,33,Male,Hyderabad,Mass Market,Savings,ATM,2885.71,57415.18,746,Yes,Education,129935.59,13.68,Approved,Medium,Home Loan,ATM,Active,No,4,,
1004696,11002,504696,14-11-2024,41,Male,Hyderabad,Affluent,Savings,UPI Payment,4103.64,11168.02,657,Yes,Auto,50903.32,14.79,Active,Medium,Home Loan,Mobile App,Active,No,5,,
1000313,10626,500313,21-03-2026,21,Female,Pune,Mass Market,Savings,Withdrawal,970.98,11050.86,785,No,None,0,0,No Loan,Low,Fixed Deposit,Internet Banking,Active,No,5,,
1000833,10113,500833,07-03-2024,47,Female,Chennai,Premium,Current,Transfer,1543.05,63231.64,744,Yes,Home,36910.66,15.41,Approved,Medium,Home Loan,Phone Banking,Active,No,4,,
1003080,10113,503080,06-09-2025,28,Female,Lucknow,Mass Market,Savings,UPI Payment,3947.02,75377.75,557,No,None,0,0,No Loan,High,Insurance,Branch,Active,Yes,4,,
1004728,10979,504728,05-06-2026,37,Male,Lucknow,Affluent,Savings,Card Payment,4434.34,40226.68,636,Yes,Business,114663.08,8.71,Active,High,Fixed Deposit,Branch,Active,No,4,,
1003463,11773,503463,22-06-2024,33,Male,Hyderabad,Mass Market,Savings,Transfer,4475.99,175381.43,786,No,None,0,0,No Loan,Low,Credit Card,Internet Banking,Active,No,4,,
1001202,11224,501202,19-03-2024,39,Female,Lucknow,Affluent,Current,UPI Payment,3434.98,4447.64,719,No,None,0,0,No Loan,Medium,Investment,Branch,Active,No,4,,
1004402,11225,504402,29-11-2025,37,Male,Pune,Mass Market,Savings,Deposit,6726.56,5557.88,712,No,None,0,0,No Loan,Medium,Insurance,Internet Banking,Active,No,4,,
1003548,10521,503548,07-08-2024,52,Male,Hyderabad,Mass Market,Savings,Transfer,1520.5,29121.22,678,No,None,0,0,No Loan,Medium,Investment,ATM,Active,No,5,,
1004012,11072,504012,25-05-2026,28,Male,Bengaluru,Mass Market,Savings,Deposit,1092.44,27272.65,736,No,None,0,0,No Loan,Medium,Investment,Internet Banking,Active,No,4,,
1002135,10017,502135,16-01-2025,36,Female,Lucknow,Affluent,Salary,Transfer,3648.48,30379.23,703,No,None,0,0,No Loan,Medium,Fixed Deposit,ATM,Active,No,4,,
1003452,11901,503452,19-10-2024,46,Male,Hyderabad,High Net Worth,Salary,Deposit,5267.96,93809.46,645,No,None,0,0,No Loan,High,Insurance,ATM,Active,Yes,3,,
1002210,10522,502210,21-05-2025,40,Male,Pune,Mass Market,Savings,Card Payment,11985.21,8606.9,772,No,None,0,0,No Loan,Low,Insurance,Mobile App,Active,Yes,2,,
1001902,11101,501902,28-07-2024,26,Male,Delhi,Mass Market,Savings,Transfer,9420.17,32124.72,772,Yes,Home,166351.25,13.62,Active,Low,Fixed Deposit,Mobile App,Active,No,5,,
1001482,12256,501482,16-08-2024,36,Male,Ahmedabad,Mass Market,Savings,Withdrawal,2027.99,17526.44,663,No,None,0,0,No Loan,Medium,Investment,Internet Banking,Active,No,5,,
1000778,11170,500778,11-06-2026,46,Female,Chennai,Affluent,Savings,Deposit,6071.91,19339.87,667,No,None,0,0,No Loan,Medium,Fixed Deposit,Mobile App,Active,No,5,,
1000800,11631,500800,15-01-2024,43,Female,Chennai,Mass Market,Salary,Transfer,1468.01,64884.84,616,No,None,0,0,No Loan,High,Fixed Deposit,Branch,Active,No,4,,
1003715,11178,503715,09-08-2024,32,Female,Ahmedabad,Mass Market,Savings,Withdrawal,2491.36,23109.41,771,No,None,0,0,No Loan,Low,Savings Account,Mobile App,Active,No,5,,
1003943,10817,503943,16-11-2024,21,Male,Chennai,Mass Market,Current,Deposit,1580.3,37842.93,684,No,None,0,0,No Loan,Medium,Credit Card,Internet Banking,Active,Yes,4,,
1000055,11022,500055,27-06-2026,33,Female,Hyderabad,Mass Market,Salary,Deposit,1708.2,18621.76,731,Yes,Business,140471.62,13.84,Closed,Medium,Savings Account,Internet Banking,Inactive,No,5,,
1002973,10365,502973,15-02-2024,40,Male,Mumbai,Affluent,Salary,Deposit,3395.53,14407.48,706,No,None,0,0,No Loan,Medium,Savings Account,Internet Banking,Active,No,5,,
1003336,10491,503336,15-04-2024,30,Female,Delhi,High Net Worth,Current,Card Payment,2109.98,196340.57,730,No,None,0,0,No Loan,Medium,Credit Card,Internet Banking,Active,Yes,2,,
1001921,11765,501921,13-02-2025,31,Male,Chennai,Mass Market,Savings,ATM,2372.26,17516.15,677,Yes,Personal,26341.1,12.27,Active,Medium,Home Loan,Mobile App,Active,No,5,,
1003716,12009,503716,17-01-2025,29,Male,Bengaluru,Affluent,Savings,UPI Payment,2595.16,36290.73,732,No,None,0,0,No Loan,Medium,Personal Loan,Mobile App,Active,No,4,,
1004657,11944,504657,15-08-2024,31,Female,Jaipur,Mass Market,Salary,Card Payment,3386.72,5073.97,718,Yes,Personal,107927.13,11.34,Active,Medium,Personal Loan,Internet Banking,Active,No,4,,
1000947,10011,500947,08-07-2026,21,Female,Jaipur,Mass Market,Salary,Card Payment,1249.43,41489.46,629,No,None,0,0,No Loan,High,Credit Card,Internet Banking,Inactive,No,4,,
1001702,11391,501702,21-01-2025,58,Male,Kolkata,Mass Market,Savings,Transfer,6424.06,5981.38,754,No,None,0,0,No Loan,Low,Personal Loan,Internet Banking,Active,No,4,,
1003294,10720,503294,20-09-2024,36,Male,Ahmedabad,Premium,Fixed Deposit,Deposit,2067.53,18019.94,615,No,None,0,0,No Loan,High,Credit Card,Mobile App,Active,No,4,,
1002162,12325,502162,01-08-2024,27,Male,Delhi,Mass Market,Savings,Card Payment,10607.35,26295.84,693,No,None,0,0,No Loan,Medium,Insurance,Internet Banking,Active,No,5,,
1001137,12041,501137,08-09-2025,48,Female,Chennai,Mass Market,Current,Withdrawal,4222.02,23382.09,768,No,None,0,0,No Loan,Low,Home Loan,Mobile App,Dormant,No,5,,
1000988,11626,500988,12-09-2025,21,Female,Ahmedabad,Mass Market,Savings,ATM,4099.56,17984.45,696,Yes,Business,106344.35,9.88,Approved,Medium,Investment,Branch,Active,No,5,,
1002550,10259,502550,30-04-2025,23,,Bengaluru,Premium,Current,Withdrawal,11020.83,57525.18,644,Yes,Education,32323.93,10.48,Active,High,Personal Loan,Branch,Active,No,4,,
1000194,12192,500194,26-06-2026,43,Female,Mumbai,Affluent,Savings,Deposit,21664.7,11071.97,758,Yes,Home,96706.33,11.52,Closed,Low,Fixed Deposit,ATM,Active,No,3,,
1003058,11347,503058,10-09-2025,59,Male,Delhi,Affluent,Savings,ATM,1195.8,16036.68,632,Yes,Home,203543.42,11.45,Approved,High,Investment,Mobile App,Active,No,4,,
1003247,11052,503247,06-02-2026,49,Male,Delhi,Premium,Salary,Transfer,4349.51,5703.55,,No,None,0,0,No Loan,Medium,Home Loan,Phone Banking,Active,No,5,,
1001395,12013,501395,19-03-2024,35,Female,Pune,Affluent,Savings,UPI Payment,9897.63,43862.08,716,No,None,0,0,No Loan,Medium,Savings Account,Internet Banking,Active,No,5,,
1002638,10640,502638,18-04-2026,42,Female,Kolkata,Affluent,Savings,Card Payment,3603.99,4786.94,809,No,None,0,0,No Loan,Low,Home Loan,Branch,Inactive,No,5,,
1000769,12134,500769,25-04-2025,24,Female,Kolkata,Premium,Savings,Transfer,2186.81,8307.41,704,No,None,0,0,No Loan,Medium,Investment,Branch,Active,No,5,,
1004713,10608,504713,01-05-2026,43,Female,Kolkata,Mass Market,Salary,Withdrawal,7243.6,32527.43,762,No,None,0,0,No Loan,Low,Insurance,Mobile App,Inactive,No,4,,
1003091,12236,503091,30-08-2024,38,Male,Mumbai,Affluent,Current,UPI Payment,2860.79,22625.89,589,No,None,0,0,No Loan,High,Personal Loan,Internet Banking,Active,No,3,,
1003496,11391,503496,12-03-2025,54,Male,Hyderabad,Affluent,Salary,Withdrawal,5302.71,7452.42,695,No,None,0,0,No Loan,Medium,Insurance,Internet Banking,Active,No,4,,
1003216,11328,503216,20-01-2025,50,Male,Ahmedabad,Mass Market,Salary,Transfer,6346.83,15916.07,640,No,None,0,0,No Loan,High,Savings Account,Branch,Active,No,5,,
1000286,11216,500286,03-11-2025,29,Female,Chennai,Mass Market,Fixed Deposit,UPI Payment,4018.93,29294.41,818,No,None,0,0,No Loan,Low,Savings Account,Internet Banking,Active,No,4,,
1004949,10185,504949,10-07-2024,31,Male,Lucknow,Premium,Savings,Deposit,2727.56,23387.65,784,No,None,0,0,No Loan,Low,Investment,Mobile App,Active,No,5,,
1000429,11932,500429,17-05-2025,44,Male,Ahmedabad,Affluent,Current,ATM,2668.16,35029.31,645,Yes,Business,590091.86,12.14,Approved,High,Credit Card,Mobile App,Active,No,4,,
1004459,11052,504459,25-06-2024,39,Male,Bengaluru,Affluent,Savings,UPI Payment,12365.71,41813.83,689,Yes,Business,109307.9,12.6,Active,Medium,Investment,Internet Banking,Active,No,3,,
1002333,11133,502333,07-07-2025,26,Male,Chennai,Affluent,Salary,Card Payment,1037.85,4511,617,No,None,0,0,No Loan,High,Home Loan,ATM,Inactive,No,4,,
1002718,11059,502718,07-07-2024,21,Female,Delhi,Mass Market,Savings,Withdrawal,2710.27,23580.14,688,No,None,0,0,No Loan,Medium,Credit Card,Mobile App,Active,No,5,,
1002080,10820,502080,27-07-2026,43,Female,Kolkata,Premium,Salary,Withdrawal,1544.76,8609.93,,No,None,0,0,No Loan,Low,Credit Card,Phone Banking,Active,No,5,,
1003390,12202,503390,13-10-2025,55,Female,Ahmedabad,Mass Market,Savings,UPI Payment,710.49,7621.08,666,Yes,Business,57788.84,15.8,Active,Medium,Fixed Deposit,Branch,Active,No,4,,
1000723,12297,500723,03-07-2025,39,Male,Delhi,Mass Market,Current,Deposit,1433.08,44901.6,727,Yes,Home,33370.1,14.9,Defaulted,Medium,Fixed Deposit,Mobile App,Active,No,5,,
1000952,10346,500952,05-05-2024,33,Female,Kolkata,Affluent,Current,UPI Payment,2182.85,33299.32,725,No,None,0,0,No Loan,Medium,Home Loan,Branch,Active,Yes,3,,
1004394,12286,504394,15-05-2025,34,Female,Bengaluru,Mass Market,Savings,UPI Payment,5681.45,11044.55,754,No,None,0,0,No Loan,Low,Insurance,Mobile App,Active,No,4,,
1004377,10109,504377,05-09-2024,40,Female,Jaipur,Affluent,Salary,UPI Payment,1285.21,18329.44,761,Yes,Home,548466.59,11.53,Active,Low,Insurance,Internet Banking,Inactive,Yes,4,,
1002263,10023,502263,14-03-2026,41,Male,Hyderabad,Affluent,Savings,UPI Payment,1385.11,16635.48,692,No,None,0,0,No Loan,Medium,Fixed Deposit,Mobile App,Inactive,No,5,,
1000990,10386,500990,30-10-2025,28,Female,Ahmedabad,Affluent,Salary,Transfer,3544.25,15550.89,630,Yes,Home,321159.19,7.26,Defaulted,High,Home Loan,ATM,Active,Yes,2,,
1003213,10913,503213,08-03-2026,42,Female,Mumbai,Premium,Current,ATM,1736.56,13966.03,723,Yes,Auto,164778.5,13.38,Closed,Medium,Fixed Deposit,Mobile App,Active,No,4,,
1001760,11864,501760,28-09-2025,45,Male,Lucknow,Mass Market,Savings,ATM,2433.79,51529.97,718,Yes,Personal,172767.55,12.31,Approved,Medium,Home Loan,ATM,Active,No,5,,
1004117,11952,504117,12-06-2026,28,Female,Hyderabad,Premium,Salary,UPI Payment,4692.78,8089.93,773,No,None,0,0,No Loan,Low,Savings Account,Internet Banking,Active,No,5,,
1000327,11530,500327,31-01-2024,21,Female,Chennai,Mass Market,Fixed Deposit,ATM,6183.23,67059.47,747,No,None,0,0,No Loan,Medium,Insurance,ATM,Active,Yes,3,,
1002609,11716,502609,08-06-2025,47,Male,Chennai,Mass Market,Savings,Withdrawal,646.05,30321.06,723,Yes,Business,83202.43,10.69,Closed,Medium,Home Loan,ATM,Active,Yes,4,,
1001384,12055,501384,08-06-2026,33,Male,Hyderabad,Affluent,Salary,UPI Payment,1643.09,49736.67,733,Yes,Home,39399.1,14.27,Active,Medium,Investment,ATM,Active,No,3,,
1001725,11240,501725,29-12-2024,44,Male,Bengaluru,Affluent,Savings,UPI Payment,8571.18,53096,819,No,None,0,0,No Loan,Low,Investment,Mobile App,Active,No,4,,
1001087,11921,501087,24-08-2026,36,Male,Hyderabad,Affluent,Current,Deposit,4859.51,54403.47,655,No,None,0,0,No Loan,Medium,Insurance,Branch,Active,No,5,,
1002524,11578,502524,01-08-2025,36,Female,Hyderabad,Mass Market,Fixed Deposit,UPI Payment,1159.24,31882.83,578,Yes,Personal,184757.96,9.36,Active,High,Personal Loan,Internet Banking,Active,No,3,,
1000342,10575,500342,06-03-2024,41,Female,Bengaluru,Premium,Savings,Withdrawal,10936.91,67819.82,750,No,None,0,0,No Loan,Low,Credit Card,Internet Banking,Active,No,4,,
1003702,11158,503702,18-08-2025,31,Female,Jaipur,Affluent,Savings,Transfer,3591,26472.23,625,No,None,0,0,No Loan,High,Personal Loan,Mobile App,Active,No,4,,
1000148,11769,500148,25-10-2024,59,Female,Pune,Premium,Salary,UPI Payment,5161.44,18415.06,703,Yes,Home,42675.52,10.59,Active,Medium,Credit Card,Mobile App,Active,No,5,,
1000689,10069,500689,07-03-2025,24,Male,Kolkata,Premium,Salary,Transfer,14508.72,34203.16,734,No,None,0,0,No Loan,Medium,Investment,Branch,Active,No,4,,
1003433,11523,503433,06-01-2025,32,Male,Hyderabad,Mass Market,Savings,UPI Payment,8825.18,11479.91,779,No,None,0,0,No Loan,Low,Personal Loan,Mobile App,Active,No,4,,
1001108,10128,501108,20-03-2025,29,Male,Lucknow,Affluent,Salary,Card Payment,2229.74,27215.71,697,Yes,Auto,57803.87,14.8,Defaulted,Medium,Investment,Mobile App,Active,No,5,,
1000849,10010,500849,24-09-2024,36,Male,Hyderabad,Mass Market,Current,Card Payment,1257.78,17175.49,639,No,None,0,0,No Loan,High,Personal Loan,Internet Banking,Dormant,No,4,,
1000967,11014,500967,14-06-2024,27,Male,Bengaluru,Affluent,Savings,Transfer,12180.31,40767.36,770,No,None,0,0,No Loan,Low,Personal Loan,Mobile App,Active,No,3,,
1004993,11380,504993,21-02-2026,27,Male,Mumbai,Affluent,Savings,Withdrawal,2190.92,86833.85,754,No,None,0,0,No Loan,Low,Savings Account,Internet Banking,Active,No,4,,
1001493,12247,501493,28-03-2026,31,Female,Bengaluru,Mass Market,Salary,UPI Payment,3146.3,13353.9,748,No,None,0,0,No Loan,Medium,Investment,Mobile App,Active,No,5,,
1003954,11404,503954,25-06-2026,49,Male,Chennai,Mass Market,Salary,Withdrawal,1517.15,41294.58,679,No,None,0,0,No Loan,Medium,Investment,Phone Banking,Active,No,5,,
1002204,11717,502204,26-10-2024,33,Female,Pune,Mass Market,Savings,Withdrawal,5973.46,99472.4,636,No,None,0,0,No Loan,High,Credit Card,Mobile App,Inactive,No,4,,
1002714,11086,502714,12-01-2026,21,Female,Lucknow,Mass Market,Savings,Withdrawal,925.77,69347.47,777,No,None,0,0,No Loan,Low,Savings Account,Internet Banking,Inactive,No,5,,
1000662,10624,500662,27-07-2026,33,Female,Delhi,Affluent,Savings,Transfer,11439.69,15035.13,597,No,None,0,0,No Loan,High,Fixed Deposit,Internet Banking,Active,No,5,,
1001003,11204,501003,01-01-2024,39,Male,Pune,Mass Market,Current,UPI Payment,3711.88,11566.5,767,No,None,0,0,No Loan,Low,Investment,Internet Banking,Active,No,3,,
1000063,11982,500063,25-05-2025,43,Female,Kolkata,Premium,Savings,Withdrawal,21897.75,10423.84,579,No,None,0,0,No Loan,High,Credit Card,Mobile App,Active,Yes,3,,
1000285,10547,500285,30-03-2026,41,Female,Bengaluru,Premium,Salary,Transfer,1414.78,23248.74,763,No,None,0,0,No Loan,Low,Personal Loan,Mobile App,Inactive,No,3,,
1002225,12170,502225,19-03-2025,39,Male,Kolkata,Mass Market,Savings,UPI Payment,1668.4,5414.85,686,Yes,Auto,38592.33,14.41,Active,Medium,Personal Loan,ATM,Dormant,No,4,,
1004717,11236,504717,24-09-2025,22,Male,Chennai,Premium,Savings,Withdrawal,7008.58,29583.33,692,Yes,Education,65612.41,7.89,Active,Medium,Credit Card,Internet Banking,Active,No,5,,
1001880,10720,501880,06-08-2025,44,Male,Ahmedabad,Affluent,Fixed Deposit,Deposit,4350.31,11210.29,678,No,None,0,0,No Loan,Medium,Insurance,ATM,Active,No,4,,
1003573,12121,503573,20-06-2025,38,Male,Chennai,High Net Worth,Savings,Withdrawal,10058.24,29854.05,646,No,None,0,0,No Loan,High,Personal Loan,Mobile App,Active,No,4,,
1004868,11033,504868,09-08-2025,21,Male,Chennai,Premium,Savings,Transfer,10525.84,163111.88,783,Yes,Home,43858.53,15.4,Active,Low,Home Loan,Mobile App,Inactive,No,5,,
1001204,11292,501204,07-07-2026,43,Female,Delhi,Premium,Current,Withdrawal,2990.99,5451,677,No,None,0,0,No Loan,Medium,Savings Account,ATM,Active,No,5,,
1001991,11726,501991,02-05-2026,26,Female,Kolkata,Mass Market,Salary,ATM,2627.58,53219.26,845,No,None,0,0,No Loan,Low,Fixed Deposit,Mobile App,Inactive,No,4,,
1000025,10748,500025,09-07-2025,50,Female,Bengaluru,Mass Market,Savings,Transfer,5053.96,37532.93,685,Yes,Education,70177.88,7.37,Active,Medium,Personal Loan,Mobile App,Active,No,4,,
1004863,11939,504863,01-12-2024,21,Female,Jaipur,Affluent,Current,Card Payment,4051.63,31307.13,698,Yes,Personal,138086.76,12.84,Closed,Medium,Home Loan,ATM,Inactive,No,5,,
1004112,11328,504112,24-05-2025,54,Female,Ahmedabad,Mass Market,Salary,ATM,10859.87,48179.39,771,No,None,0,0,No Loan,Low,Home Loan,Internet Banking,Active,No,3,,
1004177,11320,504177,15-07-2024,34,Male,Hyderabad,Mass Market,Salary,UPI Payment,3409.46,17304.44,626,No,None,0,0,No Loan,High,Personal Loan,Mobile App,Active,No,5,,
1000763,12076,500763,30-06-2024,21,Female,Kolkata,Mass Market,Savings,Deposit,10771.1,67231.87,696,Yes,Personal,38329.68,11.41,Active,Medium,Fixed Deposit,Internet Banking,Active,No,4,,
1000876,11373,500876,17-01-2026,36,Male,Ahmedabad,Mass Market,Savings,UPI Payment,4654.72,6023.76,697,No,None,0,0,No Loan,Medium,Fixed Deposit,Mobile App,Active,No,4,,
1004753,12329,504753,02-09-2024,48,Female,Bengaluru,Mass Market,Savings,Card Payment,1119.25,28667.28,719,No,None,0,0,No Loan,Medium,Investment,Internet Banking,Active,No,4,,
1000939,12372,500939,30-08-2026,31,Male,Jaipur,Premium,Savings,ATM,2418.94,12826.66,847,No,None,0,0,No Loan,Low,Savings Account,ATM,Active,No,4,,
1002688,11532,502688,11-04-2026,34,Male,Hyderabad,Mass Market,Savings,Card Payment,2889.73,12164.38,743,No,None,0,0,No Loan,Medium,Savings Account,Internet Banking,Active,No,5,,
1003601,10701,503601,07-08-2026,28,Female,Kolkata,Mass Market,Current,Transfer,978.21,36694.17,827,No,None,0,0,No Loan,Low,Investment,Mobile App,Active,No,4,,
1002395,12309,502395,22-02-2025,30,Female,Delhi,Mass Market,Savings,Card Payment,3543.81,44551.34,755,No,None,0,0,No Loan,Low,Credit Card,Mobile App,Active,No,3,,
1004578,11462,504578,23-10-2024,52,Male,Pune,Mass Market,Savings,Deposit,586.48,10732.38,691,No,None,0,0,No Loan,Medium,Credit Card,Mobile App,Active,No,4,,
1004991,11444,504991,30-11-2025,37,Female,Pune,Mass Market,Savings,UPI Payment,1572.67,18941.71,664,No,None,0,0,No Loan,Medium,Insurance,Mobile App,Active,No,4,,
1004134,11944,504134,18-11-2024,38,Male,Kolkata,Affluent,Savings,UPI Payment,3719.95,14446.22,660,No,None,0,0,No Loan,Medium,Home Loan,Branch,Active,No,4,,
1004575,11983,504575,17-03-2024,48,Male,Jaipur,Affluent,Savings,Card Payment,6079.66,113170.43,718,Yes,Auto,121779.64,8.62,Active,Medium,Credit Card,ATM,Active,No,4,,
1000386,10560,500386,23-04-2026,30,Female,Bengaluru,Mass Market,Savings,Transfer,5025.09,90008.56,847,No,None,0,0,No Loan,Low,Home Loan,Internet Banking,Active,No,5,,
1004592,11637,504592,25-02-2026,28,Female,Hyderabad,Mass Market,Current,Deposit,4681.71,59243.15,674,No,None,0,0,No Loan,Medium,Fixed Deposit,Internet Banking,Active,No,3,,
1004580,10606,504580,15-12-2025,45,Male,Kolkata,Premium,Savings,Deposit,1593.15,87229.7,767,No,None,0,0,No Loan,Low,Home Loan,Internet Banking,Active,No,5,,
1000537,10754,500537,20-05-2024,39,Female,Lucknow,Mass Market,Savings,Deposit,4650.58,16392.06,708,Yes,Education,68426.07,7.21,Closed,Medium,Investment,Internet Banking,Active,No,,,
1004676,11936,504676,20-08-2025,21,Male,Ahmedabad,Affluent,Savings,Transfer,39152.44,45506.61,661,No,None,0,0,No Loan,Medium,Home Loan,Internet Banking,Active,No,5,,
1003508,10181,503508,09-10-2024,24,Male,Chennai,Affluent,Fixed Deposit,ATM,2895.06,12979.48,624,No,None,0,0,No Loan,High,Savings Account,Mobile App,Inactive,Yes,3,,
1000202,11370,500202,24-02-2025,44,Male,Chennai,Mass Market,Fixed Deposit,Withdrawal,10590.5,8561.39,698,No,None,0,0,No Loan,Medium,Home Loan,Mobile App,Dormant,No,5,,
1001333,10988,501333,24-03-2026,58,Male,Pune,Premium,Salary,Deposit,5436.12,119333.14,738,No,None,0,0,No Loan,Medium,Insurance,Mobile App,Active,No,5,,
1003503,12481,503503,21-08-2025,26,Male,Hyderabad,Affluent,Savings,Deposit,1300.54,83312.29,,Yes,Personal,11089.87,8.34,Closed,Low,Savings Account,Internet Banking,Active,No,5,,
1002709,11800,502709,06-04-2026,35,Male,Chennai,Mass Market,Current,UPI Payment,2227.94,4102.87,665,Yes,Home,76071.39,8.28,Active,Medium,Insurance,Mobile App,Inactive,No,5,,
1004022,10583,504022,14-04-2026,37,Female,Bengaluru,Mass Market,Savings,Deposit,2601.33,54035,609,Yes,Education,52467.9,7.43,Approved,High,Insurance,Mobile App,Active,No,5,,
1001855,12360,501855,19-08-2024,34,Female,Jaipur,Mass Market,Savings,Withdrawal,1421.65,13903.75,667,Yes,Business,179015.1,9.98,Approved,Medium,Fixed Deposit,Internet Banking,Active,No,5,,
1004480,10210,504480,25-02-2026,45,Male,Ahmedabad,Mass Market,Salary,ATM,3334.42,811765.34,671,No,None,0,0,No Loan,Medium,Insurance,Mobile App,Active,No,3,,
1002873,11105,502873,05-09-2024,37,Male,Hyderabad,Mass Market,Current,UPI Payment,1825.07,5867.73,673,Yes,Auto,190608.57,7,Active,Medium,Insurance,Mobile App,Active,No,5,,
1003031,10864,503031,05-10-2025,36,Female,Bengaluru,Affluent,Savings,Card Payment,5382.05,35317.18,706,Yes,Personal,32827.79,15.69,Closed,Medium,Investment,Phone Banking,Active,No,4,,
1001206,11562,501206,13-05-2025,45,Male,Hyderabad,Affluent,Savings,UPI Payment,1256.02,8846.41,729,No,None,0,0,No Loan,Medium,Home Loan,ATM,Active,No,5,,
1001646,12069,501646,18-08-2025,70,Male,Mumbai,Mass Market,Savings,Card Payment,1440.81,5732.08,767,No,None,0,0,No Loan,Low,Home Loan,Internet Banking,Active,No,5,,
1003418,11637,503418,13-03-2026,31,Female,Hyderabad,Mass Market,Current,Card Payment,3381.38,41654.77,773,No,None,0,0,No Loan,Low,Insurance,Mobile App,Active,Yes,5,,
1003477,12375,503477,04-03-2024,48,Female,Jaipur,Mass Market,Savings,Deposit,3422.84,2569.23,746,No,None,0,0,No Loan,Medium,Credit Card,Internet Banking,Active,No,5,,
1002862,10210,502862,05-01-2025,29,Male,,Affluent,Savings,ATM,2162.93,40725.95,723,Yes,Personal,30049.88,8.28,Approved,Medium,Home Loan,ATM,Active,No,5,,
1001793,10917,501793,22-04-2025,31,Male,Chennai,Mass Market,Salary,ATM,1842.03,48831.89,562,No,None,0,0,No Loan,High,Insurance,Phone Banking,Active,No,5,,
1003798,10603,503798,23-05-2026,24,Female,Mumbai,Mass Market,Savings,ATM,9811.81,52015.18,673,No,None,0,0,No Loan,Medium,Credit Card,Mobile App,Active,No,4,,
1003369,12098,503369,19-02-2024,21,Female,Hyderabad,Mass Market,Fixed Deposit,Withdrawal,6732.77,34244.37,673,No,None,0,0,No Loan,Medium,Savings Account,Mobile App,Active,No,4,,
1003368,12381,503368,11-07-2025,44,Female,Hyderabad,Affluent,Fixed Deposit,UPI Payment,1222.34,48772.48,651,Yes,Business,95359.83,9.4,Closed,Medium,Credit Card,Mobile App,Active,No,3,,
1003534,11435,503534,25-03-2024,31,Female,Lucknow,Affluent,Salary,Card Payment,3630.26,65519.54,732,No,None,0,0,No Loan,Medium,Savings Account,Phone Banking,Dormant,No,5,,
1003450,11793,503450,23-10-2024,37,Female,Chennai,Mass Market,Salary,Transfer,2040.4,110866.23,710,Yes,Business,29123.11,10.53,Approved,Medium,Savings Account,Mobile App,Active,No,5,,
1000604,10010,500604,27-07-2026,44,Male,Ahmedabad,Affluent,Savings,Withdrawal,1318.76,21597.45,724,No,None,0,0,No Loan,Medium,Credit Card,Internet Banking,Inactive,No,5,,
1003057,12195,503057,28-12-2025,35,Female,Delhi,Mass Market,Savings,Card Payment,9098.71,9155.41,793,No,None,0,0,No Loan,Low,Credit Card,Mobile App,Active,No,5,,
1004371,10481,504371,02-03-2025,41,Female,Delhi,Affluent,Fixed Deposit,Deposit,6489.78,5154.62,721,Yes,Business,35652.08,7.87,Closed,Medium,Home Loan,Branch,Inactive,No,5,,
1000127,10541,500127,14-10-2025,50,Male,Delhi,Mass Market,Salary,Card Payment,1021.73,7764.58,595,Yes,Education,44664.48,11.76,Closed,High,Savings Account,Internet Banking,Active,Yes,3,,
1003877,12124,503877,06-01-2025,58,Male,Ahmedabad,Premium,Savings,Card Payment,4302.1,21885.01,630,No,None,0,0,No Loan,High,Home Loan,Mobile App,Active,Yes,3,,
1002936,11400,502936,01-03-2025,32,Female,Lucknow,Mass Market,Current,Deposit,5707.17,98617.38,689,No,None,0,0,No Loan,Medium,Savings Account,ATM,Active,No,5,,
1003532,10869,503532,09-03-2024,33,Other,Bengaluru,Mass Market,Savings,Withdrawal,2383.84,18062.23,705,No,None,0,0,No Loan,Medium,Fixed Deposit,ATM,Active,No,4,,
1002731,11348,502731,03-07-2025,41,Female,Hyderabad,Premium,Salary,Withdrawal,17244.5,45866.79,763,No,None,0,0,No Loan,Low,Credit Card,ATM,Active,No,5,,
1000828,11142,500828,25-11-2024,42,Male,Hyderabad,Mass Market,Savings,UPI Payment,5019.06,94185.89,689,Yes,Auto,287016.13,9.65,Active,Medium,Personal Loan,Mobile App,Active,No,3,,
1001640,11395,501640,01-03-2026,34,Male,Pune,Mass Market,Savings,Transfer,1953.51,18359.71,741,Yes,Education,62225.82,13.93,Active,Medium,Fixed Deposit,ATM,Active,No,3,,
1000985,10575,500985,28-02-2024,45,Male,Hyderabad,Mass Market,Salary,Transfer,1050.76,79828.46,718,No,None,0,0,No Loan,Medium,Fixed Deposit,Internet Banking,Active,No,4,,
1003282,11706,503282,05-08-2026,41,Female,Kolkata,Mass Market,Savings,Deposit,2989.02,36110.24,686,No,None,0,0,No Loan,Medium,Savings Account,ATM,Active,No,4,,
1004982,10674,504982,19-07-2024,21,Male,Ahmedabad,Mass Market,Savings,UPI Payment,352.82,37774.46,623,No,None,0,0,No Loan,High,Insurance,Mobile App,Active,No,4,,
1002189,11641,502189,24-05-2024,23,Male,Lucknow,Premium,Savings,Transfer,619.29,9800.24,642,No,None,0,0,No Loan,High,Home Loan,Mobile App,Active,No,4,,
1004623,11269,504623,18-12-2025,21,Male,Hyderabad,Mass Market,Savings,Card Payment,1945.43,31647.82,850,Yes,Business,52864.46,9.03,Closed,Low,Savings Account,Mobile App,Active,No,5,,
1002444,12247,502444,27-06-2024,38,Female,Mumbai,Mass Market,Salary,Withdrawal,2328.33,116682.66,814,No,None,0,0,No Loan,Low,Insurance,Branch,Active,No,5,,
1000363,10636,500363,12-12-2025,42,Male,Ahmedabad,Affluent,Savings,UPI Payment,7009.46,75056.47,829,Yes,Personal,23146.71,12.98,Approved,Low,Investment,Mobile App,Inactive,No,5,,
1002350,11137,502350,07-01-2025,36,Male,Chennai,Premium,Savings,ATM,11422.74,11791.06,662,No,None,0,0,No Loan,Medium,Savings Account,Mobile App,Active,No,4,,
1000346,12353,500346,14-03-2026,27,Female,Bengaluru,Affluent,Savings,UPI Payment,5837.4,21379.55,611,No,None,0,0,No Loan,High,Personal Loan,Internet Banking,Active,No,4,,
1000815,10118,500815,09-03-2024,32,Male,Hyderabad,Premium,Current,Transfer,5582.69,17579.12,582,No,None,0,0,No Loan,High,Fixed Deposit,Internet Banking,Dormant,No,5,,
1003206,10793,503206,23-04-2024,34,Male,Hyderabad,Premium,Fixed Deposit,Withdrawal,4891.76,19304.93,650,Yes,Personal,140543.93,13.36,Active,Medium,Credit Card,Internet Banking,Active,No,5,,
1004170,10654,504170,11-03-2026,38,Male,Chennai,Mass Market,Salary,Card Payment,5801.07,24753.66,737,No,None,0,0,No Loan,Medium,Fixed Deposit,Internet Banking,Active,No,4,,
1004806,12120,504806,11-03-2024,23,Female,Delhi,Mass Market,Current,Deposit,3028.1,17984.23,659,No,None,0,0,No Loan,Medium,Fixed Deposit,Internet Banking,Active,No,3,,
1003326,11595,503326,31-08-2025,25,Female,Jaipur,Mass Market,Salary,ATM,4120.06,78151.56,741,No,None,0,0,No Loan,Medium,Savings Account,Internet Banking,Active,No,5,,
1004107,10499,504107,03-06-2024,41,Female,Delhi,Affluent,Savings,Deposit,6815.66,57955.44,720,No,None,0,0,No Loan,Medium,Insurance,Mobile App,Active,No,5,,
1002117,11941,502117,30-03-2024,31,Male,Jaipur,Affluent,Salary,Deposit,5291.47,6015.59,696,No,None,0,0,No Loan,Medium,Insurance,Mobile App,Active,No,5,,
1001835,10470,501835,04-04-2026,38,Male,Ahmedabad,Affluent,Salary,Withdrawal,1659.5,53719.7,712,No,None,0,0,No Loan,Medium,Fixed Deposit,Branch,Active,No,5,,
1000794,11461,500794,13-08-2026,35,Female,Bengaluru,Mass Market,Savings,Deposit,942.58,15038.52,813,No,None,0,0,No Loan,Low,Insurance,Branch,Active,No,4,,
1004957,12060,504957,31-07-2025,31,Other,Kolkata,Mass Market,Current,Deposit,3500.95,4002.57,637,No,None,0,0,No Loan,High,Savings Account,Internet Banking,Active,No,,,
1002675,10154,502675,15-10-2024,21,Female,Ahmedabad,Affluent,Fixed Deposit,UPI Payment,995.29,47279.64,617,No,None,0,0,No Loan,High,Insurance,Phone Banking,Active,Yes,5,,
1000095,12279,500095,27-02-2024,24,Male,Bengaluru,Affluent,Salary,UPI Payment,2683.62,19900.39,734,No,None,0,0,No Loan,Medium,Savings Account,Mobile App,Active,Yes,2,,
1003757,12218,503757,30-04-2024,39,Female,Mumbai,Premium,Current,Card Payment,778.78,100856.91,723,Yes,Auto,210774.21,11.28,Active,Medium,Investment,Mobile App,Active,No,3,,
1002892,12468,502892,13-01-2026,45,Male,Lucknow,Premium,Savings,Card Payment,4474.13,42495.48,638,No,None,0,0,No Loan,High,Savings Account,Internet Banking,Inactive,No,5,,
1002372,10602,502372,16-04-2026,38,Female,Bengaluru,Affluent,Savings,Deposit,1256.09,28732.9,774,No,None,0,0,No Loan,Low,Investment,Branch,Active,No,5,,
1004420,10072,504420,09-06-2024,32,Female,Kolkata,Premium,Savings,UPI Payment,6797.27,44644.07,610,Yes,Auto,82250.92,11.01,Closed,High,Savings Account,Mobile App,Active,Yes,3,,
1004443,11257,504443,07-05-2024,40,Female,Hyderabad,Mass Market,Current,ATM,3388.98,108992.16,783,No,None,0,0,No Loan,Low,Personal Loan,Mobile App,Inactive,No,,,
1003229,12258,503229,27-01-2025,27,Female,Bengaluru,Mass Market,Current,Deposit,1902.39,65700.83,850,No,None,0,0,No Loan,Low,Home Loan,Mobile App,Active,No,3,,
1002854,10105,502854,14-02-2026,27,Female,Chennai,Mass Market,Salary,ATM,3905.75,26869.78,821,No,None,0,0,No Loan,Low,Credit Card,Mobile App,Active,No,5,,
1002913,12469,502913,27-03-2026,25,Male,Delhi,Mass Market,Savings,Deposit,4735.21,17563.94,602,No,None,0,0,No Loan,High,Credit Card,ATM,Active,No,4,,
1001866,11400,501866,13-06-2025,56,Male,Ahmedabad,Mass Market,Savings,Transfer,1783.72,35503.94,737,No,None,0,0,No Loan,Medium,Credit Card,Phone Banking,Active,No,4,,
1001858,10952,501858,21-04-2025,34,Male,Ahmedabad,Mass Market,Current,UPI Payment,1251.72,52339.62,681,No,None,0,0,No Loan,Medium,Home Loan,Mobile App,Active,No,5,,
1002646,10533,502646,07-01-2026,34,Male,Mumbai,Affluent,Savings,Card Payment,2244.45,10343.99,664,No,None,0,0,No Loan,Medium,Insurance,Internet Banking,Active,No,4,,
1002244,11369,502244,27-07-2025,43,,Kolkata,Mass Market,Current,Transfer,814.93,73176.06,679,No,None,0,0,No Loan,Medium,Fixed Deposit,Mobile App,Active,No,5,,
1002337,10998,502337,24-11-2024,36,Male,Lucknow,Premium,Current,Deposit,3861.55,33582.92,723,Yes,Personal,12613.26,10.76,Active,Medium,Savings Account,Internet Banking,Active,No,4,,
1000951,10815,500951,11-10-2024,34,Female,Bengaluru,Premium,Salary,ATM,10714.92,12562.64,648,No,None,0,0,No Loan,High,Fixed Deposit,Internet Banking,Active,No,5,,
1003069,12368,503069,10-04-2025,33,Male,Mumbai,Mass Market,Salary,Withdrawal,728.48,64209.13,716,Yes,Home,14612.47,12.85,Defaulted,Medium,Savings Account,Mobile App,Active,No,5,,
1001121,12090,501121,17-03-2025,25,Female,Bengaluru,Premium,Savings,Transfer,4431.82,29366.54,783,No,None,0,0,No Loan,Low,Credit Card,Branch,Inactive,No,5,,
1002598,11155,502598,28-12-2025,40,Female,Lucknow,Premium,Salary,Deposit,4773.36,16213.39,764,Yes,Education,94235.17,11.68,Closed,Low,Home Loan,ATM,Active,No,3,,
1002205,12208,502205,07-01-2024,46,Male,Bengaluru,Mass Market,Savings,UPI Payment,1436.95,17430.65,755,No,None,0,0,No Loan,Low,Insurance,Internet Banking,Active,No,5,,
1000420,10516,500420,07-04-2024,34,Female,Hyderabad,Mass Market,Current,Deposit,5315.21,5539.31,771,No,None,0,0,No Loan,Low,Insurance,Branch,Active,No,3,,
1000923,10951,500923,11-04-2025,28,Female,Kolkata,Mass Market,Current,Deposit,18930.93,16002.15,762,Yes,Home,171214.83,14.44,Approved,Low,Credit Card,Mobile App,Active,No,3,,
1001255,10958,501255,23-03-2024,46,Male,Bengaluru,Mass Market,Savings,Transfer,2469.04,29788.61,736,No,None,0,0,No Loan,Medium,Home Loan,Branch,Inactive,No,4,,
1000478,12225,500478,07-03-2024,36,Male,Chennai,Mass Market,Savings,ATM,390.44,18957.61,715,No,None,0,0,No Loan,Medium,Investment,Branch,Inactive,No,4,,
1002036,11604,502036,23-07-2025,29,Female,Chennai,Affluent,Salary,Deposit,961.65,10571.46,685,Yes,Auto,38175.68,8.91,Approved,Medium,Personal Loan,Mobile App,Active,No,5,,
1001203,11113,501203,19-10-2025,39,Female,Chennai,Premium,Savings,UPI Payment,7112.31,45172.38,761,No,None,0,0,No Loan,Low,Fixed Deposit,ATM,Active,No,5,,
1002627,10936,502627,26-04-2024,41,Male,Delhi,Affluent,Savings,Transfer,5674.9,44581.77,693,No,None,0,0,No Loan,Medium,Investment,Branch,Active,No,4,,
1004829,11806,504829,16-06-2026,29,Male,Bengaluru,Mass Market,Savings,Transfer,7315.42,25051.34,632,Yes,Personal,56919.22,8.24,Active,High,Investment,Internet Banking,Active,No,5,,
1001971,10149,501971,13-02-2026,34,Male,Bengaluru,Mass Market,Salary,Deposit,3999.53,12599.17,705,No,None,0,0,No Loan,Medium,Credit Card,ATM,Active,No,4,,
1003111,11090,503111,24-01-2026,21,Male,Pune,Affluent,Savings,UPI Payment,6035.76,3390.36,697,Yes,Personal,203424.67,10.88,Active,Medium,Insurance,Mobile App,Active,Yes,1,,
1004019,11504,504019,14-01-2025,48,Male,Kolkata,Affluent,Current,UPI Payment,4745.81,71495.35,634,Yes,Business,100157.48,8.13,Active,High,Personal Loan,Internet Banking,Active,No,5,,
1002152,12497,502152,05-04-2025,21,Male,Hyderabad,Affluent,Current,Deposit,932.61,30495.23,809,No,None,0,0,No Loan,Low,Home Loan,Mobile App,Active,Yes,2,,
1003688,10022,503688,02-05-2025,44,Female,Bengaluru,Affluent,Savings,ATM,7338.93,8826.45,632,Yes,Business,224106.26,7.06,Closed,High,Investment,Mobile App,Active,No,5,,
1001998,10342,501998,05-04-2025,29,Female,Pune,Affluent,Savings,ATM,3489.14,19736.79,707,Yes,Business,115935.52,8.59,Active,Medium,Insurance,Internet Banking,Active,No,3,,
1004034,11706,504034,30-10-2024,40,Female,Kolkata,Affluent,Savings,Withdrawal,4012.12,17723.35,684,No,None,0,0,No Loan,Medium,Credit Card,Internet Banking,Active,No,4,,
1003055,10881,503055,02-11-2024,56,Male,Ahmedabad,Mass Market,Salary,ATM,912.69,57730.74,693,No,None,0,0,No Loan,Medium,Investment,ATM,Active,No,4,,
1001249,11805,501249,28-08-2024,31,Female,Chennai,Mass Market,Savings,ATM,1567.02,11074.6,769,No,None,0,0,No Loan,Low,Investment,Internet Banking,Active,No,5,,
1002193,10119,502193,17-02-2025,41,Male,Chennai,Affluent,Savings,Deposit,2492.84,11677.41,803,No,None,0,0,No Loan,Low,Investment,Internet Banking,Inactive,No,3,,
1002713,10695,502713,29-06-2024,41,Female,Ahmedabad,Mass Market,Salary,Deposit,3289.89,21862.99,839,No,None,0,0,No Loan,Low,Credit Card,Branch,Active,No,5,,
1000993,12395,500993,07-11-2024,27,Female,Mumbai,Affluent,Current,Deposit,13649.18,61507.7,718,No,None,0,0,No Loan,Medium,Credit Card,Mobile App,Active,No,4,,
1002191,10217,502191,28-11-2024,29,Male,Lucknow,Mass Market,Salary,UPI Payment,1283.8,13766.97,628,No,None,0,0,No Loan,High,Fixed Deposit,Branch,Active,Yes,3,,
1003763,11135,503763,05-02-2026,32,Female,Hyderabad,Affluent,Salary,Deposit,619.1,130174.69,766,Yes,Education,117852.87,12.31,Closed,Low,Investment,Branch,Active,No,5,,
1003598,11825,503598,23-07-2024,45,Male,Hyderabad,Mass Market,Savings,UPI Payment,3876.16,54218.78,690,No,None,0,0,No Loan,Medium,Fixed Deposit,Mobile App,Active,Yes,2,,
1001319,12110,501319,08-08-2025,28,Male,Mumbai,Mass Market,Current,Deposit,3245.64,12025.55,,No,None,0,0,No Loan,Medium,Home Loan,ATM,Active,No,5,,
1001864,11409,501864,31-07-2024,42,Male,Delhi,Affluent,Savings,UPI Payment,3519.37,113641.78,744,No,None,0,0,No Loan,Medium,Insurance,Internet Banking,Active,Yes,4,,
1002344,10183,502344,03-09-2025,36,Female,,Mass Market,Salary,Card Payment,687.09,20900.02,742,No,None,0,0,No Loan,Medium,Insurance,Internet Banking,Active,No,5,,
1002450,12362,502450,06-06-2024,46,Female,Chennai,Affluent,Savings,Transfer,7236.31,94569.45,815,No,None,0,0,No Loan,Low,Insurance,Internet Banking,Active,No,4,,
1002137,10425,502137,15-07-2026,25,Female,Delhi,Mass Market,Savings,Transfer,1237.19,99374.21,702,No,None,0,0,No Loan,Medium,Savings Account,ATM,Active,Yes,3,,
1001066,12144,501066,15-05-2026,43,Male,Kolkata,Mass Market,Current,ATM,3200.52,83952.06,577,No,None,0,0,No Loan,High,Credit Card,Mobile App,Active,No,4,,
1004971,10923,504971,11-08-2025,39,Female,Pune,Premium,Savings,UPI Payment,1332.76,21625.99,697,No,None,0,0,No Loan,Medium,Home Loan,ATM,Active,No,4,,
1002622,10724,502622,31-05-2025,43,Female,Ahmedabad,Mass Market,Savings,ATM,3105.26,14698.53,670,No,None,0,0,No Loan,Medium,Home Loan,Phone Banking,Active,No,5,,
1000078,10380,500078,04-05-2026,52,Female,Chennai,Mass Market,Savings,UPI Payment,2533.66,42014.21,657,No,None,0,0,No Loan,Medium,Credit Card,ATM,Active,No,4,,
1002899,11475,502899,07-06-2024,53,Other,Mumbai,Affluent,Current,Transfer,3177.13,35526.97,680,No,None,0,0,No Loan,Medium,Home Loan,Mobile App,Active,No,5,,
1001315,11597,501315,21-06-2025,21,Male,Mumbai,Affluent,Savings,UPI Payment,1027.11,84332.19,688,No,None,0,0,No Loan,Medium,Savings Account,Mobile App,Active,Yes,2,,
1004383,11521,504383,06-05-2026,41,Male,Jaipur,Affluent,Fixed Deposit,UPI Payment,1734.98,130347.07,717,No,None,0,0,No Loan,Medium,Savings Account,Branch,Active,No,4,,
1000873,11571,500873,09-03-2026,24,Female,Chennai,Premium,Salary,Deposit,1280.21,40382.11,751,Yes,Business,102029.92,9.54,Active,Low,Savings Account,ATM,Active,Yes,4,,
1003851,12360,503851,27-04-2024,28,Male,Delhi,Mass Market,Salary,Withdrawal,3015.06,45230.49,726,Yes,Education,126479.63,13.27,Active,Medium,Home Loan,ATM,Active,No,5,,
1004798,12346,504798,12-09-2025,34,Male,Mumbai,Premium,Savings,Deposit,3773.94,23338.72,709,No,None,0,0,No Loan,Medium,Insurance,Internet Banking,Active,No,5,,
1002966,11524,502966,26-04-2024,21,Female,Delhi,Mass Market,Salary,Card Payment,7303.18,30058.86,676,Yes,Business,79987.87,8.28,Active,Medium,Credit Card,ATM,Active,No,5,,
1003392,11284,503392,28-06-2026,34,Female,Bengaluru,Premium,Current,Deposit,11669.89,25234.63,654,Yes,Business,211309.15,10.6,Approved,Medium,Fixed Deposit,Mobile App,Active,No,3,,
1002561,12308,502561,13-03-2026,54,Male,Delhi,Premium,Current,ATM,2317.63,89491.88,746,No,None,0,0,No Loan,Medium,Personal Loan,Mobile App,Active,No,4,,
1004907,10245,504907,03-11-2024,45,Male,Mumbai,Mass Market,Salary,Deposit,3298.6,85505.69,773,No,None,0,0,No Loan,Low,Investment,Mobile App,Active,No,3,,
1002636,10968,502636,09-08-2025,33,Female,Kolkata,Mass Market,Salary,UPI Payment,1274.49,16824.73,795,No,None,0,0,No Loan,Low,Fixed Deposit,Internet Banking,Active,No,5,,
1003531,10306,503531,06-06-2024,31,Female,Chennai,Mass Market,Current,Card Payment,1229.27,61885.56,761,No,None,0,0,No Loan,Low,Savings Account,Branch,Active,Yes,4,,
1000376,11854,500376,27-08-2026,44,Male,Hyderabad,Affluent,Savings,Deposit,10046.34,96836.35,743,No,None,0,0,No Loan,Medium,Investment,Mobile App,Active,No,4,,
1001909,11578,501909,05-11-2024,21,Female,Jaipur,Affluent,Current,UPI Payment,7198.75,12398.64,637,No,None,0,0,No Loan,High,Credit Card,Internet Banking,Active,No,4,,
1004343,12295,504343,22-06-2026,32,Female,Hyderabad,Affluent,Savings,Withdrawal,1467.71,25644.32,649,No,None,0,0,No Loan,High,Insurance,ATM,Active,No,5,,
1004832,12029,504832,26-07-2025,47,Male,Kolkata,Affluent,Savings,Transfer,5978.58,20514.78,773,No,None,0,0,No Loan,Low,Insurance,ATM,Active,No,4,,
1004028,11813,504028,31-12-2024,28,Female,Lucknow,Mass Market,Salary,UPI Payment,13845.49,28706.5,755,No,None,0,0,No Loan,Low,Fixed Deposit,Mobile App,Active,No,4,,
1001605,11990,501605,27-10-2024,28,Male,Lucknow,Premium,Savings,Card Payment,4109.9,72235.81,817,No,None,0,0,No Loan,Low,Investment,Mobile App,Active,No,3,,
1001119,10075,501119,29-09-2024,35,Male,Chennai,Mass Market,Current,Deposit,4048.97,49782.46,800,No,None,0,0,No Loan,Low,Savings Account,ATM,Active,Yes,2,,
1003678,11969,503678,23-11-2025,45,Male,Kolkata,Affluent,Savings,Transfer,4933.23,40588.19,794,No,None,0,0,No Loan,Low,Fixed Deposit,ATM,Active,No,4,,
1003491,10475,503491,29-11-2024,36,Male,Hyderabad,Mass Market,Salary,Transfer,8140.99,11533.85,720,No,None,0,0,No Loan,Medium,Credit Card,Branch,Active,No,5,,
1004875,11978,504875,28-11-2025,41,Male,Ahmedabad,Affluent,Savings,Withdrawal,2107.38,100080.53,748,No,None,0,0,No Loan,Medium,Insurance,Mobile App,Active,No,5,,
1002959,12044,502959,02-01-2025,47,Male,Pune,Mass Market,Salary,Deposit,1483.58,13628.47,746,Yes,Personal,67889.81,7.26,Approved,Medium,Home Loan,Internet Banking,Inactive,No,5,,
1001995,11443,501995,06-08-2024,42,Male,Pune,Premium,Savings,Withdrawal,6738.22,5866.69,736,No,None,0,0,No Loan,Medium,Investment,ATM,Active,No,4,,
1004966,10060,504966,08-07-2026,45,Female,Delhi,Affluent,Current,UPI Payment,751.56,22842.72,789,No,None,0,0,No Loan,Low,Investment,ATM,Active,No,4,,
1004366,12436,504366,05-02-2025,43,Male,Bengaluru,Premium,Savings,Transfer,585.34,6765.36,653,No,None,0,0,No Loan,Medium,Insurance,Phone Banking,Active,Yes,2,,
1002377,10138,502377,18-02-2026,49,Female,Lucknow,Mass Market,Savings,Transfer,2586.38,12956.69,796,Yes,Education,84092.94,12.88,Active,Low,Investment,ATM,Inactive,No,4,,
1001343,10955,501343,09-03-2025,26,Female,Ahmedabad,Affluent,Savings,UPI Payment,5509.04,23232.58,661,No,None,0,0,No Loan,Medium,Savings Account,Mobile App,Active,No,5,,
1000321,10538,500321,16-02-2025,31,Female,Mumbai,Mass Market,Savings,Card Payment,3511.79,33183.35,586,No,None,0,0,No Loan,High,Insurance,Internet Banking,Active,No,5,,
1001620,11749,501620,30-12-2025,34,Male,Jaipur,Premium,Savings,Withdrawal,5413.41,15036.06,656,No,None,0,0,No Loan,Medium,Investment,Mobile App,Active,No,4,,
1003714,11089,503714,03-02-2026,28,Female,Delhi,Mass Market,Current,Deposit,806.52,18443.11,841,No,None,0,0,No Loan,Low,Personal Loan,Mobile App,Active,No,5,,
1002061,10457,502061,02-11-2024,32,Male,Hyderabad,Mass Market,Savings,Deposit,4722.49,27762.69,654,No,None,0,0,No Loan,Medium,Insurance,Mobile App,Active,No,4,,
1002220,12462,502220,28-03-2025,23,Male,Delhi,Premium,Salary,UPI Payment,1336.46,9935.26,836,No,None,0,0,No Loan,Low,Savings Account,Mobile App,Active,No,4,,
1001674,12047,501674,03-01-2026,32,Male,Pune,Affluent,Savings,UPI Payment,8208.93,49894.76,654,Yes,Business,61949.26,13.59,Active,Medium,Home Loan,ATM,Active,No,4,,
1000261,11416,500261,12-07-2025,25,Male,Chennai,Premium,Current,UPI Payment,7399.93,16329.73,686,Yes,Home,16808.51,11.46,Approved,Medium,Savings Account,Mobile App,Active,No,5,,
1004428,11505,504428,08-06-2026,35,Female,Ahmedabad,Mass Market,Fixed Deposit,UPI Payment,6858.31,12915.56,729,No,None,0,0,No Loan,Medium,Investment,Mobile App,Active,No,5,,
1002040,10543,502040,25-02-2025,39,Male,Chennai,Premium,Savings,Withdrawal,1291.28,72400.78,722,No,None,0,0,No Loan,Medium,Savings Account,ATM,Active,No,5,,
1000902,11249,500902,12-06-2026,36,Female,Mumbai,Mass Market,Savings,Transfer,10704.18,48211.15,776,Yes,Personal,114059.55,11.51,Active,Low,Investment,Phone Banking,Inactive,No,3,,
1003745,11780,503745,23-08-2026,33,Female,Chennai,Premium,Savings,UPI Payment,1341.28,51825.93,712,No,None,0,0,No Loan,Medium,Fixed Deposit,Branch,Active,No,5,,
1002027,12384,502027,15-07-2024,21,Male,Jaipur,Premium,Current,UPI Payment,2496.41,32965.35,642,No,None,0,0,No Loan,High,Savings Account,ATM,Active,No,4,,
1004235,10050,504235,23-07-2025,35,Female,Kolkata,Premium,Savings,Withdrawal,3871.18,3474.5,725,No,None,0,0,No Loan,Medium,Investment,Internet Banking,Inactive,Yes,3,,
1001918,11006,501918,26-02-2024,58,Male,Ahmedabad,Mass Market,Savings,Transfer,5056.46,62852.69,737,No,None,0,0,No Loan,Medium,Personal Loan,ATM,Active,No,3,,
1001829,11828,501829,08-02-2024,39,Male,Mumbai,Mass Market,Savings,ATM,3916.7,60754.08,737,No,None,0,0,No Loan,Medium,Savings Account,Mobile App,Active,No,4,,
1001574,11884,501574,11-02-2025,48,Male,Kolkata,Mass Market,Savings,Card Payment,16700.18,27980.69,731,No,None,0,0,No Loan,Medium,Insurance,Mobile App,Active,No,4,,
1004405,11716,504405,15-02-2024,33,Female,Ahmedabad,Premium,Current,Card Payment,3177.73,18605.57,670,No,None,0,0,No Loan,Medium,Insurance,Branch,Inactive,No,5,,
1004209,11535,504209,18-12-2025,36,Other,Delhi,Mass Market,Savings,ATM,2646.3,45886.44,647,Yes,Business,76942.15,10.26,Closed,High,Insurance,Branch,Active,No,4,,
1000225,12050,500225,13-03-2025,42,Female,Kolkata,Mass Market,Savings,Withdrawal,3297.11,60467.57,731,No,None,0,0,No Loan,Medium,Credit Card,Branch,Active,No,4,,
1000724,12095,500724,20-06-2026,24,Female,Delhi,Mass Market,Savings,UPI Payment,15517.74,152192.8,636,Yes,Education,104665.78,13.14,Closed,High,Credit Card,ATM,Active,No,4,,
1004686,10136,504686,30-12-2025,57,Female,Bengaluru,Affluent,Savings,UPI Payment,6379.53,10501.16,772,Yes,Home,17692.18,14.26,Closed,Low,Personal Loan,Branch,Active,Yes,3,,
1001142,10130,501142,01-03-2025,43,Female,Kolkata,Mass Market,Salary,ATM,3143.4,20247.41,752,Yes,Personal,222773.31,13,Active,Low,Personal Loan,Internet Banking,Inactive,Yes,2,,
1002763,12008,502763,04-01-2026,46,Female,Bengaluru,Premium,Salary,UPI Payment,1569.29,180323.74,722,No,None,0,0,No Loan,Medium,Credit Card,Phone Banking,Inactive,No,4,,
1000847,10690,500847,10-01-2025,38,Male,Pune,Mass Market,Salary,Withdrawal,5579.04,43844.73,772,No,None,0,0,No Loan,Low,Insurance,ATM,Active,Yes,4,,
1002552,11650,502552,31-05-2024,39,Female,Pune,Mass Market,Fixed Deposit,UPI Payment,3753.3,5633.21,788,Yes,Auto,124003.35,8.3,Active,Low,Credit Card,Mobile App,Inactive,No,3,,
1002929,10930,502929,20-06-2025,24,Female,Mumbai,Premium,Savings,Card Payment,880.06,3700.52,821,No,None,0,0,No Loan,Low,Savings Account,ATM,Active,No,5,,
1000118,11485,500118,02-10-2024,42,Female,Chennai,Affluent,Savings,Withdrawal,991.42,13204.59,659,No,None,0,0,No Loan,Medium,Fixed Deposit,ATM,Inactive,Yes,3,,
1000646,12143,500646,19-04-2026,46,Male,Hyderabad,Premium,Savings,Withdrawal,962.04,4967.81,661,No,None,0,0,No Loan,Medium,Insurance,Branch,Active,No,4,,
1000004,11096,500004,03-02-2025,35,Female,Delhi,Mass Market,Savings,UPI Payment,2083.8,24282.15,781,No,None,0,0,No Loan,Low,Credit Card,Phone Banking,Active,No,5,,
1004171,10434,504171,19-03-2025,40,Female,Lucknow,Mass Market,Savings,Transfer,1510.11,6090.03,679,No,None,0,0,No Loan,Medium,Home Loan,Mobile App,Active,No,4,,
1000468,10873,500468,13-12-2024,38,,Mumbai,Affluent,Salary,UPI Payment,1671.29,14884.64,784,No,None,0,0,No Loan,Low,Fixed Deposit,Mobile App,Active,No,5,,
1000006,12170,500006,22-08-2026,52,Female,Ahmedabad,Mass Market,Savings,Withdrawal,1426.39,111042.99,717,No,None,0,0,No Loan,Medium,Credit Card,Internet Banking,Dormant,No,4,,
1000920,10420,500920,03-09-2025,42,Male,Mumbai,Mass Market,Current,Deposit,1631.59,29207.21,772,Yes,Personal,35199.3,7.82,Closed,Low,Investment,Branch,Active,No,5,,
1002596,11250,502596,17-03-2025,53,Male,Hyderabad,Mass Market,Savings,Card Payment,1493.3,49835.16,745,No,None,0,0,No Loan,Medium,Investment,Internet Banking,Active,No,4,,
1001064,10328,501064,30-08-2026,31,Male,Lucknow,Mass Market,Fixed Deposit,UPI Payment,1371.26,112719.12,710,No,None,0,0,No Loan,Medium,Home Loan,Phone Banking,Active,No,5,,
1002591,12259,502591,16-04-2024,31,Male,Ahmedabad,Premium,Salary,Card Payment,2189.67,9010.49,665,No,None,0,0,No Loan,Medium,Investment,Mobile App,Active,No,5,,
1000243,10104,500243,30-06-2025,22,Female,Lucknow,Mass Market,Current,Transfer,1381.07,23671.69,662,No,None,0,0,No Loan,Medium,Fixed Deposit,ATM,Active,No,4,,
1001161,11313,501161,18-08-2026,39,Male,Delhi,Mass Market,Savings,ATM,4626.24,47365.24,836,Yes,Personal,179993,11.26,Active,Low,Fixed Deposit,Branch,Active,No,3,,
1002871,12344,502871,31-01-2024,33,Male,Ahmedabad,Mass Market,Savings,Card Payment,1281.96,51129.62,760,No,None,0,0,No Loan,Low,Insurance,ATM,Active,No,3,,
1003736,10618,503736,07-02-2025,42,Male,Delhi,Premium,Savings,Withdrawal,2290.16,33980.94,729,No,None,0,0,No Loan,Medium,Insurance,Internet Banking,Inactive,Yes,2,,
1002398,10638,502398,29-07-2024,26,Male,Ahmedabad,Affluent,Salary,UPI Payment,3638.92,71440.85,724,No,None,0,0,No Loan,Medium,Home Loan,ATM,Active,No,5,,
1003518,10212,503518,13-01-2025,46,Male,Chennai,Mass Market,Savings,Withdrawal,1528.62,4966.84,766,No,None,0,0,No Loan,Low,Investment,ATM,Active,No,5,,
1003422,11788,503422,18-03-2025,35,Female,Mumbai,Mass Market,Fixed Deposit,UPI Payment,3375.67,18449.64,658,No,None,0,0,No Loan,Medium,Personal Loan,Internet Banking,Active,No,4,,
1002564,11811,502564,11-09-2025,35,Female,Ahmedabad,Affluent,Current,Card Payment,4146.46,29959.03,850,No,None,0,0,No Loan,Low,Home Loan,Mobile App,Active,No,4,,
1001606,10662,501606,24-12-2025,46,Male,Chennai,Mass Market,Savings,UPI Payment,3576.76,76567.36,629,No,None,0,0,No Loan,High,Credit Card,Branch,Active,No,5,,
1004839,10064,504839,28-02-2026,45,Female,Kolkata,Affluent,Savings,UPI Payment,1214.37,136273.43,764,No,None,0,0,No Loan,Low,Personal Loan,Branch,Active,No,4,,
1002325,10594,502325,23-05-2025,21,Female,Ahmedabad,Mass Market,Savings,Withdrawal,1492.8,32081.56,684,No,None,0,0,No Loan,Medium,Fixed Deposit,Internet Banking,Active,No,3,,
1002710,11622,502710,16-04-2026,25,Male,Kolkata,Mass Market,Fixed Deposit,Card Payment,1169.51,16521.34,786,Yes,Home,126564.08,10.33,Approved,Low,Savings Account,Branch,Active,No,4,,
1004409,11718,504409,13-01-2025,35,Other,Lucknow,Premium,Current,UPI Payment,2979.51,20968.09,750,Yes,Education,100582.48,13.24,Approved,Low,Savings Account,Mobile App,Active,No,4,,
1001313,11914,501313,23-02-2024,31,Male,Jaipur,Affluent,Savings,Transfer,838.44,26393.56,725,No,None,0,0,No Loan,Medium,Savings Account,Mobile App,Active,No,5,,
1003449,12162,503449,28-11-2024,34,Male,Delhi,Affluent,Savings,ATM,2377.37,136432.92,646,No,None,0,0,No Loan,High,Home Loan,Mobile App,Active,Yes,4,,
1003813,11212,503813,06-02-2025,52,Female,Hyderabad,Mass Market,Savings,UPI Payment,1250.93,8123.23,765,No,None,0,0,No Loan,Low,Savings Account,Branch,Active,No,5,,
1004666,11152,504666,16-02-2025,25,Male,Hyderabad,Mass Market,Savings,Transfer,6917.08,11496.76,786,Yes,Auto,273904.07,12.11,Defaulted,Low,Personal Loan,ATM,Active,No,5,,
1002363,11071,502363,22-07-2024,35,Male,Pune,Affluent,Fixed Deposit,Transfer,4190.01,166391.57,741,No,None,0,0,No Loan,Medium,Investment,ATM,Inactive,No,5,,
1001976,10800,501976,11-09-2024,21,Male,Pune,Affluent,Salary,Deposit,2407.16,56344.61,729,No,None,0,0,No Loan,Medium,Home Loan,Internet Banking,Active,Yes,2,,
1003515,12439,503515,04-03-2025,47,Male,Delhi,Mass Market,Current,Transfer,1478.44,12931.57,705,No,None,0,0,No Loan,Medium,Credit Card,Branch,Active,No,5,,
1001762,10814,501762,23-09-2024,47,Female,Mumbai,Affluent,Savings,Transfer,7254.91,5933.02,838,No,None,0,0,No Loan,Low,Credit Card,Mobile App,Dormant,No,5,,
1002740,12486,502740,16-12-2024,39,Female,Kolkata,Mass Market,Savings,ATM,2712.21,25159.17,850,No,None,0,0,No Loan,Low,Savings Account,Internet Banking,Active,No,3,,
1004670,11775,504670,21-01-2025,47,Male,Ahmedabad,Affluent,Savings,Card Payment,1141.36,26676.5,729,No,None,0,0,No Loan,Medium,Credit Card,Mobile App,Active,No,5,,
1002473,12091,502473,01-01-2024,24,Male,Lucknow,Affluent,Current,Card Payment,874.18,346722.33,716,Yes,Personal,31972.39,12.03,Active,Medium,Credit Card,ATM,Active,No,5,,
1004008,10671,504008,11-01-2026,39,Male,Hyderabad,Mass Market,Savings,Deposit,8700.27,17635.95,768,No,None,0,0,No Loan,Low,Insurance,Internet Banking,Active,No,4,,
1001494,12435,501494,02-01-2025,37,Other,Lucknow,Mass Market,Savings,UPI Payment,1169.74,78340.29,711,No,None,0,0,No Loan,Medium,Home Loan,Mobile App,Active,Yes,4,,
1004207,11205,504207,22-02-2024,22,Male,Hyderabad,Mass Market,Savings,Transfer,1753.91,24401.55,740,No,None,0,0,No Loan,Medium,Insurance,Branch,Active,No,4,,
1002159,10408,502159,14-07-2026,30,Male,Jaipur,Mass Market,Current,Transfer,1946.83,9419.14,729,No,None,0,0,No Loan,Medium,Home Loan,Mobile App,Active,No,5,,
1001170,11525,501170,09-10-2024,23,Male,,Mass Market,Fixed Deposit,Transfer,2523.45,21548.33,637,No,None,0,0,No Loan,High,Credit Card,Branch,Active,Yes,1,,
1004527,12342,504527,24-11-2024,50,Male,Bengaluru,Mass Market,Savings,Deposit,1741.76,9949.94,619,Yes,Business,50100.76,9.93,Approved,High,Home Loan,Phone Banking,Active,No,3,,
1000233,11155,500233,08-11-2024,46,Female,Ahmedabad,Mass Market,Salary,Transfer,1626.79,26064.73,760,Yes,Business,38209.81,12.17,Closed,Low,Investment,Mobile App,Active,No,4,,
1000067,10456,500067,19-08-2026,37,Female,Delhi,Mass Market,Salary,Transfer,1685.86,20148.07,631,Yes,Auto,59887.52,9.48,Active,High,Savings Account,Internet Banking,Active,No,5,,
1001604,10307,501604,30-04-2024,25,Male,Jaipur,Mass Market,Savings,UPI Payment,6007.83,40494.95,577,Yes,Education,93910.54,13.33,Closed,High,Credit Card,Internet Banking,Active,No,4,,
1003284,12223,503284,09-07-2025,43,Male,Kolkata,Mass Market,Current,Deposit,977.01,18820.95,694,No,None,0,0,No Loan,Medium,Personal Loan,Mobile App,Active,No,4,,
1003597,10078,503597,20-05-2026,35,Female,Chennai,Premium,Current,UPI Payment,2132.68,48893.09,819,Yes,Personal,82576.59,11.69,Active,Low,Fixed Deposit,Branch,Inactive,No,4,,
1000126,11679,500126,19-06-2024,42,Male,Bengaluru,Mass Market,Salary,Card Payment,7448.89,12959.08,680,No,None,0,0,No Loan,Medium,Investment,Branch,Active,No,4,,
1001297,11595,501297,15-06-2026,27,Female,Bengaluru,Affluent,Salary,Transfer,3039.05,83676.48,,Yes,Business,95840.46,14.68,Closed,Medium,Home Loan,Mobile App,Active,No,4,,
1001977,11185,501977,22-05-2024,30,Male,Mumbai,Affluent,Salary,Card Payment,1296.08,48205.4,730,No,None,0,0,No Loan,Medium,Home Loan,ATM,Active,No,5,,
1004528,11789,504528,12-01-2024,34,Female,Hyderabad,Affluent,Fixed Deposit,Transfer,7389.75,10071.61,613,No,None,0,0,No Loan,High,Insurance,Mobile App,Active,Yes,3,,
1004534,10889,504534,16-03-2025,32,Female,Delhi,Mass Market,Salary,Deposit,1728.44,39890.49,774,No,None,0,0,No Loan,Low,Home Loan,Mobile App,Active,No,5,,
1002076,12149,502076,04-06-2025,26,Female,Lucknow,Mass Market,Savings,Transfer,1998.03,89082.21,688,No,None,0,0,No Loan,Medium,Home Loan,Mobile App,Active,No,3,,
1003087,11573,503087,23-02-2026,47,Female,Kolkata,Affluent,Savings,Withdrawal,1517.34,24263.5,757,No,None,0,0,No Loan,Low,Home Loan,Branch,Inactive,No,4,,
1004356,10349,504356,01-07-2026,46,Male,Mumbai,Premium,Savings,Card Payment,2650.75,4360.23,732,No,None,0,0,No Loan,Medium,Insurance,Mobile App,Active,No,5,,
1003346,12409,503346,03-11-2025,44,Female,Hyderabad,Mass Market,Current,Transfer,3104.93,11761.58,679,No,None,0,0,No Loan,Medium,Credit Card,Phone Banking,Inactive,No,4,,
1004920,11205,504920,16-06-2024,53,Male,Chennai,Premium,Savings,UPI Payment,2939.56,25634.98,737,No,None,0,0,No Loan,Medium,Personal Loan,Branch,Active,No,4,,
1002798,10602,502798,18-07-2026,31,Other,Mumbai,Mass Market,Savings,Card Payment,6205.06,4302.24,715,No,None,0,0,No Loan,Medium,Credit Card,Branch,Active,No,4,,
1000919,10923,500919,19-05-2026,50,Female,Lucknow,Affluent,Fixed Deposit,UPI Payment,2436.62,6349.12,673,No,None,0,0,No Loan,Medium,Fixed Deposit,Internet Banking,Active,No,4,,
1001647,10794,501647,02-10-2024,37,Male,Delhi,Affluent,Fixed Deposit,Transfer,1677.06,12545.33,559,No,None,0,0,No Loan,High,Investment,Branch,Active,No,4,,
1000365,11694,500365,20-08-2025,58,Male,Delhi,Mass Market,Savings,Withdrawal,1004.6,136615.93,697,Yes,Business,17734.9,9.65,Active,Medium,Insurance,Mobile App,Active,No,5,,
1003288,11525,503288,17-09-2025,27,Male,Bengaluru,Mass Market,Salary,UPI Payment,8355.42,21262.28,848,No,None,0,0,No Loan,Low,Savings Account,Internet Banking,Active,No,4,,
1002126,10594,502126,26-08-2026,42,Male,Jaipur,Premium,Current,Deposit,339.06,11265.26,735,No,None,0,0,No Loan,Medium,Fixed Deposit,Mobile App,Inactive,Yes,4,,
1004124,10339,504124,27-03-2024,29,Male,,Mass Market,Salary,Withdrawal,2401.11,13914.7,752,No,None,0,0,No Loan,Low,Credit Card,ATM,Active,No,4,,
1000526,11828,500526,25-07-2026,41,Male,Delhi,Premium,Savings,Transfer,8420.87,10946.84,655,No,None,0,0,No Loan,Medium,Home Loan,Mobile App,Active,No,3,,
1000056,11130,500056,07-09-2024,46,Female,Mumbai,Affluent,Savings,UPI Payment,3157.97,7844.53,710,Yes,Personal,80554.37,11.56,Active,Medium,Personal Loan,Mobile App,Active,No,4,,
1000639,10717,500639,23-10-2025,36,Male,Jaipur,Mass Market,Fixed Deposit,UPI Payment,6946.54,29350.3,639,Yes,Auto,48847.46,14.74,Approved,High,Savings Account,Internet Banking,Inactive,No,4,,
1000303,10981,500303,01-04-2025,24,Female,Hyderabad,Premium,Savings,UPI Payment,1640.99,64805.22,702,No,None,0,0,No Loan,Medium,Insurance,Internet Banking,Active,No,4,,
1002767,11793,502767,25-08-2025,49,Female,Jaipur,Affluent,Fixed Deposit,Card Payment,3173.02,316003.48,693,No,None,0,0,No Loan,Medium,Personal Loan,ATM,Active,No,4,,
1001277,10293,501277,28-01-2026,29,Male,Kolkata,Mass Market,Savings,UPI Payment,1149.72,37123.34,704,No,None,0,0,No Loan,Medium,Investment,Internet Banking,Active,Yes,2,,
1002056,10690,502056,02-02-2025,39,Male,Bengaluru,Premium,Savings,Card Payment,5327.29,22274.5,741,Yes,Personal,171667.4,13.64,Active,Medium,Home Loan,ATM,Dormant,No,4,,
1003645,12245,503645,26-07-2024,53,Female,Jaipur,Affluent,Salary,Deposit,1566.14,120114.64,759,Yes,Education,70182.74,15.21,Approved,Low,Fixed Deposit,Branch,Active,Yes,3,,
1004144,11137,504144,08-01-2024,32,Female,Chennai,Premium,Savings,ATM,486.46,7693.12,681,Yes,Home,14704.26,12.08,Closed,Medium,Credit Card,Mobile App,Active,No,5,,
1002879,11381,502879,28-01-2025,40,Female,Jaipur,Premium,Current,Card Payment,1920.35,29270.23,586,No,None,0,0,No Loan,High,Home Loan,Branch,Active,No,5,,
1004203,11263,504203,21-03-2025,39,Female,Pune,Mass Market,Savings,Deposit,7541.04,37655.14,657,No,None,0,0,No Loan,Medium,Home Loan,ATM,Active,No,4,,
1002287,12160,502287,23-09-2025,42,Male,Lucknow,Affluent,Current,ATM,5533.94,3254.5,625,No,None,0,0,No Loan,High,Fixed Deposit,Internet Banking,Active,Yes,3,,
1002262,12067,502262,02-08-2026,36,Male,Hyderabad,Mass Market,Current,Card Payment,6681.5,85157.45,655,No,None,0,0,No Loan,Medium,Credit Card,Branch,Active,No,4,,
1002297,11015,502297,11-07-2024,55,Male,Hyderabad,Mass Market,Salary,UPI Payment,718.98,5393.8,801,No,None,0,0,No Loan,Low,Home Loan,Mobile App,Active,No,5,,
1001754,12475,501754,12-01-2024,27,Other,Lucknow,Mass Market,Salary,UPI Payment,2171.92,13743.19,777,No,None,0,0,No Loan,Low,Credit Card,Branch,Active,Yes,3,,
1001969,12369,501969,29-01-2026,21,Male,Mumbai,Affluent,Savings,UPI Payment,10510.12,47214.64,755,Yes,Business,64360.82,14.65,Closed,Low,Personal Loan,Mobile App,Active,No,4,,
1004362,10766,504362,30-01-2025,48,Male,Jaipur,Mass Market,Savings,Transfer,2193.08,26520.4,820,No,None,0,0,No Loan,Low,Fixed Deposit,Phone Banking,Active,No,5,,
1003118,11037,503118,22-01-2025,37,Other,Mumbai,Affluent,Savings,UPI Payment,4837.24,31391.11,605,No,None,0,0,No Loan,High,Savings Account,Branch,Active,No,5,,
1002394,10704,502394,30-11-2025,21,Male,Mumbai,Affluent,Salary,Withdrawal,2252.64,14123.9,707,No,None,0,0,No Loan,Medium,Personal Loan,ATM,Active,No,4,,
1000524,11325,500524,02-01-2025,51,Female,Lucknow,Mass Market,Savings,Transfer,6666.25,3457.5,662,No,None,0,0,No Loan,Medium,Home Loan,Mobile App,Active,No,5,,
1003901,12031,503901,04-04-2024,46,Female,,Mass Market,Savings,UPI Payment,2645.98,53533.66,721,Yes,Home,15866.39,15.43,Active,Medium,Credit Card,Phone Banking,Active,No,5,,
1003123,12343,503123,28-01-2026,26,Female,Jaipur,Mass Market,Salary,Deposit,5507.87,96461.01,655,Yes,Education,112827.02,13.33,Closed,Medium,Savings Account,Phone Banking,Inactive,No,5,,
1004157,10571,504157,29-06-2025,29,Female,Hyderabad,Mass Market,Savings,Withdrawal,8394.47,31800.34,850,No,None,0,0,No Loan,Low,Personal Loan,Mobile App,Inactive,No,5,,
1001970,10286,501970,30-09-2025,48,Female,Hyderabad,Mass Market,Fixed Deposit,Withdrawal,1066.01,38918.82,695,No,None,0,0,No Loan,Medium,Investment,Mobile App,Active,No,5,,
1000672,12483,500672,12-08-2024,48,Female,Bengaluru,Affluent,Current,Withdrawal,3970.31,22708.5,707,No,None,0,0,No Loan,Medium,Insurance,ATM,Active,No,5,,
1004189,11960,504189,26-01-2025,35,Female,Hyderabad,Premium,Current,ATM,903.51,8713.47,850,Yes,Home,193945.83,11.45,Active,Low,Savings Account,Mobile App,Active,No,4,,
1000667,12151,500667,11-08-2025,40,Male,Mumbai,Mass Market,Savings,Withdrawal,2754.84,45148.47,714,Yes,Business,161274.79,9.52,Active,Medium,Fixed Deposit,Internet Banking,Active,No,5,,
1004349,11568,504349,03-09-2025,37,Male,Jaipur,Mass Market,Savings,Transfer,1582.58,59222.87,797,No,None,0,0,No Loan,Low,Fixed Deposit,Mobile App,Active,No,4,,
1001888,11463,501888,25-06-2024,44,Female,Bengaluru,Affluent,Salary,UPI Payment,8032.04,65854.16,729,No,None,0,0,No Loan,Medium,Fixed Deposit,Phone Banking,Active,No,5,,
1003267,10398,503267,21-03-2026,31,Male,Pune,Affluent,Current,Card Payment,4615.01,68632.27,654,Yes,Personal,110191.65,7.83,Active,Medium,Investment,Phone Banking,Active,No,5,,
1000281,11505,500281,10-05-2025,37,Male,Hyderabad,Mass Market,Savings,Transfer,16387.11,33660.32,614,No,None,0,0,No Loan,High,Fixed Deposit,ATM,Active,No,5,,
1001720,11230,501720,17-05-2025,29,Female,Chennai,Mass Market,Salary,Deposit,4053.68,40667.34,667,No,None,0,0,No Loan,Medium,Personal Loan,Internet Banking,Active,No,5,,
1002948,12173,502948,05-04-2026,25,Female,Chennai,Premium,Savings,ATM,2140.83,22671.89,796,No,None,0,0,No Loan,Low,Investment,Branch,Active,No,3,,
1000900,10993,500900,13-08-2026,32,Male,Jaipur,Mass Market,Savings,Withdrawal,826.7,308367.03,754,No,None,0,0,No Loan,Low,Savings Account,Mobile App,Active,No,4,,
1004861,10932,504861,21-06-2025,38,Male,Hyderabad,Affluent,Current,Deposit,824.9,42534.88,656,Yes,Home,27793.49,13.41,Active,Medium,Savings Account,Mobile App,Active,No,3,,
1000761,11655,500761,25-01-2024,50,Male,Kolkata,Premium,Salary,Transfer,1302.36,24165.68,690,Yes,Home,225262.97,11.93,Approved,Medium,Investment,Mobile App,Active,No,5,,
1001907,11827,501907,05-10-2024,21,Female,Kolkata,Mass Market,Fixed Deposit,Deposit,7153.2,10109.46,615,No,None,0,0,No Loan,High,Credit Card,Mobile App,Active,No,3,,
1004043,10650,504043,12-08-2025,49,Male,Mumbai,Premium,Savings,Deposit,7088.98,62701.07,611,No,None,0,0,No Loan,High,Investment,Mobile App,Active,No,4,,
1003824,11229,503824,10-07-2026,28,Female,Chennai,Mass Market,Current,Deposit,2995.99,22354.52,788,No,None,0,0,No Loan,Low,Savings Account,Mobile App,Active,No,3,,
1004139,10901,504139,31-05-2024,21,Female,Kolkata,Affluent,Salary,Withdrawal,9865.08,33973.12,736,Yes,Auto,111519.83,15.94,Closed,Medium,Investment,Internet Banking,Active,No,,,
1003819,11573,503819,07-11-2025,25,Female,Bengaluru,Mass Market,Savings,Deposit,2117.78,31701.53,723,No,None,0,0,No Loan,Medium,Credit Card,Internet Banking,Dormant,No,5,,
1004301,10845,504301,16-02-2024,31,Female,Ahmedabad,Mass Market,Current,Withdrawal,1807.01,65169.93,753,No,None,0,0,No Loan,Low,Personal Loan,ATM,Inactive,No,5,,
1002594,11388,502594,14-08-2024,54,Male,Chennai,Premium,Savings,Deposit,3654.66,11660.03,764,No,None,0,0,No Loan,Low,Credit Card,Internet Banking,Active,No,5,,
1004165,10616,504165,27-05-2026,32,Female,Kolkata,Mass Market,Current,Withdrawal,5663.61,110533.24,803,Yes,Education,21587.78,10.55,Defaulted,Low,Fixed Deposit,Mobile App,Inactive,Yes,1,,
1003032,10582,503032,02-10-2024,37,Female,Ahmedabad,Mass Market,Salary,Deposit,400.55,26048.9,718,No,None,0,0,No Loan,Medium,Home Loan,Mobile App,Active,No,4,,
1003580,11539,503580,18-11-2024,22,Female,Pune,Affluent,Fixed Deposit,Deposit,1000.3,12299.73,743,Yes,Personal,31472.74,8.75,Closed,Medium,Insurance,ATM,Active,No,5,,
1002833,10859,502833,05-08-2026,32,Male,Bengaluru,Mass Market,Savings,UPI Payment,550.5,9438.61,737,Yes,Personal,178545.61,14.99,Closed,Medium,Insurance,ATM,Inactive,Yes,5,,
1003473,11133,503473,21-04-2026,26,Female,Lucknow,Mass Market,Savings,Deposit,2539.77,28145.75,599,Yes,Personal,47252.73,10.08,Closed,High,Insurance,Branch,Inactive,No,4,,
1000138,11355,500138,12-02-2024,40,Male,Hyderabad,High Net Worth,Savings,UPI Payment,2833.59,110186.21,718,No,None,0,0,No Loan,Medium,Home Loan,Mobile App,Active,No,5,,
1002181,12416,502181,06-08-2026,36,Male,Kolkata,High Net Worth,Savings,UPI Payment,625.92,4196.48,676,Yes,Business,30544.84,15.93,Active,Medium,Credit Card,Mobile App,Active,No,5,,
1002129,11460,502129,02-08-2024,27,Female,Kolkata,Mass Market,Savings,UPI Payment,3938.65,22968.83,609,Yes,Business,237624.74,10.17,Closed,High,Personal Loan,Branch,Active,No,4,,
1003178,10633,503178,15-06-2025,40,Female,Jaipur,Premium,Savings,Card Payment,9089.72,41439.91,695,No,None,0,0,No Loan,Medium,Fixed Deposit,Internet Banking,Active,Yes,4,,
1004378,10328,504378,13-11-2024,48,Female,Hyderabad,Mass Market,Current,ATM,2983.9,8620.2,708,No,None,0,0,No Loan,Medium,Personal Loan,Internet Banking,Active,No,3,,
1004262,10166,504262,18-02-2025,30,Female,Chennai,Affluent,Savings,Transfer,3216.39,29729.27,722,No,None,0,0,No Loan,Medium,Investment,ATM,Inactive,No,4,,
1004345,11854,504345,03-07-2025,30,Male,Kolkata,Mass Market,Salary,Deposit,3734.01,24088.54,676,No,None,0,0,No Loan,Medium,Fixed Deposit,Mobile App,Active,No,4,,
1001332,10952,501332,10-06-2024,44,Female,Jaipur,Affluent,Savings,UPI Payment,1012.66,66638.34,777,No,None,0,0,No Loan,Low,Fixed Deposit,ATM,Active,No,4,,
1002018,11561,502018,04-06-2025,32,Female,Lucknow,Mass Market,Current,Card Payment,1598.19,19904.12,652,Yes,Education,436427.31,7.98,Closed,Medium,Savings Account,Mobile App,Active,No,4,,
1002483,11538,502483,23-12-2024,27,Male,Lucknow,Mass Market,Savings,UPI Payment,1211.86,148415.5,824,Yes,Home,40586.86,8.34,Active,Low,Personal Loan,Internet Banking,Active,No,5,,
1001359,11325,501359,29-07-2024,33,Female,Pune,High Net Worth,Savings,Card Payment,20120.21,9039.55,686,No,None,0,0,No Loan,Medium,Investment,Branch,Active,No,4,,
1001330,11291,501330,17-04-2024,28,Female,Mumbai,Mass Market,Current,Transfer,2003.96,72334.34,618,Yes,Auto,53592.1,15.89,Defaulted,High,Personal Loan,Mobile App,Active,No,3,,
1002151,11440,502151,01-01-2025,21,Female,Pune,Premium,Current,Card Payment,2125.21,6428.21,751,No,None,0,0,No Loan,Low,Credit Card,Mobile App,Active,No,4,,
1002123,10546,502123,11-05-2024,35,Female,Mumbai,Mass Market,Savings,Deposit,3333.63,6387.66,632,No,None,0,0,No Loan,High,Savings Account,Branch,Active,No,4,,
1003982,12164,503982,12-04-2024,39,Male,Bengaluru,Affluent,Savings,Card Payment,3879.22,15281.66,733,No,None,0,0,No Loan,Medium,Insurance,ATM,Active,No,5,,
1001253,10814,501253,06-03-2025,32,Female,Hyderabad,High Net Worth,Salary,Transfer,11792.22,9939.19,699,No,None,0,0,No Loan,Medium,Home Loan,Mobile App,Active,No,5,,
1003279,10119,503279,19-08-2025,23,Male,Delhi,Mass Market,Current,Card Payment,1179.11,25136.03,797,No,None,0,0,No Loan,Low,Personal Loan,ATM,Active,No,4,,
1003375,10580,503375,28-02-2025,41,Female,Lucknow,Mass Market,Salary,Deposit,1158.39,16511.35,684,Yes,Education,63540.22,11.31,Active,Medium,Fixed Deposit,Internet Banking,Active,Yes,2,,
1002815,11575,502815,23-01-2025,24,Male,Hyderabad,Mass Market,Salary,ATM,2300.16,87165.38,689,No,None,0,0,No Loan,Medium,Savings Account,Mobile App,Active,No,3,,
1001849,10002,501849,25-01-2024,35,Female,Lucknow,Premium,Current,Deposit,767.23,16815.03,802,No,None,0,0,No Loan,Low,Insurance,Phone Banking,Active,No,4,,
1003038,10399,503038,28-11-2024,21,Male,Ahmedabad,Mass Market,Savings,Withdrawal,7281.7,28953.34,756,No,None,0,0,No Loan,Low,Personal Loan,Internet Banking,Active,No,5,,
1000389,11213,500389,09-06-2024,21,Female,Lucknow,Mass Market,Salary,Deposit,11851.42,8475.33,758,No,None,0,0,No Loan,Low,Credit Card,ATM,Active,Yes,4,,
1000236,12102,500236,23-02-2024,21,Female,Hyderabad,Affluent,Salary,Transfer,6037.45,108588.05,713,Yes,Auto,20425.87,13.47,Active,Medium,Investment,Branch,Active,No,4,,
1001078,10330,501078,21-03-2025,28,Male,Pune,Mass Market,Current,Transfer,3417.96,61114.19,727,No,None,0,0,No Loan,Medium,Home Loan,ATM,Active,No,5,,
1001985,10341,501985,11-09-2025,42,Female,Bengaluru,Mass Market,Savings,Deposit,5204.52,8624.92,636,No,None,0,0,No Loan,High,Home Loan,Branch,Active,No,5,,
1004364,11620,504364,06-05-2026,37,Female,Chennai,Mass Market,Savings,Deposit,1528.09,78870.04,678,Yes,Auto,29141.05,14.62,Active,Medium,Insurance,Phone Banking,Active,No,3,,
1003963,11388,503963,22-12-2025,35,Male,Bengaluru,Premium,Current,Card Payment,2068.22,61741,608,Yes,Business,128087.44,7.93,Closed,High,Fixed Deposit,Phone Banking,Active,No,5,,
1000771,10537,500771,27-04-2026,28,Female,Hyderabad,Premium,Salary,Transfer,17945.16,27149.63,781,No,None,0,0,No Loan,Low,Personal Loan,Mobile App,Active,No,5,,
1002166,11675,502166,23-01-2026,34,Male,Ahmedabad,Mass Market,Salary,ATM,3982.37,8780.9,792,No,None,0,0,No Loan,Low,Insurance,Branch,Active,No,3,,
1000674,12018,500674,08-11-2024,32,Male,Kolkata,Mass Market,Current,Transfer,2356.22,178073.55,697,No,None,0,0,No Loan,Medium,Credit Card,Internet Banking,Active,No,4,,
1000250,10878,500250,17-02-2025,21,Male,Jaipur,Mass Market,Salary,UPI Payment,1404.46,14276.18,603,No,None,0,0,No Loan,High,Personal Loan,Phone Banking,Active,No,4,,
1001575,11108,501575,07-07-2024,36,Male,Kolkata,Affluent,Salary,UPI Payment,2256.21,28001.19,683,Yes,Home,64647.65,10.89,Approved,Medium,Investment,Internet Banking,Inactive,No,4,,
1003420,11752,503420,10-05-2024,21,Female,Hyderabad,Mass Market,Savings,UPI Payment,5253.42,21215.85,698,No,None,0,0,No Loan,Medium,Insurance,Mobile App,Active,No,3,,
1002082,10124,502082,24-05-2025,57,Male,Kolkata,Premium,Savings,Deposit,2499.73,2131.1,721,No,None,0,0,No Loan,Medium,Personal Loan,Internet Banking,Active,No,4,,
1001824,11015,501824,04-09-2024,34,Female,Kolkata,Mass Market,Current,Withdrawal,6464,34841.79,723,No,None,0,0,No Loan,Medium,Personal Loan,Internet Banking,Active,No,4,,
1000717,10524,500717,27-02-2024,43,Male,Ahmedabad,Mass Market,Savings,Deposit,20133.16,82379.25,631,No,None,0,0,No Loan,High,Insurance,ATM,Active,No,4,,
1004679,10429,504679,23-10-2025,49,Female,Kolkata,Affluent,Savings,Card Payment,2342.15,9472.94,802,No,None,0,0,No Loan,Low,Fixed Deposit,Mobile App,Inactive,No,4,,
1002049,11084,502049,06-02-2026,50,Female,Lucknow,Affluent,Salary,Card Payment,3463.92,23002.87,807,Yes,Home,30924.94,14.06,Defaulted,Low,Personal Loan,ATM,Active,No,3,,
1004179,10532,504179,12-02-2026,46,Female,Ahmedabad,Affluent,Savings,Deposit,5423.65,14998.48,612,No,None,0,0,No Loan,High,Fixed Deposit,Mobile App,Active,No,4,,
1002725,11349,502725,07-05-2024,33,Female,Mumbai,Affluent,Savings,Deposit,2247.37,3273.24,,No,None,0,0,No Loan,Low,Fixed Deposit,Mobile App,Active,Yes,3,,
1004532,11326,504532,09-01-2026,33,Female,Pune,Mass Market,Current,UPI Payment,7052.77,128501.2,627,No,None,0,0,No Loan,High,Insurance,Phone Banking,Active,Yes,3,,
1001461,11824,501461,19-03-2025,40,Female,Pune,Mass Market,Current,UPI Payment,1409.52,19376.45,733,Yes,Education,263361.76,9.44,Closed,Medium,Insurance,Internet Banking,Dormant,No,4,,
1001669,12041,501669,18-01-2024,37,Female,Chennai,Mass Market,Fixed Deposit,Withdrawal,998.91,50404.55,728,Yes,Auto,170037.02,10.91,Closed,Medium,Savings Account,Internet Banking,Inactive,No,3,,
1002757,10772,502757,19-05-2026,26,Male,Mumbai,Mass Market,Savings,Withdrawal,2898.25,15802.64,748,Yes,Personal,144558.44,12.92,Closed,Medium,Savings Account,Branch,Active,No,5,,
1002001,10490,502001,23-05-2024,23,Male,Mumbai,Mass Market,Salary,Withdrawal,220.64,23382.78,692,No,None,0,0,No Loan,Medium,Fixed Deposit,Internet Banking,Inactive,No,5,,
1000405,12266,500405,17-01-2026,21,Male,Chennai,Affluent,Savings,Card Payment,9989.54,4980.43,758,Yes,Personal,73950.44,15.6,Active,Low,Credit Card,Mobile App,Active,No,4,,
1000385,11142,500385,08-02-2025,21,Female,Ahmedabad,Affluent,Savings,ATM,3050.07,67200.96,818,No,None,0,0,No Loan,Low,Personal Loan,Mobile App,Active,No,4,,
1004503,10105,504503,18-04-2026,34,Female,Chennai,Affluent,Current,UPI Payment,363.85,3165.15,799,No,None,0,0,No Loan,Low,Savings Account,ATM,Active,No,5,,
1002153,12135,502153,29-06-2026,45,Female,Mumbai,Affluent,Salary,Card Payment,4096.38,24841.54,713,No,None,0,0,No Loan,Medium,Investment,ATM,Active,No,5,,
1001634,11536,501634,31-07-2025,30,Female,Mumbai,Mass Market,Savings,Withdrawal,1370.72,9351.99,716,No,None,0,0,No Loan,Medium,Credit Card,ATM,Active,No,3,,
1004597,10405,504597,04-04-2026,43,Male,Bengaluru,Premium,Savings,Deposit,564.72,48408.99,795,No,None,0,0,No Loan,Low,Fixed Deposit,ATM,Active,No,4,,
1003926,10141,503926,05-01-2025,28,Male,Mumbai,Premium,Current,UPI Payment,2425.71,19150.24,733,No,None,0,0,No Loan,Medium,Home Loan,Internet Banking,Active,No,3,,
1004159,11206,504159,19-03-2024,36,Male,Delhi,Affluent,Current,UPI Payment,1990.89,29206.22,698,No,None,0,0,No Loan,Medium,Home Loan,Mobile App,Dormant,No,5,,
1000224,10881,500224,13-12-2024,31,Female,Jaipur,Mass Market,Savings,ATM,1548.75,11136.47,718,No,None,0,0,No Loan,Medium,Investment,Mobile App,Dormant,No,5,,
1002194,10190,502194,14-02-2024,36,Female,Delhi,High Net Worth,Savings,Deposit,18627.67,56656.93,651,Yes,Business,304547.63,12.78,Defaulted,Medium,Home Loan,Mobile App,Active,No,4,,
1003137,12385,503137,10-10-2025,42,Female,Kolkata,Mass Market,Salary,Card Payment,8615.04,5801.97,655,No,None,0,0,No Loan,Medium,Credit Card,Mobile App,Active,No,4,,
1001825,10336,501825,10-03-2024,46,Male,Lucknow,Mass Market,Salary,UPI Payment,528.77,13316.62,750,Yes,Business,103489,10.59,Closed,Low,Investment,Internet Banking,Inactive,No,3,,
1004611,10849,504611,10-01-2024,34,Female,Chennai,Mass Market,Savings,UPI Payment,6935.4,64135.45,728,No,None,0,0,No Loan,Medium,Credit Card,ATM,Dormant,No,3,,
1000798,11527,500798,24-11-2024,28,Male,Chennai,Affluent,Salary,Card Payment,290.52,57765.25,812,No,None,0,0,No Loan,Low,Investment,ATM,Active,No,4,,
1002872,12306,502872,12-05-2025,38,Male,Lucknow,Mass Market,Savings,UPI Payment,3270.59,44652.23,804,No,None,0,0,No Loan,Low,Insurance,Phone Banking,Active,No,4,,
1000010,11483,500010,24-01-2026,40,Male,Hyderabad,Mass Market,Savings,ATM,851.3,22550.42,680,Yes,Auto,42255.01,9.76,Closed,Medium,Insurance,Mobile App,Dormant,No,4,,
1001945,11495,501945,21-06-2026,23,Female,Lucknow,Mass Market,Savings,UPI Payment,4718.68,11438,659,No,None,0,0,No Loan,Medium,Insurance,Mobile App,Active,No,5,,
1001839,11917,501839,26-03-2026,32,Female,Bengaluru,Affluent,Current,Deposit,17455.78,30108,608,No,None,0,0,No Loan,High,Personal Loan,ATM,Inactive,No,4,,
1000256,10398,500256,04-08-2024,38,Male,Lucknow,Mass Market,Savings,Card Payment,5429.44,154766.79,654,No,None,0,0,No Loan,Medium,Investment,ATM,Active,No,4,,
1004519,10985,504519,27-08-2025,30,Female,Hyderabad,Affluent,Current,Card Payment,25391.39,266117.93,706,Yes,Home,26675.44,11.45,Active,Medium,Savings Account,Mobile App,Inactive,No,5,,
1001582,11108,501582,27-04-2024,48,Male,Bengaluru,Premium,Current,Card Payment,2823.22,49164.68,681,No,None,0,0,No Loan,Medium,Home Loan,Mobile App,Active,No,4,,
1002957,11732,502957,12-04-2024,35,Female,Hyderabad,Mass Market,Savings,Deposit,671.1,45488.31,708,Yes,Auto,84456.05,8.47,Active,Medium,Savings Account,Mobile App,Active,No,4,,
1000925,11278,500925,23-05-2024,40,Female,Pune,Premium,Salary,ATM,1483.53,15302.73,775,No,None,0,0,No Loan,Low,Fixed Deposit,Mobile App,Active,No,5,,
1004440,10499,504440,21-02-2025,49,Female,Hyderabad,Premium,Savings,UPI Payment,4971.58,42438.69,801,Yes,Personal,53209.42,7.41,Approved,Low,Personal Loan,ATM,Active,No,5,,
1002509,12262,502509,12-06-2026,35,Female,Hyderabad,Mass Market,Savings,Withdrawal,1365.01,35665.1,690,No,None,0,0,No Loan,Medium,Home Loan,Branch,Active,No,4,,
1003776,12251,503776,10-05-2025,43,Female,Pune,High Net Worth,Salary,Deposit,2459.68,48751.91,705,Yes,Home,20139.66,13.06,Active,Medium,Fixed Deposit,Branch,Active,No,5,,
1004137,10994,504137,08-08-2026,55,Male,Mumbai,Affluent,Salary,Card Payment,3884.15,8744.37,618,No,None,0,0,No Loan,High,Investment,Internet Banking,Inactive,Yes,3,,
1002780,10867,502780,15-06-2026,39,Male,Bengaluru,Mass Market,Fixed Deposit,UPI Payment,7900.72,31315.36,724,No,None,0,0,No Loan,Medium,Home Loan,Internet Banking,Active,No,5,,
1000540,11684,500540,06-03-2026,38,Female,Mumbai,Affluent,Current,UPI Payment,6886.95,28630.91,813,No,None,0,0,No Loan,Low,Personal Loan,Internet Banking,Active,No,3,,
1002746,10820,502746,28-09-2025,41,Female,Jaipur,Affluent,Savings,Deposit,1044.42,83979.11,850,Yes,Education,97772.88,7.34,Active,Low,Investment,Branch,Inactive,No,5,,
1004509,11495,504509,27-02-2026,38,Female,Delhi,Premium,Savings,UPI Payment,2507.33,13264.69,721,No,None,0,0,No Loan,Medium,Investment,Mobile App,Active,No,5,,
1004582,12005,504582,26-07-2025,32,Male,Chennai,Affluent,Salary,UPI Payment,10898.7,52523.59,746,Yes,Personal,64691.1,11.46,Active,Medium,Insurance,Mobile App,Active,No,4,,
1001146,11395,501146,24-05-2026,51,Male,Mumbai,Premium,Current,Card Payment,7334.28,15573.85,809,Yes,Personal,108352.91,14.47,Closed,Low,Personal Loan,Mobile App,Active,No,5,,
1000668,10764,500668,05-05-2025,49,Female,Hyderabad,Affluent,Savings,Card Payment,1634.9,16849.91,643,Yes,Education,77007.14,15.41,Active,High,Investment,Mobile App,Active,No,5,,
1003020,10977,503020,07-01-2024,23,Male,Chennai,Mass Market,Savings,ATM,22114.21,14589.08,830,No,None,0,0,No Loan,Low,Investment,Mobile App,Active,No,5,,
1000358,10877,500358,30-03-2024,33,Female,Jaipur,Mass Market,Savings,Deposit,4526.55,26831.6,709,No,None,0,0,No Loan,Medium,Home Loan,ATM,Inactive,No,4,,
1002832,10520,502832,15-09-2024,37,Female,Delhi,Affluent,Savings,Transfer,1473.65,106925.67,750,No,None,0,0,No Loan,Low,Savings Account,Internet Banking,Active,Yes,5,,
1002784,11456,502784,18-08-2025,43,Male,Bengaluru,Mass Market,Savings,Card Payment,35718.84,133855.59,704,No,None,0,0,No Loan,Medium,Investment,Internet Banking,Dormant,No,5,,
1001354,11712,501354,13-03-2025,47,Male,Hyderabad,Mass Market,Current,Withdrawal,1450.71,119024.78,721,Yes,Education,34847.98,12.56,Closed,Medium,Personal Loan,Mobile App,Inactive,No,5,,
1000471,12110,500471,01-06-2025,29,Male,Kolkata,Affluent,Salary,ATM,1888.05,22198.25,817,No,None,0,0,No Loan,Low,Personal Loan,Internet Banking,Active,No,4,,
1002704,12270,502704,28-05-2025,21,Female,Ahmedabad,Mass Market,Current,UPI Payment,11287.09,21921.04,771,Yes,Business,42854.02,9.21,Closed,Low,Savings Account,ATM,Active,No,4,,
1003331,12315,503331,21-06-2025,33,Male,Mumbai,Mass Market,Savings,UPI Payment,2632.52,23118.93,556,Yes,Education,71078.13,10.13,Approved,High,Credit Card,ATM,Inactive,No,4,,
1003638,11948,503638,30-11-2025,42,Female,Chennai,Affluent,Savings,Deposit,2195.01,55090.05,674,No,None,0,0,No Loan,Medium,Insurance,Internet Banking,Dormant,No,5,,
1001397,10295,501397,04-05-2026,36,Female,Pune,Affluent,Salary,Transfer,350.86,2603.17,795,No,None,0,0,No Loan,Low,Savings Account,Mobile App,Active,Yes,,,
1003585,12157,503585,13-01-2024,24,Female,Chennai,High Net Worth,Salary,Card Payment,3456.93,35308.6,776,No,None,0,0,No Loan,Low,Home Loan,Internet Banking,Inactive,Yes,3,,
1004758,10718,504758,28-10-2024,47,Female,Kolkata,Mass Market,Current,Transfer,2826.31,17285.11,804,No,None,0,0,No Loan,Low,Personal Loan,Internet Banking,Inactive,Yes,,,
1003377,11276,503377,21-04-2026,28,Female,Ahmedabad,Mass Market,Salary,ATM,495.85,9062.53,621,No,None,0,0,No Loan,High,Investment,Internet Banking,Active,No,5,,
1001257,10477,501257,27-11-2025,29,Female,Bengaluru,Mass Market,Fixed Deposit,Transfer,4044.96,35495.11,711,Yes,Business,332232.13,12.54,Active,Medium,Credit Card,Phone Banking,Dormant,Yes,3,,
1003513,11381,503513,21-12-2024,44,Male,Pune,Mass Market,Salary,ATM,774.59,35036.88,783,Yes,Home,58648.03,9.66,Active,Low,Investment,Branch,Active,Yes,3,,
1001251,11632,501251,19-06-2025,35,Female,Pune,Mass Market,Savings,Card Payment,9009.97,16593.47,678,No,None,0,0,No Loan,Medium,Fixed Deposit,ATM,Active,No,4,,
1004818,10376,504818,18-04-2026,39,Male,Delhi,Affluent,Savings,UPI Payment,3242.59,2430.23,763,Yes,Business,40715.12,8.22,Closed,Low,Fixed Deposit,Mobile App,Dormant,No,5,,
1004299,10040,504299,05-01-2025,21,Female,Pune,Mass Market,Salary,Card Payment,7919.22,9629.85,675,No,None,0,0,No Loan,Medium,Fixed Deposit,ATM,Active,No,4,,
1003285,11698,503285,04-10-2024,27,Other,Lucknow,Mass Market,Savings,Transfer,7930.05,55436.22,700,No,None,0,0,No Loan,Medium,Credit Card,ATM,Inactive,No,5,,
1002934,11901,502934,21-08-2025,42,Female,Delhi,Mass Market,Salary,Card Payment,2855.06,6072.81,641,No,None,0,0,No Loan,High,Insurance,Mobile App,Active,No,5,,
1004176,10780,504176,02-05-2026,34,Male,Mumbai,Mass Market,Current,Transfer,1212.78,17883.26,584,No,None,0,0,No Loan,High,Fixed Deposit,Mobile App,Dormant,No,5,,
1001853,11063,501853,26-02-2024,24,Female,Delhi,Mass Market,Savings,UPI Payment,4555.89,30906.67,686,No,None,0,0,No Loan,Medium,Home Loan,Mobile App,Active,Yes,2,,
1004880,11631,504880,11-10-2024,48,Male,Pune,Mass Market,Current,ATM,6161.73,14312.01,648,Yes,Personal,121803.71,11.88,Active,High,Savings Account,Mobile App,Active,No,5,,
1002106,10242,502106,30-12-2025,32,Female,Pune,Mass Market,Savings,Card Payment,2100.66,42332.5,748,No,None,0,0,No Loan,Medium,Credit Card,Internet Banking,Inactive,No,4,,
1000134,11052,500134,20-04-2024,42,Female,Mumbai,Mass Market,Savings,UPI Payment,8887.08,8180.39,676,Yes,Auto,45591.03,10.52,Active,Medium,Home Loan,Mobile App,Active,No,5,,
1000929,11659,500929,06-08-2025,46,Female,Jaipur,Mass Market,Salary,Card Payment,682.45,122216.32,720,No,None,0,0,No Loan,Medium,Insurance,Branch,Active,No,5,,
1000824,12221,500824,08-06-2025,47,Female,Chennai,Mass Market,Current,ATM,4276.2,6368.08,734,No,None,0,0,No Loan,Medium,Fixed Deposit,ATM,Active,No,4,,
1004554,12053,504554,10-06-2025,34,Male,Kolkata,Mass Market,Fixed Deposit,UPI Payment,6428.66,14737.76,614,No,None,0,0,No Loan,High,Fixed Deposit,Internet Banking,Active,No,4,,
1001532,10214,501532,03-06-2024,42,Female,Bengaluru,Mass Market,Fixed Deposit,Deposit,2937.66,10673.89,608,No,None,0,0,No Loan,High,Insurance,Branch,Active,No,4,,
1001215,10335,501215,25-05-2024,55,Female,Mumbai,Mass Market,Savings,Withdrawal,2145.71,22146,587,No,None,0,0,No Loan,High,Credit Card,Branch,Active,No,5,,
1000505,11543,500505,28-02-2026,27,Female,Hyderabad,Mass Market,Salary,UPI Payment,6261.49,1157.36,802,No,None,0,0,No Loan,Low,Fixed Deposit,Phone Banking,Active,No,4,,
1004286,10777,504286,25-03-2024,47,Male,Pune,Mass Market,Savings,UPI Payment,2943.37,32915.54,681,Yes,Auto,55810.03,14.23,Closed,Medium,Personal Loan,Internet Banking,Inactive,No,4,,
1001997,12191,501997,24-07-2026,25,Male,Kolkata,Mass Market,Salary,Card Payment,2730.92,23855.53,743,No,None,0,0,No Loan,Medium,Investment,Mobile App,Active,No,5,,
1003073,11228,503073,02-07-2026,32,Female,Hyderabad,Mass Market,Current,UPI Payment,3504.07,6670.05,766,No,None,0,0,No Loan,Low,Fixed Deposit,Mobile App,Active,No,5,,
1001959,11424,501959,03-04-2025,37,Female,Pune,Premium,Savings,UPI Payment,2663.91,12479.08,720,No,None,0,0,No Loan,Medium,Insurance,Internet Banking,Inactive,No,5,,
1001385,12181,501385,31-08-2025,45,Male,Kolkata,Mass Market,Current,UPI Payment,4917.29,37590.26,594,No,None,0,0,No Loan,High,Personal Loan,Mobile App,Active,No,5,,
1000895,12470,500895,01-05-2026,63,Male,Chennai,Mass Market,Savings,UPI Payment,7671.84,116207.1,647,No,None,0,0,No Loan,High,Home Loan,Branch,Active,No,4,,
1000456,11893,500456,25-11-2024,44,Male,Jaipur,Affluent,Savings,Card Payment,2507.96,19016.57,685,No,None,0,0,No Loan,Medium,Home Loan,Mobile App,Active,No,3,,
1004647,12467,504647,27-04-2024,45,Female,Mumbai,Premium,Savings,Deposit,4424.88,4469.06,801,No,None,0,0,No Loan,Low,Insurance,Internet Banking,Active,Yes,3,,
1003710,10100,503710,08-05-2026,30,Male,Ahmedabad,Mass Market,Savings,Card Payment,21150.17,38953.07,790,Yes,Home,61493.29,8.85,Active,Low,Investment,Phone Banking,Active,No,5,,
1004629,11954,504629,27-08-2025,61,Male,Mumbai,Affluent,Current,UPI Payment,3364.37,20166.28,715,No,None,0,0,No Loan,Medium,Fixed Deposit,Mobile App,Active,No,5,,
1004269,12240,504269,10-08-2024,42,Male,Mumbai,Affluent,Savings,Transfer,1277.54,1332.61,649,Yes,Personal,44526.91,9.41,Defaulted,High,Savings Account,Internet Banking,Active,No,4,,
1003523,11839,503523,16-03-2024,44,Male,Delhi,Mass Market,Savings,Deposit,1086.26,39845.49,850,No,None,0,0,No Loan,Low,Savings Account,ATM,Active,Yes,3,,
1004135,10651,504135,02-02-2026,38,Male,Hyderabad,Mass Market,Current,Withdrawal,33478.76,11349.71,644,No,None,0,0,No Loan,High,Credit Card,Phone Banking,Active,No,5,,
1003603,11924,503603,10-06-2026,31,Female,Hyderabad,Mass Market,Savings,UPI Payment,2011.31,15053.96,756,No,None,0,0,No Loan,Low,Investment,Mobile App,Active,No,5,,
1000714,10682,500714,25-07-2026,31,Male,Hyderabad,Mass Market,Fixed Deposit,UPI Payment,3301.48,20908.58,569,No,None,0,0,No Loan,High,Credit Card,Mobile App,Dormant,Yes,2,,
1004187,11858,504187,26-08-2024,25,Female,Ahmedabad,Mass Market,Salary,Deposit,1902.19,45872.5,697,No,None,0,0,No Loan,Medium,Investment,Mobile App,Active,No,4,,
1002215,11689,502215,16-02-2026,26,Female,Mumbai,Affluent,Fixed Deposit,ATM,1238.3,21324.7,697,Yes,Business,11402.8,7.07,Approved,Medium,Personal Loan,ATM,Active,No,4,,
1002924,10817,502924,22-05-2026,41,Female,Bengaluru,Mass Market,Salary,Transfer,3282.26,34535.16,757,No,None,0,0,No Loan,Low,Savings Account,ATM,Active,No,5,,
1001811,11157,501811,21-03-2025,29,Female,Kolkata,Affluent,Savings,UPI Payment,3321.12,25416.06,730,Yes,Personal,17438.41,13.54,Closed,Medium,Insurance,Internet Banking,Active,No,4,,
1003487,11392,503487,04-03-2026,25,Female,Kolkata,Affluent,Salary,Deposit,5975.13,39429.25,667,Yes,Auto,575900.69,8.81,Closed,Medium,Insurance,ATM,Dormant,No,5,,
1003142,11588,503142,09-01-2024,32,Male,Delhi,Mass Market,Savings,Withdrawal,7992.81,28984.64,,No,None,0,0,No Loan,Low,Savings Account,Internet Banking,Active,No,3,,
1001828,12447,501828,16-01-2025,21,Male,Delhi,Premium,Savings,Deposit,11928.78,48927.66,687,No,None,0,0,No Loan,Medium,Fixed Deposit,Mobile App,Dormant,No,5,,
1001156,10098,501156,07-09-2024,38,Male,Bengaluru,Mass Market,Savings,Deposit,1548.82,44712.94,689,No,None,0,0,No Loan,Medium,Home Loan,Internet Banking,Active,No,5,,
1001325,12031,501325,18-06-2025,38,Female,Chennai,Mass Market,Current,Deposit,4504.36,94696.62,661,No,None,0,0,No Loan,Medium,Investment,Internet Banking,Active,No,4,,
1004313,12393,504313,26-01-2025,37,Male,Kolkata,Mass Market,Salary,Card Payment,3219.94,2510.43,719,No,None,0,0,No Loan,Medium,Personal Loan,Internet Banking,Dormant,No,4,,
1000511,11218,500511,05-05-2025,27,Female,Mumbai,Mass Market,Savings,Withdrawal,3315.96,127158.97,811,Yes,Business,195714.21,15.93,Defaulted,Low,Home Loan,Mobile App,Active,No,4,,
1001681,10270,501681,12-02-2026,21,Male,Ahmedabad,Mass Market,Current,UPI Payment,2091.93,18844.51,601,No,None,0,0,No Loan,High,Insurance,Mobile App,Dormant,No,5,,
1000500,11239,500500,15-01-2024,27,Male,Delhi,Premium,Savings,UPI Payment,2267.68,49067.89,684,No,None,0,0,No Loan,Medium,Credit Card,Mobile App,Active,Yes,4,,
1004547,11987,504547,01-11-2025,54,Male,Jaipur,Mass Market,Savings,Card Payment,4540.7,11986.32,760,No,None,0,0,No Loan,Low,Insurance,ATM,Active,Yes,3,,
1001857,12346,501857,08-12-2024,42,Female,Kolkata,Premium,Savings,Deposit,5690.79,29820.71,620,No,None,0,0,No Loan,High,Personal Loan,Mobile App,Inactive,No,4,,
1001389,10426,501389,22-09-2025,39,Male,Kolkata,Mass Market,Current,UPI Payment,2910.73,39135.46,627,No,None,0,0,No Loan,High,Savings Account,Internet Banking,Active,No,4,,
1003720,10560,503720,28-09-2024,41,Male,Mumbai,Affluent,Savings,Deposit,1205.67,10056.69,566,No,None,0,0,No Loan,High,Fixed Deposit,Mobile App,Active,No,5,,
1002387,10547,502387,30-11-2024,41,Female,Mumbai,Premium,Current,UPI Payment,3036.36,4098.61,843,No,None,0,0,No Loan,Low,Investment,Mobile App,Active,No,4,,
1003237,12006,503237,16-02-2024,33,Male,Jaipur,Mass Market,Savings,Withdrawal,1475.82,27732.39,739,No,None,0,0,No Loan,Medium,Personal Loan,Internet Banking,Active,No,4,,
1001541,10714,501541,02-06-2024,26,Male,Hyderabad,Mass Market,Savings,Withdrawal,2182.18,6570.57,,Yes,Home,79734.36,13.08,Active,High,Savings Account,Mobile App,Active,Yes,1,,
1001218,11522,501218,22-10-2024,33,Female,Bengaluru,Affluent,Savings,Deposit,1268.75,12956.86,811,No,None,0,0,No Loan,Low,Savings Account,ATM,Inactive,No,4,,
1002682,12332,502682,08-01-2025,38,Female,Pune,Mass Market,Fixed Deposit,Withdrawal,2883.42,3335.46,804,No,None,0,0,No Loan,Low,Insurance,Phone Banking,Active,No,5,,
1002994,10909,502994,25-07-2024,40,Male,Mumbai,Mass Market,Savings,UPI Payment,925.84,81565.06,657,No,None,0,0,No Loan,Medium,Insurance,Branch,Active,No,5,,
1001192,11521,501192,15-03-2025,60,Male,Pune,Mass Market,Current,Deposit,810.45,12508.77,713,No,None,0,0,No Loan,Medium,Savings Account,Internet Banking,Inactive,No,3,,
1001543,11952,501543,01-04-2024,21,Male,Bengaluru,Premium,Salary,UPI Payment,2560.8,141595.99,710,Yes,Auto,246247.06,10.1,Closed,Medium,Credit Card,Mobile App,Active,No,3,,
1003302,10225,503302,07-10-2024,38,Male,Jaipur,Affluent,Salary,Transfer,2577.33,12372.04,732,No,None,0,0,No Loan,Medium,Fixed Deposit,Mobile App,Active,No,5,,
1003325,11553,503325,16-08-2024,28,Female,Kolkata,Mass Market,Savings,Card Payment,3219.08,105361.81,729,No,None,0,0,No Loan,Medium,Home Loan,ATM,Active,No,4,,
1002540,10905,502540,07-10-2025,30,Male,Ahmedabad,Affluent,Fixed Deposit,Withdrawal,551.9,17660.37,548,Yes,Auto,22075.23,15.85,Active,High,Home Loan,Branch,Active,No,5,,
1000954,10363,500954,14-03-2025,43,Male,Ahmedabad,Premium,Savings,Card Payment,3884.19,67751.73,692,No,None,0,0,No Loan,Medium,Investment,Phone Banking,Active,No,4,,
1004331,11696,504331,29-07-2025,25,Female,Jaipur,Mass Market,Fixed Deposit,UPI Payment,2141.39,43962.66,824,No,None,0,0,No Loan,Low,Credit Card,Internet Banking,Active,No,4,,
1000733,11050,500733,20-12-2024,30,Other,Mumbai,Mass Market,Savings,Transfer,770.56,47533.96,807,No,None,0,0,No Loan,Low,Insurance,ATM,Active,No,5,,
1001157,10055,501157,27-05-2026,31,Female,Lucknow,Affluent,Savings,Deposit,6855.98,24271.04,666,No,None,0,0,No Loan,Medium,Investment,Mobile App,Active,No,4,,
1003295,12421,503295,01-09-2025,41,Male,Mumbai,Premium,Current,Card Payment,3112.59,54214.6,734,No,None,0,0,No Loan,Medium,Fixed Deposit,Branch,Inactive,No,5,,
1002983,10383,502983,19-06-2025,49,Male,Kolkata,Premium,Fixed Deposit,Withdrawal,4885.47,72943.25,797,No,None,0,0,No Loan,Low,Savings Account,Mobile App,Active,No,4,,
1002157,10087,502157,17-08-2026,31,Male,Pune,Mass Market,Fixed Deposit,Transfer,875.9,15092.67,,No,None,0,0,No Loan,Medium,Investment,Mobile App,Active,No,3,,
1001063,11791,501063,12-07-2025,33,Male,Kolkata,Affluent,Salary,Card Payment,834.67,29631.81,798,No,None,0,0,No Loan,Low,Personal Loan,Mobile App,Active,No,4,,
1002617,10896,502617,01-10-2025,34,Male,Delhi,Mass Market,Salary,Transfer,1582.58,12303.95,633,No,None,0,0,No Loan,High,Savings Account,Branch,Inactive,No,3,,
1001168,12249,501168,04-05-2024,32,Female,Bengaluru,Affluent,Current,Deposit,1512.64,25604.31,765,No,None,0,0,No Loan,Low,Personal Loan,ATM,Active,No,5,,
1003223,10227,503223,20-05-2024,31,Female,Hyderabad,Affluent,Savings,UPI Payment,1477.04,53936.74,723,No,None,0,0,No Loan,Medium,Credit Card,Internet Banking,Active,No,5,,
1003637,10517,503637,11-08-2025,45,Male,Chennai,Mass Market,Fixed Deposit,Deposit,404.11,63944.58,789,No,None,0,0,No Loan,Low,Personal Loan,Phone Banking,Active,Yes,4,,
1002939,10557,502939,24-11-2025,42,Female,Delhi,Affluent,Savings,Card Payment,5816.55,20755.06,636,No,None,0,0,No Loan,High,Credit Card,ATM,Active,No,4,,
1004492,11274,504492,02-07-2026,36,Female,Hyderabad,Mass Market,Current,Withdrawal,1306.11,68867.58,778,Yes,Auto,64317.04,11.09,Approved,Low,Personal Loan,Internet Banking,Active,No,5,,
1003141,11590,503141,19-10-2025,47,Female,Chennai,Affluent,Fixed Deposit,Deposit,1895.18,59835.25,758,Yes,Education,23488.7,15.09,Closed,Low,Credit Card,Mobile App,Active,No,4,,
1000144,11409,500144,21-01-2026,48,Male,Ahmedabad,Premium,Salary,ATM,3204.37,11541.69,669,No,None,0,0,No Loan,Medium,Savings Account,ATM,Inactive,No,4,,
1003578,11332,503578,29-03-2025,40,Female,Jaipur,Affluent,Salary,ATM,5106.03,10854.62,735,Yes,Education,115324,11.79,Approved,Medium,Savings Account,ATM,Active,No,5,,
1002783,11315,502783,30-04-2025,24,Female,Kolkata,Affluent,Savings,ATM,3904.13,12176.05,670,No,None,0,0,No Loan,Medium,Insurance,Internet Banking,Active,Yes,1,,
1000718,12394,500718,12-05-2025,36,Female,Delhi,Mass Market,Savings,UPI Payment,2597.16,27893.21,691,No,None,0,0,No Loan,Medium,Investment,Mobile App,Dormant,No,3,,
1001820,12475,501820,22-09-2024,45,Female,Hyderabad,Premium,Savings,Withdrawal,6180.48,24993.9,710,No,None,0,0,No Loan,Medium,Credit Card,ATM,Active,No,4,,
1002503,10532,502503,10-12-2025,21,Male,Jaipur,Affluent,Salary,Transfer,8588.28,22108.37,704,No,None,0,0,No Loan,Medium,Investment,Internet Banking,Dormant,No,4,,
1004361,12335,504361,18-11-2025,25,Male,Kolkata,Affluent,Savings,Deposit,1329.81,17416.14,754,Yes,Personal,378481.81,14.65,Active,Low,Investment,Internet Banking,Active,No,4,,
1004172,11136,504172,22-04-2024,33,Female,Hyderabad,Mass Market,Savings,Transfer,4028.58,6584.67,708,No,None,0,0,No Loan,Medium,Credit Card,Branch,Active,No,4,,
1000396,10997,500396,01-05-2025,35,Female,Chennai,Mass Market,Savings,Card Payment,3074.04,52959.17,720,No,None,0,0,No Loan,Medium,Insurance,ATM,Active,No,5,,
1004847,11188,504847,26-09-2024,33,Female,Pune,Premium,Fixed Deposit,UPI Payment,1018.28,133009.6,838,Yes,Home,77774.24,14.88,Active,Low,Insurance,Internet Banking,Dormant,No,5,,
1004493,11097,504493,22-11-2025,25,Male,Delhi,High Net Worth,Savings,UPI Payment,1422.84,24073.05,760,No,None,0,0,No Loan,Low,Insurance,Mobile App,Active,No,4,,
1001366,11890,501366,13-02-2025,35,Male,Chennai,Affluent,Current,UPI Payment,1812.35,57740.23,751,No,None,0,0,No Loan,Low,Personal Loan,Mobile App,Active,No,5,,
1004569,12012,504569,28-07-2026,35,Male,Bengaluru,Mass Market,Savings,Deposit,5773.24,104990.63,678,No,None,0,0,No Loan,Medium,Home Loan,Internet Banking,Inactive,No,3,,
1000596,11582,500596,14-01-2024,32,Female,Bengaluru,Mass Market,Fixed Deposit,Transfer,1911.17,88647.47,729,No,None,0,0,No Loan,Medium,Home Loan,Mobile App,Active,No,4,,
1003953,12464,503953,04-11-2025,38,Female,Delhi,Mass Market,Savings,Transfer,2101.38,62591.23,673,No,None,0,0,No Loan,Medium,Investment,Phone Banking,Active,No,5,,
1002915,10833,502915,07-08-2024,41,Female,Kolkata,Mass Market,Salary,Deposit,1666.9,19374.5,781,No,None,0,0,No Loan,Low,Credit Card,ATM,Active,No,3,,
1002327,12207,502327,01-10-2024,39,Female,Hyderabad,Premium,Savings,Deposit,9466.55,133623.08,704,No,None,0,0,No Loan,Medium,Insurance,Mobile App,Active,Yes,3,,
1003767,11024,503767,07-03-2026,26,Male,Bengaluru,Affluent,Fixed Deposit,Deposit,1894.4,26341.47,707,Yes,Home,49731.48,7.73,Closed,Medium,Savings Account,Internet Banking,Active,No,5,,
1003441,10274,503441,22-08-2026,42,Male,Bengaluru,Premium,Current,Transfer,5923.44,20678.31,669,No,None,0,0,No Loan,Medium,Investment,Internet Banking,Active,No,4,,
1003852,10746,503852,14-12-2025,45,Female,Mumbai,Affluent,Savings,UPI Payment,1606.28,18641.71,780,No,None,0,0,No Loan,Low,Investment,Mobile App,Active,No,5,,
1004133,12259,504133,07-10-2024,45,Male,Jaipur,Affluent,Savings,Withdrawal,725.13,19073.35,687,No,None,0,0,No Loan,Medium,Credit Card,Internet Banking,Active,No,4,,
1004602,12029,504602,30-03-2025,27,Male,Hyderabad,Mass Market,Savings,UPI Payment,4554.69,51802.13,733,No,None,0,0,No Loan,Medium,Home Loan,Mobile App,Active,No,5,,
1002144,10789,502144,08-08-2026,28,Male,Ahmedabad,Affluent,Current,UPI Payment,1912.43,27173.16,661,Yes,Business,30221.9,15.53,Active,Medium,Investment,ATM,Active,No,4,,
1001572,11288,501572,17-05-2026,37,Female,Mumbai,High Net Worth,Savings,Deposit,4951.22,589531.79,740,No,None,0,0,No Loan,Medium,Insurance,Mobile App,Inactive,No,4,,
1004080,11838,504080,24-07-2026,21,Female,Mumbai,Affluent,Savings,Transfer,1903.42,48245.12,805,No,None,0,0,No Loan,Low,Fixed Deposit,Branch,Active,No,3,,
1001123,10041,501123,09-05-2024,43,Male,Ahmedabad,Mass Market,Savings,Transfer,3407.77,13579.89,735,No,None,0,0,No Loan,Medium,Savings Account,Mobile App,Active,No,4,,
1002787,11713,502787,20-02-2024,37,Male,Ahmedabad,Affluent,Current,Transfer,9975.61,19743.48,700,Yes,Personal,15179.74,13.31,Active,Medium,Fixed Deposit,ATM,Active,No,4,,
1002968,12157,502968,18-01-2026,44,Male,Lucknow,Mass Market,Salary,Transfer,3195.6,171779.4,787,Yes,Education,123027.1,14.23,Active,Low,Investment,Internet Banking,Active,No,3,,
1002505,12431,502505,30-04-2025,34,Female,Kolkata,High Net Worth,Salary,ATM,1221.35,211384.01,654,No,None,0,0,No Loan,Medium,Home Loan,ATM,Active,No,3,,
1003466,10709,503466,10-05-2025,44,Female,Delhi,Mass Market,Salary,ATM,2877.28,30168.79,723,No,None,0,0,No Loan,Medium,Personal Loan,Mobile App,Active,No,4,,
1000676,10249,500676,07-07-2026,39,Male,Bengaluru,Mass Market,Salary,Transfer,2976.09,30569.82,550,No,None,0,0,No Loan,High,Fixed Deposit,Internet Banking,Active,No,4,,
1002809,11573,502809,18-02-2024,44,Male,Jaipur,Premium,Current,Card Payment,4307.48,11140.74,749,No,None,0,0,No Loan,Medium,Fixed Deposit,ATM,Active,No,4,,
1003349,11697,503349,14-05-2026,28,Female,Delhi,Mass Market,Current,Withdrawal,2364.5,263777.4,658,No,None,0,0,No Loan,Medium,Credit Card,Internet Banking,Active,No,4,,
1000729,12398,500729,16-06-2024,40,Female,Kolkata,Mass Market,Current,Withdrawal,2848.09,71017.84,695,No,None,0,0,No Loan,Medium,Investment,Internet Banking,Active,No,4,,
1000413,12071,500413,12-01-2025,23,Male,Mumbai,High Net Worth,Current,Card Payment,1812.54,129574.08,778,No,None,0,0,No Loan,Low,Fixed Deposit,Internet Banking,Active,No,5,,
1003147,10053,503147,23-04-2024,47,Male,Jaipur,Premium,Savings,Withdrawal,3087.11,16113.01,684,No,None,0,0,No Loan,Medium,Savings Account,Phone Banking,Active,Yes,3,,
1001517,10274,501517,14-01-2024,40,Male,Lucknow,Premium,Current,Card Payment,3041.6,27425.14,581,No,None,0,0,No Loan,High,Home Loan,Branch,Active,No,4,,
1000826,12374,500826,26-07-2026,21,Male,Mumbai,Mass Market,Savings,UPI Payment,1183.16,27912.49,596,No,None,0,0,No Loan,High,Home Loan,Internet Banking,Active,No,4,,
1003268,10675,503268,06-07-2024,41,Female,Hyderabad,Affluent,Fixed Deposit,UPI Payment,1116.3,88158.16,730,Yes,Education,23778.89,8.95,Active,Medium,Personal Loan,ATM,Active,No,4,,
1003975,12483,503975,19-04-2025,36,Male,Ahmedabad,Affluent,Savings,Transfer,4362.59,8559.71,657,Yes,Business,66250.53,13.09,Active,Medium,Investment,Branch,Active,No,5,,
1000617,10063,500617,29-11-2025,44,Female,Hyderabad,Premium,Salary,Withdrawal,11889.75,19242.59,743,Yes,Auto,72031.88,11.87,Active,Medium,Personal Loan,Internet Banking,Active,No,5,,
1000115,10207,500115,22-07-2024,44,Male,Mumbai,Mass Market,Salary,ATM,952.45,34927.29,687,Yes,Auto,70222.55,9.01,Closed,Medium,Insurance,Internet Banking,Active,No,5,,
1000418,11016,500418,14-07-2024,25,Female,Delhi,Affluent,Salary,UPI Payment,1387,3127.07,668,Yes,Personal,320175.04,15.75,Active,Medium,Savings Account,ATM,Active,No,4,,
1003070,10126,503070,09-03-2025,41,Male,Pune,Premium,Fixed Deposit,Transfer,2575.89,6744.13,718,Yes,Business,101627.32,13.96,Active,Medium,Investment,ATM,Active,No,5,,
1001626,10516,501626,12-06-2026,21,Male,Hyderabad,Premium,Current,Transfer,6051.2,176576.35,805,No,None,0,0,No Loan,Low,Investment,Internet Banking,Active,No,5,,
1004961,10201,504961,30-11-2025,40,Male,Jaipur,Premium,Fixed Deposit,Transfer,4513.24,26551.01,650,No,None,0,0,No Loan,Medium,Personal Loan,Mobile App,Active,No,4,,
1004186,10945,504186,04-04-2026,33,Male,Lucknow,Mass Market,Savings,UPI Payment,3804.4,22130.58,837,Yes,Business,60298.19,9.61,Closed,Low,Fixed Deposit,Mobile App,Active,No,5,,
1002897,11890,502897,07-03-2025,37,Male,Bengaluru,Affluent,Current,Deposit,709.94,31523.16,687,Yes,Auto,15725.77,7.24,Approved,Medium,Investment,Internet Banking,Active,No,5,,
1004682,11218,504682,31-03-2024,37,Female,Mumbai,High Net Worth,Salary,UPI Payment,341.66,49000.47,692,No,None,0,0,No Loan,Medium,Personal Loan,Mobile App,Active,Yes,2,,
1002083,10422,502083,03-03-2024,46,Female,Lucknow,Premium,Savings,Transfer,6123.78,13439.57,723,Yes,Auto,242029.68,10.29,Approved,Medium,Savings Account,Mobile App,Active,No,4,,
1000754,11647,500754,10-12-2024,38,Female,Delhi,Mass Market,Fixed Deposit,Transfer,2287.76,115455.15,652,No,None,0,0,No Loan,Medium,Insurance,ATM,Dormant,No,5,,
1002547,12434,502547,23-12-2025,24,Male,Chennai,Premium,Current,Transfer,2001.95,20765.37,742,No,None,0,0,No Loan,Medium,Savings Account,Internet Banking,Active,No,4,,
1003970,10899,503970,27-04-2024,31,Female,Ahmedabad,Affluent,Savings,UPI Payment,2626.02,47591.42,637,No,None,0,0,No Loan,High,Credit Card,Mobile App,Active,No,4,,
1003374,12320,503374,11-07-2026,44,Female,Hyderabad,Mass Market,Salary,Transfer,1952.39,156391.4,825,No,None,0,0,No Loan,Low,Insurance,Mobile App,Active,No,3,,
1004108,10950,504108,13-09-2024,61,Male,Mumbai,Affluent,Savings,Card Payment,2609.54,28227.41,638,No,None,0,0,No Loan,High,Savings Account,Internet Banking,Inactive,No,3,,
1002445,11450,502445,30-06-2025,30,Male,Ahmedabad,Premium,Savings,Deposit,3383.11,16833.39,684,No,None,0,0,No Loan,Medium,Credit Card,Mobile App,Inactive,Yes,3,,
1004381,11135,504381,17-10-2025,43,Female,Jaipur,Mass Market,Savings,UPI Payment,2305.63,36836.28,738,No,None,0,0,No Loan,Medium,Fixed Deposit,ATM,Active,Yes,3,,
1001067,11112,501067,02-05-2025,41,Male,Mumbai,Mass Market,Savings,UPI Payment,1671.21,4709.45,689,No,None,0,0,No Loan,Medium,Personal Loan,Internet Banking,Active,No,4,,
1003914,10137,503914,10-02-2025,34,Female,Hyderabad,Mass Market,Savings,Transfer,2367.26,39632.6,763,No,None,0,0,No Loan,Low,Fixed Deposit,Branch,Active,No,5,,
1003499,12237,503499,07-05-2026,43,Male,,Mass Market,Fixed Deposit,UPI Payment,3446.57,120773.8,721,Yes,Business,182208.64,8.81,Active,Medium,Credit Card,Mobile App,Active,No,4,,
1002739,12380,502739,13-07-2025,30,Male,Ahmedabad,Mass Market,Savings,ATM,1006.58,7226.54,727,No,None,0,0,No Loan,Medium,Personal Loan,Internet Banking,Active,No,5,,
1004001,11531,504001,30-04-2025,52,Female,Kolkata,Affluent,Savings,ATM,32397.54,8473.64,607,Yes,Home,106118.43,12.73,Active,High,Home Loan,Mobile App,Active,No,4,,
1001569,11440,501569,13-02-2026,29,Female,Jaipur,Affluent,Current,Withdrawal,4959.35,91300.33,626,No,None,0,0,No Loan,High,Home Loan,Phone Banking,Active,No,4,,
1002428,11837,502428,01-04-2026,31,Female,Hyderabad,Mass Market,Savings,ATM,4027.39,7056.19,773,No,None,0,0,No Loan,Low,Personal Loan,ATM,Active,No,4,,
1003747,11433,503747,20-07-2025,38,Male,Hyderabad,Affluent,Current,Deposit,22811.07,8677,643,No,None,0,0,No Loan,High,Personal Loan,Branch,Active,No,3,,
1004650,11940,504650,27-10-2025,52,Male,Delhi,Affluent,Salary,UPI Payment,9355.31,6156.64,660,No,None,0,0,No Loan,Medium,Investment,Branch,Dormant,No,5,,
1001688,11800,501688,08-10-2025,37,Female,Delhi,Affluent,Savings,Transfer,10402.79,26761.99,660,No,None,0,0,No Loan,Medium,Insurance,Mobile App,Active,No,5,,
1000852,11674,500852,22-05-2025,42,Male,Mumbai,Mass Market,Savings,Transfer,1725.78,78935.08,712,No,None,0,0,No Loan,Medium,Investment,Branch,Active,No,5,,
1003547,10254,503547,24-04-2024,23,Male,Kolkata,Premium,Current,Withdrawal,1524.42,57079.34,780,Yes,Personal,74069.46,7.85,Active,Low,Fixed Deposit,ATM,Active,No,4,,
1000896,11889,500896,10-07-2024,29,Female,Lucknow,Mass Market,Fixed Deposit,ATM,690.49,11308.93,654,No,None,0,0,No Loan,Medium,Home Loan,Branch,Dormant,No,5,,
1004593,12159,504593,19-11-2024,23,Male,Kolkata,Premium,Salary,UPI Payment,6654.09,18439.58,664,No,None,0,0,No Loan,Medium,Home Loan,Internet Banking,Active,Yes,4,,
1000336,11116,500336,03-05-2025,34,Female,Hyderabad,Affluent,Savings,Deposit,1472.3,44563.81,780,No,None,0,0,No Loan,Low,Fixed Deposit,Internet Banking,Inactive,No,5,,
1002840,11682,502840,16-01-2026,45,Male,Hyderabad,Affluent,Current,Transfer,2320.44,17604.87,751,No,None,0,0,No Loan,Low,Fixed Deposit,Internet Banking,Active,No,4,,
1003088,10141,503088,01-12-2024,24,Male,Mumbai,Mass Market,Savings,Deposit,1546.13,16982.55,740,No,None,0,0,No Loan,Medium,Home Loan,Internet Banking,Active,No,4,,
1001349,11200,501349,29-05-2024,26,Female,Lucknow,Premium,Salary,Deposit,1615.33,17537.05,726,Yes,Auto,87845.1,12.54,Approved,Medium,Home Loan,Mobile App,Active,No,3,,
1001016,11108,501016,20-11-2025,21,Male,Jaipur,Mass Market,Savings,Withdrawal,1921.87,33432.84,743,No,None,0,0,No Loan,Medium,Credit Card,Internet Banking,Active,No,4,,
1002817,11728,502817,01-12-2025,44,Female,,Affluent,Savings,Withdrawal,2452.26,17580.84,637,No,None,0,0,No Loan,High,Personal Loan,ATM,Inactive,No,3,,
1001632,12468,501632,26-03-2026,47,Male,Delhi,Mass Market,Savings,Transfer,12325.47,4938.18,679,No,None,0,0,No Loan,Medium,Fixed Deposit,Internet Banking,Inactive,No,4,,
1002490,10588,502490,07-04-2025,44,Male,Pune,Mass Market,Savings,Transfer,631.82,11353.74,809,No,None,0,0,No Loan,Low,Credit Card,Internet Banking,Dormant,No,4,,
1003731,11031,503731,23-02-2026,34,Female,Hyderabad,Affluent,Savings,Card Payment,3143.93,39295.71,728,Yes,Home,254995.24,10.13,Defaulted,Medium,Home Loan,ATM,Active,No,3,,
1003252,11462,503252,12-10-2024,48,Female,Hyderabad,Mass Market,Current,Transfer,2214.41,51981.37,838,Yes,Home,37233.48,11.39,Active,Low,Credit Card,Mobile App,Active,No,5,,
1004645,10575,504645,22-10-2025,40,Male,Delhi,Premium,Current,Withdrawal,6873.6,7053.72,753,No,None,0,0,No Loan,Low,Home Loan,Mobile App,Active,No,5,,
1002071,10400,502071,29-08-2026,24,Male,Mumbai,Mass Market,Savings,Transfer,2711.42,54952.56,800,No,None,0,0,No Loan,Low,Credit Card,Mobile App,Active,No,5,,
1004453,10871,504453,14-02-2024,40,Male,Ahmedabad,Affluent,Current,UPI Payment,3660.51,23063.63,636,No,None,0,0,No Loan,High,Credit Card,Internet Banking,Active,No,4,,
1004893,11631,504893,19-02-2025,34,Female,Bengaluru,Mass Market,Savings,Withdrawal,10451.41,9933.18,811,No,None,0,0,No Loan,Low,Credit Card,Mobile App,Active,No,5,,
1001636,11442,501636,01-04-2025,48,Male,Hyderabad,Affluent,Current,Deposit,1248.81,10342.78,673,Yes,Education,149239.6,9.11,Active,Medium,Home Loan,Internet Banking,Active,No,4,,
1002480,11518,502480,11-09-2025,52,Male,Pune,Mass Market,Salary,Withdrawal,7965.63,22720.94,667,No,None,0,0,No Loan,Medium,Insurance,Internet Banking,Active,No,4,,
1002266,11831,502266,22-09-2024,31,Male,Lucknow,Mass Market,Salary,Transfer,588.98,26658.24,579,No,None,0,0,No Loan,High,Investment,Mobile App,Active,No,4,,
1002960,12249,502960,30-07-2024,40,Female,Pune,Premium,Fixed Deposit,ATM,2063.23,96443.43,697,No,None,0,0,No Loan,Medium,Investment,ATM,Active,No,4,,
1004742,12161,504742,26-10-2025,49,Female,Kolkata,Affluent,Current,Withdrawal,19901.49,68847.29,787,No,None,0,0,No Loan,Low,Savings Account,Branch,Active,No,3,,
1003060,11037,503060,06-01-2025,26,Female,Jaipur,High Net Worth,Savings,UPI Payment,1193.5,35950.95,778,No,None,0,0,No Loan,Low,Personal Loan,ATM,Active,No,4,,
1002142,10242,502142,21-03-2026,42,Male,Pune,Affluent,Current,Deposit,2566.81,46411.48,710,No,None,0,0,No Loan,Medium,Personal Loan,Mobile App,Inactive,No,5,,
1003119,12232,503119,19-05-2024,54,Male,Delhi,Mass Market,Current,UPI Payment,11244.78,7177.53,611,No,None,0,0,No Loan,High,Savings Account,Branch,Active,No,5,,
1004757,11610,504757,11-11-2024,27,Male,Mumbai,Mass Market,Savings,Card Payment,1494.02,59235.07,695,Yes,Auto,77260.74,15.57,Active,Medium,Insurance,Mobile App,Active,No,4,,
1004046,11360,504046,06-02-2025,21,Male,Kolkata,Mass Market,Salary,ATM,7698.75,16237.56,613,No,None,0,0,No Loan,High,Personal Loan,Internet Banking,Active,No,3,,
1003357,12258,503357,17-12-2025,38,Female,Mumbai,Mass Market,Current,Card Payment,2230.58,30123.56,755,Yes,Business,295043.24,10.91,Active,Low,Investment,Mobile App,Active,Yes,3,,
1002745,12074,502745,30-06-2024,23,Male,Chennai,Premium,Salary,Card Payment,3832.84,63949.96,704,No,None,0,0,No Loan,Medium,Personal Loan,Internet Banking,Active,No,4,,
1003507,10254,503507,08-02-2025,41,Female,Jaipur,Mass Market,Current,UPI Payment,4044.34,38278.48,620,No,None,0,0,No Loan,High,Insurance,Internet Banking,Active,No,4,,
1001680,10630,501680,19-01-2024,61,Male,Hyderabad,Affluent,Savings,Withdrawal,5084.33,17870.53,774,No,None,0,0,No Loan,Low,Insurance,Mobile App,Active,No,5,,
1004250,10904,504250,20-08-2024,26,Male,Lucknow,Mass Market,Savings,Deposit,3913.23,58927.22,821,Yes,Education,67276.17,12.16,Active,Low,Credit Card,Mobile App,Active,No,4,,
1003148,12456,503148,06-04-2025,28,Male,Lucknow,Mass Market,Savings,Transfer,6837.05,53721.55,604,Yes,Business,89373.88,13.96,Defaulted,High,Savings Account,ATM,Active,Yes,5,,
1002295,11657,502295,18-01-2025,42,Female,Jaipur,Mass Market,Savings,UPI Payment,6635.84,23781.07,656,Yes,Home,46266.98,12.6,Active,Medium,Home Loan,Branch,Active,No,,,
1000581,10668,500581,23-06-2024,21,Male,Pune,Affluent,Savings,Card Payment,4899.5,6013.55,591,No,None,0,0,No Loan,High,Fixed Deposit,Mobile App,Active,No,4,,
1001471,11977,501471,26-04-2024,24,Male,Ahmedabad,Affluent,Savings,Deposit,6793.03,127382.52,795,No,None,0,0,No Loan,Low,Fixed Deposit,Mobile App,Active,No,5,,
1004071,10204,504071,10-04-2025,26,Male,Lucknow,Mass Market,Savings,ATM,3130.83,23248.01,657,No,None,0,0,No Loan,Medium,Fixed Deposit,Mobile App,Active,No,5,,
1003344,12053,503344,25-09-2024,43,Male,Jaipur,Affluent,Savings,Card Payment,1686.43,28622.53,735,Yes,Auto,47036.89,14.56,Active,Medium,Investment,Internet Banking,Active,No,4,,
1004584,10674,504584,05-08-2025,21,Male,Hyderabad,Premium,Savings,Deposit,4439.67,18067.48,736,No,None,0,0,No Loan,Medium,Home Loan,Branch,Active,No,5,,
1003673,11342,503673,01-02-2025,36,Male,Kolkata,Affluent,Savings,Card Payment,5530.51,26646.4,689,Yes,Auto,121257.95,13.06,Active,Medium,Home Loan,Mobile App,Inactive,No,4,,
1000560,12221,500560,18-11-2024,44,Male,Hyderabad,Affluent,Savings,UPI Payment,7130.42,54135.41,759,No,None,0,0,No Loan,Low,Savings Account,Branch,Active,No,3,,
1002850,10332,502850,22-06-2024,34,Female,Lucknow,Mass Market,Salary,ATM,23215.42,23981.8,623,Yes,Business,70536.01,9.94,Defaulted,High,Home Loan,Mobile App,Active,Yes,3,,
1000513,12077,500513,13-09-2025,49,Male,Jaipur,High Net Worth,Savings,UPI Payment,1087.77,52295.87,770,No,None,0,0,No Loan,Low,Home Loan,Phone Banking,Active,No,4,,
1001082,10915,501082,07-06-2026,40,Female,Delhi,Mass Market,Savings,ATM,7011.18,13020.13,710,No,None,0,0,No Loan,Medium,Credit Card,ATM,Inactive,No,3,,
1001665,12279,501665,30-08-2026,24,Male,Jaipur,Affluent,Savings,Card Payment,2630.5,41260.35,699,Yes,Home,132662.57,9.57,Active,Medium,Home Loan,Branch,Active,Yes,4,,
1001013,11493,501013,24-10-2024,44,Female,Mumbai,Affluent,Current,Deposit,2055.36,25868.32,699,No,None,0,0,No Loan,Medium,Insurance,ATM,Active,No,,,
1001932,12476,501932,06-09-2024,48,Female,Bengaluru,Mass Market,Savings,Transfer,7447.92,15735.53,651,No,None,0,0,No Loan,Medium,Investment,Internet Banking,Active,No,5,,
1001151,12059,501151,04-10-2024,39,Female,Pune,Affluent,Current,UPI Payment,2706.41,8022.07,850,No,None,0,0,No Loan,Low,Fixed Deposit,Mobile App,Dormant,No,5,,
1002839,11876,502839,06-11-2024,30,Male,Kolkata,Premium,Fixed Deposit,ATM,3498.84,80280.95,715,No,None,0,0,No Loan,Medium,Home Loan,Internet Banking,Active,No,5,,
1000117,11882,500117,12-09-2025,49,Female,Ahmedabad,Affluent,Salary,Transfer,1163.54,41104.88,711,Yes,Education,112820.53,9.55,Defaulted,Medium,Personal Loan,Mobile App,Active,No,5,,
1000741,10639,500741,11-06-2026,54,Female,Mumbai,Affluent,Current,ATM,5179.75,36691.5,770,No,None,0,0,No Loan,Low,Fixed Deposit,Internet Banking,Active,No,4,,
1004817,10465,504817,27-10-2025,22,Male,Lucknow,Mass Market,Savings,Withdrawal,619.65,42935.4,681,No,None,0,0,No Loan,Medium,Investment,Internet Banking,Active,No,4,,
1003676,11492,503676,06-06-2024,39,Male,Pune,Mass Market,Savings,Transfer,1296.27,57442.37,735,No,None,0,0,No Loan,Medium,Personal Loan,Branch,Active,No,4,,
1000831,10225,500831,08-09-2025,21,Male,Bengaluru,Premium,Salary,ATM,2883.2,29444.56,662,Yes,Home,162899.47,12.5,Active,Medium,Credit Card,ATM,Active,No,3,,
1000120,10564,500120,09-11-2025,48,Male,Ahmedabad,Mass Market,Current,Deposit,3925.07,13962.36,673,Yes,Personal,20531.02,8.67,Approved,Medium,Personal Loan,ATM,Active,No,4,,
1004790,11882,504790,21-03-2026,29,Female,Lucknow,Premium,Salary,Transfer,2137.47,7241.37,678,Yes,Auto,40062,13.17,Active,Medium,Fixed Deposit,Mobile App,Active,No,4,,
1004749,11093,504749,24-06-2024,42,Female,Kolkata,Affluent,Savings,UPI Payment,479.62,54148.21,729,Yes,Personal,156398.99,12.78,Closed,Medium,Credit Card,Internet Banking,Active,No,4,,
1000636,12049,500636,29-09-2025,47,Male,Jaipur,Affluent,Savings,Transfer,2003.56,5822.85,773,No,None,0,0,No Loan,Low,Insurance,Internet Banking,Active,No,4,,
1004466,10977,504466,17-04-2026,31,Male,Hyderabad,Mass Market,Savings,ATM,4339.45,37590.98,741,Yes,Personal,79406.55,13.42,Approved,Medium,Personal Loan,Mobile App,Active,No,5,,
1004365,10383,504365,12-04-2024,23,Male,Jaipur,Mass Market,Savings,Withdrawal,4212.6,6253.66,760,No,None,0,0,No Loan,Low,Insurance,ATM,Active,Yes,4,,
1004143,11782,504143,18-11-2025,47,Female,Jaipur,Affluent,Savings,Transfer,314.23,12374.75,718,No,None,0,0,No Loan,Medium,Personal Loan,Mobile App,Active,No,5,,
1000992,10418,500992,18-07-2024,44,Male,Kolkata,Mass Market,Fixed Deposit,ATM,1755.61,19748.74,784,No,None,0,0,No Loan,Low,Fixed Deposit,Mobile App,Active,No,3,,
1000877,10873,500877,01-07-2024,44,Female,Chennai,Affluent,Fixed Deposit,UPI Payment,4113.28,29141.49,716,No,None,0,0,No Loan,Medium,Personal Loan,Mobile App,Active,No,3,,
1000005,11639,500005,29-11-2025,52,Male,Mumbai,Mass Market,Savings,Withdrawal,3437.43,12147.05,691,No,None,0,0,No Loan,Medium,Insurance,ATM,Active,No,4,,
1003052,11864,503052,30-07-2025,29,Male,Kolkata,Mass Market,Savings,Deposit,2933.96,133114.75,698,No,None,0,0,No Loan,Medium,Home Loan,Internet Banking,Active,No,4,,
1003125,10974,503125,16-05-2026,45,Female,Chennai,Mass Market,Current,Transfer,4152.41,42277.39,685,No,None,0,0,No Loan,Medium,Investment,Internet Banking,Active,No,5,,
1002661,11467,502661,10-03-2024,27,Female,Lucknow,Mass Market,Savings,UPI Payment,3062.65,53854.84,767,No,None,0,0,No Loan,Low,Fixed Deposit,Branch,Active,No,5,,
1002492,11318,502492,01-05-2024,40,Female,Kolkata,Affluent,Savings,Transfer,2369.41,23455.65,724,No,None,0,0,No Loan,Medium,Savings Account,ATM,Active,No,5,,
1003855,10061,503855,29-01-2025,39,Male,Chennai,Affluent,Salary,Deposit,1675.55,3371.79,656,No,None,0,0,No Loan,Medium,Personal Loan,Branch,Inactive,No,5,,
1001716,10198,501716,11-06-2026,29,Female,Mumbai,Mass Market,Salary,Card Payment,2531.8,16692.72,720,No,None,0,0,No Loan,Medium,Credit Card,Internet Banking,Dormant,No,3,,
1001149,10149,501149,11-04-2026,38,Female,Chennai,Mass Market,Savings,Withdrawal,1449.38,23741.38,677,Yes,Auto,47432.07,14.17,Active,Medium,Investment,Mobile App,Active,Yes,3,,
1003262,11068,503262,08-11-2024,49,Male,Lucknow,Mass Market,Savings,Transfer,2658.7,22771.01,649,No,None,0,0,No Loan,High,Investment,Internet Banking,Active,No,4,,
1000575,11397,500575,01-01-2025,41,Female,Lucknow,Mass Market,Savings,UPI Payment,2339.29,53840.19,648,Yes,Business,73278.51,8.81,Active,High,Fixed Deposit,Mobile App,Active,No,4,,
1003770,11390,503770,29-09-2024,32,Female,Pune,Mass Market,Current,Transfer,5565.98,22320.78,615,Yes,Personal,96467.16,11.64,Active,High,Investment,Branch,Active,No,4,,
1003737,12310,503737,26-10-2025,21,Male,Lucknow,Affluent,Savings,UPI Payment,2347.75,19801.26,714,No,None,0,0,No Loan,Medium,Credit Card,Mobile App,Active,No,4,,
1004147,11038,504147,05-11-2025,42,Female,Pune,Affluent,Savings,ATM,1681.01,7319.92,636,No,None,0,0,No Loan,High,Credit Card,ATM,Active,No,4,,
1000854,12061,500854,03-11-2024,28,Male,Delhi,Mass Market,Fixed Deposit,Card Payment,6734.53,3937.28,757,Yes,Home,88659.86,11.29,Approved,Low,Insurance,Mobile App,Active,No,4,,
1001983,11602,501983,18-06-2026,33,Male,Kolkata,Mass Market,Salary,UPI Payment,1696.5,549410.15,824,Yes,Personal,30559.41,8.23,Active,Low,Fixed Deposit,Mobile App,Active,No,4,,
1002775,11491,502775,02-09-2025,48,Female,Chennai,Affluent,Savings,Card Payment,6240.87,203200.03,639,No,None,0,0,No Loan,High,Savings Account,ATM,Active,No,5,,
1001167,10482,501167,16-09-2024,21,Female,Chennai,Mass Market,Salary,UPI Payment,3791.33,17503.54,843,No,None,0,0,No Loan,Low,Savings Account,Internet Banking,Active,No,5,,
1000972,11646,500972,18-11-2025,57,Male,Delhi,Mass Market,Savings,ATM,6179.92,13702.61,659,Yes,Personal,242409.99,10.18,Approved,Medium,Fixed Deposit,Mobile App,Active,No,3,,
1002702,11763,502702,01-09-2025,23,Female,Jaipur,Mass Market,Current,Transfer,2287.1,356707.05,659,No,None,0,0,No Loan,Medium,Home Loan,Internet Banking,Active,No,4,,
1004496,10152,504496,21-10-2024,25,Female,Chennai,Premium,Savings,Card Payment,845.56,78263.17,850,No,None,0,0,No Loan,Low,Personal Loan,Branch,Active,Yes,3,,
1003848,10196,503848,14-03-2025,38,Male,Jaipur,Affluent,Savings,Deposit,2357.44,30078.45,681,No,None,0,0,No Loan,Medium,Home Loan,ATM,Active,No,4,,
1002369,12172,502369,02-11-2024,52,Female,Pune,Mass Market,Savings,UPI Payment,3122.28,53748.12,739,Yes,Education,61244.23,8.84,Closed,Medium,Insurance,Mobile App,Active,No,3,,
1004116,10992,504116,23-02-2026,38,Female,Bengaluru,Affluent,Salary,Card Payment,2627.83,23434.73,676,No,None,0,0,No Loan,Medium,Savings Account,Mobile App,Active,No,4,,
1004132,11300,504132,23-01-2026,35,Male,Hyderabad,Mass Market,Savings,UPI Payment,4479.48,12992.52,801,Yes,Personal,49544.45,10.89,Active,Low,Personal Loan,Internet Banking,Active,No,4,,
1002951,10542,502951,21-08-2025,32,Female,Ahmedabad,Affluent,Fixed Deposit,Withdrawal,4936.67,57661.43,704,No,None,0,0,No Loan,Medium,Investment,Internet Banking,Active,No,4,,
1000525,11156,500525,25-04-2026,42,Male,Chennai,High Net Worth,Savings,ATM,4145.16,29302.31,688,No,None,0,0,No Loan,Medium,Personal Loan,Branch,Active,No,3,,
1002456,10371,502456,15-02-2025,45,Female,Chennai,Premium,Savings,Card Payment,4519.28,43760.39,657,Yes,Education,195515.11,7.29,Approved,Medium,Credit Card,Mobile App,Active,No,5,,
1001842,11693,501842,08-08-2025,50,Male,Pune,Affluent,Fixed Deposit,Deposit,1784.98,171687.41,629,No,None,0,0,No Loan,High,Insurance,Phone Banking,Active,No,5,,
1000538,11244,500538,08-07-2025,47,Male,Kolkata,Affluent,Savings,UPI Payment,6777.7,56401.82,803,No,None,0,0,No Loan,Low,Credit Card,Mobile App,Active,Yes,3,,
1002807,11801,502807,16-05-2025,31,Male,Pune,Mass Market,Savings,Card Payment,6167.96,32207.11,822,No,None,0,0,No Loan,Low,Savings Account,Mobile App,Inactive,No,5,,
1004342,12470,504342,18-05-2025,34,Male,Pune,Mass Market,Savings,Deposit,13868,15363.98,593,No,None,0,0,No Loan,High,Home Loan,Mobile App,Inactive,No,4,,
1003176,11181,503176,11-08-2026,37,Male,Pune,Mass Market,Savings,UPI Payment,26725.44,13304.34,607,Yes,Auto,20131.95,9.79,Approved,High,Fixed Deposit,Mobile App,Active,No,3,,
1000785,12473,500785,22-05-2026,37,Female,Pune,Affluent,Savings,Deposit,12991.86,11906.31,686,No,None,0,0,No Loan,Medium,Credit Card,ATM,Active,No,5,,
1004058,11153,504058,10-10-2024,37,Male,Jaipur,Mass Market,Salary,Transfer,1143.01,8881.77,774,No,None,0,0,No Loan,Low,Insurance,ATM,Active,No,5,,
1001410,11008,501410,12-02-2024,35,Female,Jaipur,Mass Market,Savings,UPI Payment,1560.77,3786.67,688,No,None,0,0,No Loan,Medium,Savings Account,ATM,Active,Yes,,,
1002538,12212,502538,12-06-2025,30,Female,Jaipur,Premium,Savings,Withdrawal,3191.95,23938.31,778,No,None,0,0,No Loan,Low,Home Loan,Internet Banking,Active,No,5,,
1000155,11258,500155,21-01-2026,35,Male,Kolkata,High Net Worth,Salary,Withdrawal,4466.9,15998.16,813,Yes,Auto,81007.94,15.5,Approved,Low,Fixed Deposit,Internet Banking,Active,No,5,,
1003010,12112,503010,26-04-2025,47,Male,Ahmedabad,Affluent,Salary,Transfer,4665.25,28997.72,646,Yes,Business,93488.21,11.46,Defaulted,High,Investment,Mobile App,Active,No,3,,
1001687,12181,501687,26-03-2026,47,Female,Bengaluru,Affluent,Savings,Deposit,6605.03,6287.29,626,No,None,0,0,No Loan,High,Home Loan,Branch,Active,No,5,,
1002902,11065,502902,12-08-2024,32,Male,Chennai,Mass Market,Savings,Deposit,364.3,152223.03,719,No,None,0,0,No Loan,Medium,Fixed Deposit,ATM,Active,Yes,2,,
1004960,11882,504960,15-06-2025,28,Male,,Affluent,Savings,Card Payment,733.36,8261.46,825,No,None,0,0,No Loan,Low,Personal Loan,Mobile App,Active,No,5,,
1003864,10622,503864,15-02-2025,38,Female,Ahmedabad,Premium,Current,UPI Payment,3439.46,34687.54,744,Yes,Auto,35025.65,13.11,Active,Medium,Credit Card,ATM,Active,No,4,,
1002734,10482,502734,07-01-2026,32,Female,Chennai,Affluent,Savings,Withdrawal,2371.44,14679.17,850,Yes,Education,85289.9,10.07,Active,Low,Personal Loan,Internet Banking,Active,No,5,,
1001896,10662,501896,08-06-2025,25,Male,Ahmedabad,Mass Market,Salary,Transfer,33829,52218.24,730,Yes,Personal,56428.49,7.95,Approved,Medium,Savings Account,Internet Banking,Active,No,4,,
1000570,11556,500570,09-12-2025,36,Male,,Affluent,Current,Deposit,2532.82,21598.46,736,No,None,0,0,No Loan,Medium,Credit Card,ATM,Active,Yes,2,,
1001817,11350,501817,20-10-2024,43,Male,Pune,Mass Market,Current,Withdrawal,2667.86,118935.26,651,Yes,Home,163735.92,15.42,Active,Medium,Credit Card,Internet Banking,Active,No,4,,
1002066,11353,502066,02-07-2026,39,Female,Mumbai,Premium,Savings,UPI Payment,2980,22014.05,656,No,None,0,0,No Loan,Medium,Credit Card,Branch,Active,No,5,,
1000128,11060,500128,27-06-2026,30,Male,Lucknow,Mass Market,Current,Card Payment,1480.32,15317.66,711,No,None,0,0,No Loan,Medium,Savings Account,Mobile App,Active,No,4,,
1003395,10797,503395,24-10-2025,41,Male,Ahmedabad,Mass Market,Savings,UPI Payment,12814.92,16963.53,823,No,None,0,0,No Loan,Low,Home Loan,ATM,Active,No,5,,
1003328,12410,503328,11-06-2025,33,Male,Ahmedabad,Premium,Salary,Withdrawal,712.27,7600.6,701,Yes,Home,73379.4,12.86,Active,Medium,Savings Account,Internet Banking,Active,No,5,,
1004997,10148,504997,20-05-2025,22,Male,Bengaluru,Affluent,Savings,UPI Payment,6266.45,28637.94,747,Yes,Personal,83424.74,9.95,Defaulted,Medium,Credit Card,ATM,Active,Yes,3,,
1002976,12391,502976,03-08-2024,37,Female,Chennai,Mass Market,Savings,Deposit,2607.28,14178.38,651,No,None,0,0,No Loan,Medium,Savings Account,Branch,Active,No,5,,
1000981,10202,500981,26-02-2026,30,Male,Jaipur,Mass Market,Savings,UPI Payment,11670.02,25827.53,746,No,None,0,0,No Loan,Medium,Savings Account,Mobile App,Active,No,4,,
1002301,12180,502301,03-10-2024,35,Male,Mumbai,Mass Market,Savings,Withdrawal,5951.01,9975.87,675,No,None,0,0,No Loan,Medium,Home Loan,Mobile App,Active,No,5,,
1000191,12328,500191,12-11-2024,54,Male,Mumbai,Mass Market,Savings,ATM,2643.8,88338.05,814,No,None,0,0,No Loan,Low,Fixed Deposit,Internet Banking,Active,No,4,,
1001140,10702,501140,13-12-2025,44,Male,Mumbai,Mass Market,Salary,Card Payment,2940.35,45265.28,613,No,None,0,0,No Loan,High,Insurance,ATM,Active,No,4,,
1000700,11936,500700,30-03-2024,41,Female,Jaipur,Mass Market,Salary,ATM,1254.46,8157.16,794,No,None,0,0,No Loan,Low,Savings Account,Mobile App,Active,No,5,,
1004791,12310,504791,18-02-2025,26,Male,Mumbai,Mass Market,Savings,Card Payment,218.35,8373.63,688,Yes,Auto,168007.53,11.39,Approved,Medium,Insurance,Mobile App,Active,No,5,,
1000607,11029,500607,24-10-2025,51,Male,Kolkata,Affluent,Savings,Withdrawal,1275.86,113380.39,737,No,None,0,0,No Loan,Medium,Insurance,Internet Banking,Active,No,5,,
1004277,11470,504277,13-12-2025,28,Male,Pune,Mass Market,Savings,UPI Payment,4369.41,57110,761,No,None,0,0,No Loan,Low,Fixed Deposit,Mobile App,Active,No,5,,
1000302,12301,500302,26-06-2024,31,Male,Pune,Affluent,Current,UPI Payment,961.36,13104.1,715,Yes,Personal,204127.26,13.39,Active,Medium,Investment,Mobile App,Active,No,4,,
1003421,12218,503421,23-09-2025,39,Male,Delhi,Mass Market,Current,UPI Payment,1158.78,45974.93,768,No,None,0,0,No Loan,Low,Insurance,Branch,Active,No,3,,
1004831,11095,504831,27-05-2024,42,Female,Bengaluru,Affluent,Fixed Deposit,Card Payment,1561.6,63245.73,657,Yes,Business,54450.05,12.91,Closed,Medium,Personal Loan,Mobile App,Active,No,5,,
1001061,12007,501061,21-01-2025,51,Male,Jaipur,Mass Market,Current,Transfer,728.75,8663.85,636,No,None,0,0,No Loan,High,Insurance,Mobile App,Inactive,No,3,,
1002566,11931,502566,22-10-2024,41,Female,Chennai,Affluent,Current,ATM,1104.6,209066.3,762,No,None,0,0,No Loan,Low,Savings Account,Internet Banking,Dormant,Yes,4,,
1000706,10667,500706,08-12-2024,41,Female,Lucknow,Mass Market,Salary,Card Payment,4439.94,14761.74,690,No,None,0,0,No Loan,Medium,Credit Card,Internet Banking,Inactive,No,5,,
1001070,11524,501070,16-07-2026,33,Female,Jaipur,Mass Market,Salary,UPI Payment,5361.64,76061.74,761,Yes,Home,59107.99,14.43,Active,Low,Savings Account,Internet Banking,Active,No,4,,
1002525,11012,502525,23-05-2025,49,Other,Chennai,High Net Worth,Salary,UPI Payment,3679.76,7935.57,671,No,None,0,0,No Loan,Medium,Credit Card,ATM,Active,No,5,,
1002206,12399,502206,30-01-2026,52,Male,Ahmedabad,Mass Market,Salary,UPI Payment,1359.91,13494.3,733,Yes,Personal,8092.25,7.27,Closed,Medium,Investment,Internet Banking,Active,No,5,,
1001244,10739,501244,14-02-2025,40,Male,Delhi,Mass Market,Savings,UPI Payment,2032.59,135731.93,650,Yes,Personal,242488.61,13.56,Active,Medium,Insurance,Mobile App,Inactive,No,4,,
1000017,12434,500017,02-12-2024,32,Male,Jaipur,Affluent,Current,UPI Payment,779.29,3325.91,721,No,None,0,0,No Loan,Medium,Fixed Deposit,Mobile App,Active,No,4,,
1003121,11951,503121,25-01-2025,34,Male,Bengaluru,Affluent,Fixed Deposit,Withdrawal,3857.37,29651.08,721,No,None,0,0,No Loan,Medium,Insurance,Internet Banking,Active,No,4,,
1004643,10556,504643,06-01-2024,39,Male,Jaipur,Mass Market,Current,ATM,1062.08,13342.75,738,No,None,0,0,No Loan,Medium,Insurance,Mobile App,Inactive,No,3,,
1000816,11630,500816,03-09-2024,32,Male,Mumbai,Mass Market,Salary,Withdrawal,1142.12,17030.76,670,No,None,0,0,No Loan,Medium,Personal Loan,Mobile App,Active,No,5,,
1003068,11834,503068,29-06-2024,24,Female,Hyderabad,Mass Market,Savings,Deposit,1782.6,42888.25,578,Yes,Personal,110065.41,15.5,Active,High,Savings Account,Mobile App,Active,No,4,,
1004795,10431,504795,10-04-2026,39,Male,Chennai,Mass Market,Savings,Deposit,8592.77,52392.8,701,Yes,Education,74064.55,9.7,Closed,Medium,Investment,Internet Banking,Active,Yes,4,,
1000960,10828,500960,17-01-2025,42,Female,Delhi,Mass Market,Salary,UPI Payment,7853.08,20287.26,799,No,None,0,0,No Loan,Low,Home Loan,ATM,Active,Yes,3,,
1000226,11328,500226,02-08-2024,42,Female,Pune,Premium,Savings,UPI Payment,1943.99,113607.89,717,No,None,0,0,No Loan,Medium,Home Loan,Internet Banking,Dormant,No,5,,
1003355,11582,503355,04-03-2026,44,Male,Kolkata,Affluent,Savings,Deposit,3277.99,139007.21,696,No,None,0,0,No Loan,Medium,Personal Loan,Mobile App,Active,No,5,,
1002486,10098,502486,20-05-2026,30,Female,Jaipur,Mass Market,Fixed Deposit,ATM,1863.37,114886.21,658,No,None,0,0,No Loan,Medium,Fixed Deposit,Mobile App,Active,No,4,,
1000563,11173,500563,01-06-2025,41,Female,Pune,Affluent,Savings,UPI Payment,4947.45,68097.29,819,No,None,0,0,No Loan,Low,Credit Card,Mobile App,Dormant,No,4,,
1003437,10980,503437,12-10-2025,45,Female,Bengaluru,Affluent,Savings,UPI Payment,2688.42,22149.49,698,No,None,0,0,No Loan,Medium,Savings Account,Mobile App,Active,No,3,,
1001694,11957,501694,21-01-2025,38,Male,Chennai,Mass Market,Savings,Transfer,20062.68,24070.64,701,Yes,Business,243941.41,10.73,Active,Medium,Personal Loan,Branch,Active,No,5,,
1001046,11921,501046,29-04-2026,30,Male,Bengaluru,Mass Market,Savings,Transfer,2983.14,38096.75,759,No,None,0,0,No Loan,Low,Fixed Deposit,Internet Banking,Active,No,4,,
1003447,11106,503447,22-12-2025,28,Female,Ahmedabad,Affluent,Current,Withdrawal,6807.42,16884.59,746,Yes,Auto,84859.66,9.58,Active,Medium,Home Loan,Mobile App,Active,No,5,,
1004566,11724,504566,15-03-2026,41,Female,Lucknow,Mass Market,Fixed Deposit,Card Payment,1691.15,28015.58,805,No,None,0,0,No Loan,Low,Personal Loan,Internet Banking,Inactive,No,4,,
1000955,12444,500955,28-04-2026,33,Male,Ahmedabad,Mass Market,Salary,Card Payment,7023.46,24123.89,646,No,None,0,0,No Loan,High,Investment,Phone Banking,Active,No,5,,
1004996,10164,504996,08-09-2025,27,Male,Jaipur,Mass Market,Savings,UPI Payment,2449.36,25085.37,693,Yes,Auto,84772.67,12.93,Active,Medium,Credit Card,Mobile App,Active,No,3,,
1002736,11032,502736,29-06-2026,33,Female,Ahmedabad,Affluent,Savings,Deposit,2395.12,20269.48,707,Yes,Auto,41512.38,8.63,Active,Medium,Investment,Mobile App,Active,No,4,,
1004914,11434,504914,02-10-2025,53,Male,Pune,Mass Market,Savings,UPI Payment,3624.39,21977.77,740,No,None,0,0,No Loan,Medium,Personal Loan,Internet Banking,Dormant,Yes,3,,
1004736,11539,504736,16-11-2024,36,Male,Bengaluru,Mass Market,Savings,Deposit,2670.34,168357.29,657,No,None,0,0,No Loan,Medium,Fixed Deposit,ATM,Active,No,5,,
1004834,10195,504834,28-05-2024,27,Female,Kolkata,Mass Market,Current,Withdrawal,1748.26,73528.91,661,No,None,0,0,No Loan,Medium,Fixed Deposit,Mobile App,Active,No,5,,
1001219,10827,501219,04-08-2025,51,Male,Kolkata,Affluent,Savings,Card Payment,2497.32,7045.3,738,No,None,0,0,No Loan,Medium,Investment,Branch,Active,No,4,,
1001528,12044,501528,11-09-2025,37,Female,Delhi,Affluent,Savings,Withdrawal,6449.57,20302.31,763,No,None,0,0,No Loan,Low,Personal Loan,Branch,Active,No,5,,
1003988,11984,503988,07-01-2026,31,Male,,Affluent,Salary,ATM,8338.89,146506.81,800,No,None,0,0,No Loan,Low,Investment,Mobile App,Active,No,5,,
1001301,11390,501301,10-12-2025,59,Female,Lucknow,Premium,Savings,Deposit,10250.38,30235.35,716,No,None,0,0,No Loan,Medium,Credit Card,Mobile App,Active,No,5,,
1004902,12364,504902,28-04-2026,37,Male,Chennai,Mass Market,Current,Card Payment,4668,10688.31,688,No,None,0,0,No Loan,Medium,Insurance,Phone Banking,Active,No,5,,
1000161,11137,500161,31-08-2026,38,Male,Chennai,Affluent,Savings,UPI Payment,7879.1,45590.68,792,No,None,0,0,No Loan,Low,Fixed Deposit,Internet Banking,Dormant,No,5,,
1004068,12008,504068,09-02-2026,31,Male,Bengaluru,Affluent,Savings,Transfer,618.45,4052.09,698,Yes,Home,164975.03,13.44,Closed,Medium,Home Loan,ATM,Inactive,No,3,,
1000957,12189,500957,31-05-2024,44,Female,Jaipur,Mass Market,Current,Withdrawal,4059.12,29329.19,573,No,None,0,0,No Loan,High,Fixed Deposit,Internet Banking,Active,No,4,,
1003792,12367,503792,22-05-2025,24,Male,Kolkata,Mass Market,Savings,Card Payment,1700.99,41584.84,750,Yes,Home,48661.91,7.03,Closed,Low,Savings Account,Branch,Active,No,5,,
1003235,11483,503235,29-07-2025,45,Female,Delhi,Mass Market,Savings,Card Payment,2576.8,155942.62,783,Yes,Business,101403.64,10.75,Active,Low,Savings Account,Internet Banking,Active,No,4,,
1002870,11936,502870,28-10-2024,24,Male,Ahmedabad,Mass Market,Savings,Transfer,5475.84,2373.46,771,Yes,Business,494194.52,11.7,Active,Low,Fixed Deposit,Internet Banking,Active,No,5,,
1003778,10946,503778,18-04-2024,37,Male,Delhi,Mass Market,Savings,UPI Payment,13742.87,29340.4,735,No,None,0,0,No Loan,Medium,Fixed Deposit,Branch,Inactive,No,5,,
1004434,10390,504434,08-10-2025,32,Male,Bengaluru,Affluent,Savings,Withdrawal,703.12,137561.39,662,No,None,0,0,No Loan,Medium,Personal Loan,Mobile App,Active,No,5,,
1002962,10797,502962,18-08-2026,42,Male,Ahmedabad,Affluent,Savings,Transfer,3730.99,10072.98,752,Yes,Education,74850.62,12.61,Active,Low,Insurance,Internet Banking,Active,No,4,,
1002201,10770,502201,30-03-2026,29,Male,Lucknow,Mass Market,Current,Transfer,4130.81,2666.88,706,Yes,Business,18007.63,10.36,Active,Medium,Personal Loan,Phone Banking,Active,No,5,,
1000099,11864,500099,28-04-2026,35,Female,Jaipur,Mass Market,Salary,Deposit,2774.47,26455.51,607,No,None,0,0,No Loan,High,Investment,Branch,Active,No,5,,
1002558,11916,502558,16-06-2024,21,Male,Kolkata,Mass Market,Current,Card Payment,14782.85,21070.99,736,Yes,Home,102018.31,15.21,Closed,Medium,Insurance,Internet Banking,Active,No,5,,
1003184,11476,503184,05-06-2026,46,Female,Jaipur,Affluent,Current,Withdrawal,11550.89,21781.32,763,No,None,0,0,No Loan,Low,Fixed Deposit,Mobile App,Active,No,5,,
1000254,10161,500254,19-03-2024,32,Male,Hyderabad,Affluent,Savings,UPI Payment,2035.42,8162.87,694,Yes,Business,50431.02,14.61,Defaulted,Medium,Insurance,ATM,Dormant,No,3,,
1003924,11378,503924,19-02-2025,32,Female,Delhi,Mass Market,Salary,Transfer,1887.15,21119.35,825,No,None,0,0,No Loan,Low,Investment,Internet Banking,Inactive,Yes,3,,
1004200,11771,504200,25-06-2024,33,Male,Ahmedabad,Affluent,Savings,ATM,2076.27,4669.2,671,Yes,Home,83835.68,8.32,Approved,Medium,Investment,Internet Banking,Active,No,5,,
1001446,11031,501446,21-12-2025,38,Female,Lucknow,Affluent,Savings,Card Payment,1374.15,41224.94,742,No,None,0,0,No Loan,Medium,Investment,Branch,Active,No,5,,
1001649,10478,501649,11-07-2025,54,Female,Chennai,Mass Market,Savings,Deposit,4108.4,33478.81,575,No,None,0,0,No Loan,High,Home Loan,ATM,Active,No,3,,
1004683,11311,504683,20-05-2024,21,Male,Chennai,Mass Market,Current,UPI Payment,577.36,8101.45,679,No,None,0,0,No Loan,Medium,Fixed Deposit,Mobile App,Active,No,5,,
1004724,11412,504724,21-12-2024,29,Female,Jaipur,Mass Market,Savings,Transfer,1061.4,44239.01,730,No,None,0,0,No Loan,Medium,Credit Card,ATM,Active,Yes,3,,
1003992,12371,503992,01-04-2024,31,Female,Mumbai,Affluent,Savings,Transfer,1132.82,51410.77,764,Yes,Education,71481.77,15.88,Closed,Low,Insurance,Branch,Active,No,4,,
1001697,12353,501697,18-06-2025,31,Female,Lucknow,Mass Market,Savings,Deposit,1694.37,16434.78,733,No,None,0,0,No Loan,Medium,Home Loan,Internet Banking,Inactive,No,4,,
1003192,10471,503192,07-04-2024,36,Male,Lucknow,Affluent,Savings,Withdrawal,1901.6,100832.03,697,No,None,0,0,No Loan,Medium,Credit Card,Branch,Active,Yes,4,,
1004500,10271,504500,30-01-2025,24,Female,Kolkata,Mass Market,Savings,UPI Payment,1606.8,53201.17,759,Yes,Education,224949.5,9,Closed,Low,Credit Card,Branch,Active,No,5,,
1001155,11334,501155,25-02-2025,39,Female,Ahmedabad,Affluent,Savings,UPI Payment,17639.47,20146.58,733,Yes,Personal,118447.89,9.83,Closed,Medium,Fixed Deposit,Phone Banking,Active,No,4,,
1002256,12469,502256,14-10-2025,31,Female,Delhi,Mass Market,Salary,Deposit,1552.86,26011.71,794,Yes,Auto,77653.23,15.63,Active,Low,Fixed Deposit,ATM,Active,No,5,,
1001683,11629,501683,03-06-2024,31,Female,Jaipur,Mass Market,Savings,UPI Payment,3442.47,20903.85,706,No,None,0,0,No Loan,Medium,Investment,Mobile App,Active,No,5,,
1003171,11961,503171,15-11-2024,21,Female,Delhi,Premium,Salary,ATM,2083.4,14754.91,704,No,None,0,0,No Loan,Medium,Credit Card,Internet Banking,Active,No,,,
1002057,11277,502057,11-02-2026,21,Female,Mumbai,Premium,Salary,Transfer,8420.81,28507.17,790,No,None,0,0,No Loan,Low,Credit Card,Mobile App,Active,No,4,,
1004091,12379,504091,07-01-2026,34,Female,Kolkata,Mass Market,Savings,Withdrawal,522.63,28993.3,659,Yes,Business,49652.9,8.04,Closed,Medium,Investment,Mobile App,Active,No,4,,
1003109,10358,503109,04-08-2026,24,Female,Chennai,Affluent,Savings,Deposit,6915.19,6296.08,681,Yes,Home,43103.15,11.97,Active,Medium,Investment,Internet Banking,Active,No,5,,
1004549,10345,504549,02-12-2025,25,Female,Chennai,Mass Market,Savings,Transfer,4706.72,21023.12,657,Yes,Business,86340.68,8.27,Approved,Medium,Personal Loan,ATM,Inactive,No,4,,
1003724,12462,503724,07-06-2025,32,Male,Bengaluru,Premium,Current,Withdrawal,2447.82,28330.17,842,No,None,0,0,No Loan,Low,Credit Card,Internet Banking,Active,No,4,,
1002050,12335,502050,02-11-2024,28,Male,Chennai,Premium,Savings,ATM,2476.97,14552.65,725,Yes,Personal,46831.77,14.41,Defaulted,Medium,Savings Account,ATM,Active,No,4,,
1003644,10726,503644,01-08-2024,43,Male,Hyderabad,Affluent,Salary,Transfer,1252.1,1128.08,661,No,None,0,0,No Loan,Medium,Savings Account,Mobile App,Active,Yes,3,,
1004938,10808,504938,08-04-2025,34,Male,Mumbai,Mass Market,Savings,Withdrawal,545.41,22593.04,635,No,None,0,0,No Loan,High,Home Loan,Internet Banking,Active,Yes,4,,
1000624,10385,500624,05-05-2024,33,Male,Chennai,Mass Market,Savings,ATM,1013.99,16227.53,657,No,None,0,0,No Loan,Medium,Investment,Phone Banking,Active,No,4,,
1000263,11219,500263,29-07-2025,41,Female,Pune,Mass Market,Savings,Card Payment,844.51,101367.13,647,No,None,0,0,No Loan,High,Investment,Mobile App,Active,No,5,,
1003370,11547,503370,08-11-2025,36,Male,Ahmedabad,Mass Market,Savings,UPI Payment,1065.37,4393.55,700,No,None,0,0,No Loan,Medium,Home Loan,ATM,Active,Yes,4,,
1004062,11610,504062,17-07-2026,46,Male,Delhi,Premium,Salary,Card Payment,1142.98,24693.53,796,No,None,0,0,No Loan,Low,Personal Loan,Mobile App,Active,No,4,,
1001803,11027,501803,20-10-2024,34,Male,Kolkata,Affluent,Savings,Card Payment,2129.54,26104.11,639,Yes,Personal,6271.3,7.83,Active,High,Savings Account,Branch,Active,No,4,,
1004737,11417,504737,24-01-2025,37,Female,Bengaluru,Affluent,Savings,Card Payment,2932.71,51765.04,681,Yes,Home,68677.12,15.95,Closed,Medium,Insurance,Mobile App,Active,No,4,,
1002654,11788,502654,10-07-2025,28,Female,Pune,Premium,Current,Withdrawal,2766.66,27474.4,663,No,None,0,0,No Loan,Medium,Insurance,Phone Banking,Active,No,5,,
1002386,11450,502386,02-10-2025,50,Male,Pune,Affluent,Savings,UPI Payment,1070.58,104327.45,629,No,None,0,0,No Loan,High,Insurance,Mobile App,Active,Yes,3,,
1001960,11932,501960,25-11-2024,21,Female,Chennai,Affluent,Savings,Transfer,1172.1,16362.12,681,Yes,Home,154110.15,9.8,Active,Medium,Home Loan,ATM,Active,No,4,,
1002977,10947,502977,17-08-2026,52,Female,Pune,Affluent,Savings,UPI Payment,2583.26,31854,727,No,None,0,0,No Loan,Medium,Personal Loan,Branch,Active,No,4,,
1000489,10885,500489,15-05-2024,25,Female,Delhi,Affluent,Salary,ATM,2784,7471.07,701,Yes,Education,100071.01,13.45,Closed,Medium,Fixed Deposit,Internet Banking,Active,No,4,,
1001844,12339,501844,28-06-2024,40,,Hyderabad,Mass Market,Current,UPI Payment,931.64,64985.32,643,No,None,0,0,No Loan,High,Savings Account,Mobile App,Inactive,No,3,,
1001735,12432,501735,15-08-2026,43,Female,,Mass Market,Current,Withdrawal,3416.09,25844.54,620,Yes,Auto,179095.82,7.66,Active,High,Fixed Deposit,Mobile App,Active,No,3,,
1002912,10007,502912,04-08-2026,22,Male,Mumbai,Mass Market,Savings,Card Payment,2985.24,4970.99,677,No,None,0,0,No Loan,Medium,Personal Loan,Phone Banking,Active,No,5,,
1003220,11520,503220,02-08-2025,42,Female,Hyderabad,Affluent,Salary,ATM,621.98,41027.39,673,No,None,0,0,No Loan,Medium,Personal Loan,ATM,Active,No,5,,
1000147,10973,500147,07-07-2026,46,Male,Hyderabad,Premium,Current,Deposit,3110.63,46664.44,647,Yes,Personal,101191.53,10.73,Approved,High,Fixed Deposit,Internet Banking,Active,No,5,,
1001987,12497,501987,14-08-2026,27,Male,Chennai,Premium,Salary,Withdrawal,1700.43,70609.65,656,No,None,0,0,No Loan,Medium,Fixed Deposit,Branch,Active,No,5,,
1001370,11313,501370,13-02-2024,35,Male,Ahmedabad,Mass Market,Savings,Transfer,2262.89,12370.77,777,Yes,Education,104071.89,8.14,Closed,Low,Fixed Deposit,Mobile App,Active,No,4,,
1002812,10856,502812,19-11-2025,46,Male,Hyderabad,Affluent,Savings,UPI Payment,1924.72,11785.14,741,No,None,0,0,No Loan,Medium,Savings Account,Mobile App,Active,Yes,3,,
1000660,11849,500660,04-03-2024,30,Male,Jaipur,Mass Market,Savings,Transfer,5409.12,21689.49,737,No,None,0,0,No Loan,Medium,Credit Card,Mobile App,Active,Yes,3,,
1001795,11441,501795,20-01-2024,26,Male,Lucknow,Mass Market,Savings,ATM,1543.87,8338.75,751,Yes,Auto,150651.41,8.83,Closed,Low,Home Loan,Mobile App,Active,No,5,,
1002512,12261,502512,21-02-2026,42,Female,Delhi,Affluent,Salary,ATM,1646.82,17614.96,717,No,None,0,0,No Loan,Medium,Investment,Internet Banking,Active,No,5,,
1003398,10619,503398,13-04-2024,41,Male,Mumbai,Mass Market,Savings,Transfer,10792.67,15104.18,772,No,None,0,0,No Loan,Low,Insurance,Mobile App,Active,No,4,,
1004283,12229,504283,08-05-2026,24,Male,Bengaluru,Affluent,Savings,UPI Payment,3454.05,58739.43,745,No,None,0,0,No Loan,Medium,Personal Loan,Branch,Active,No,5,,
1001148,10029,501148,07-12-2024,43,Male,Mumbai,Premium,Salary,UPI Payment,7552.83,4862.1,735,Yes,Home,34429.79,11.2,Closed,Medium,Credit Card,Internet Banking,Inactive,No,4,,
1003273,10541,503273,28-04-2025,27,Female,Mumbai,Mass Market,Savings,UPI Payment,1638.58,212192.16,722,Yes,Home,46335.46,13.2,Active,Medium,Home Loan,Branch,Active,No,5,,
1000609,11825,500609,16-05-2025,36,Female,Jaipur,Affluent,Savings,UPI Payment,4874.23,4753.84,716,No,None,0,0,No Loan,Medium,Fixed Deposit,Branch,Inactive,No,5,,
1003583,11904,503583,29-03-2026,44,Male,Ahmedabad,Premium,Salary,UPI Payment,4148.37,10494.9,693,No,None,0,0,No Loan,Medium,Insurance,Internet Banking,Active,No,4,,
1001931,10956,501931,28-11-2025,35,Male,Mumbai,Mass Market,Savings,Card Payment,2890.88,11569.27,651,No,None,0,0,No Loan,Medium,Insurance,Phone Banking,Active,No,4,,
1000198,11795,500198,13-10-2025,26,Female,Jaipur,Mass Market,Fixed Deposit,UPI Payment,13619.61,10759.5,739,Yes,Education,216419.52,11.5,Active,Medium,Insurance,Mobile App,Active,No,3,,
1002932,11055,502932,11-07-2026,33,Male,Mumbai,Mass Market,Savings,UPI Payment,904.64,26132.61,623,Yes,Auto,130101.19,15.14,Active,High,Savings Account,Mobile App,Dormant,No,4,,
1002328,10060,502328,29-07-2024,28,Male,Delhi,Affluent,Current,UPI Payment,4941.18,1677.79,679,Yes,Home,99923.57,10.58,Defaulted,Medium,Insurance,ATM,Active,Yes,4,,
1004390,10871,504390,28-01-2025,23,Male,Pune,Premium,Savings,Card Payment,2854.74,26743.65,724,Yes,Home,373445.35,13.01,Active,Medium,Fixed Deposit,Mobile App,Active,No,5,,
1000767,11297,500767,11-02-2024,54,Male,Hyderabad,Affluent,Current,ATM,2585.74,10647.73,752,No,None,0,0,No Loan,Low,Credit Card,Internet Banking,Dormant,No,3,,
1004497,11029,504497,26-05-2025,40,Male,Ahmedabad,Affluent,Fixed Deposit,Transfer,2087.89,57289.47,576,Yes,Personal,33599.02,10.59,Active,High,Home Loan,Mobile App,Dormant,No,4,,
1004219,12414,504219,13-03-2026,38,Female,Mumbai,Affluent,Fixed Deposit,UPI Payment,1558.02,31296.34,724,No,None,0,0,No Loan,Medium,Fixed Deposit,ATM,Active,No,5,,
1003256,12275,503256,04-06-2026,27,Male,,Affluent,Savings,Card Payment,4104.38,166951.19,850,No,None,0,0,No Loan,Low,Personal Loan,Mobile App,Active,No,5,,
1000203,11987,500203,15-02-2024,51,Male,Pune,Mass Market,Savings,Card Payment,2638.52,14758.53,712,Yes,Education,68558.24,15.48,Active,Medium,Insurance,Internet Banking,Active,No,4,,
1003511,10700,503511,16-07-2024,25,Female,Mumbai,Mass Market,Savings,Card Payment,4929.67,66328.83,629,No,None,0,0,No Loan,High,Savings Account,Mobile App,Dormant,No,3,,
1001734,12199,501734,20-08-2026,37,Male,Chennai,Affluent,Savings,Transfer,321.99,217218.22,572,Yes,Auto,18056.09,14.49,Active,High,Savings Account,Mobile App,Inactive,Yes,2,,
1002778,12141,502778,15-02-2025,36,Male,Mumbai,Mass Market,Savings,Transfer,4026.63,21640.89,616,No,None,0,0,No Loan,High,Personal Loan,Internet Banking,Active,Yes,3,,
1001708,11940,501708,19-04-2026,30,Female,Bengaluru,Premium,Salary,Transfer,13060.4,30379.83,753,Yes,Personal,134153.43,9.7,Closed,Low,Savings Account,Internet Banking,Active,No,3,,
1003475,12247,503475,10-07-2024,44,Female,Jaipur,Mass Market,Salary,ATM,3802.06,2826.08,728,No,None,0,0,No Loan,Medium,Fixed Deposit,Mobile App,Active,No,3,,
1000855,11192,500855,17-07-2024,44,Female,Jaipur,Mass Market,Current,UPI Payment,2930.23,22340.76,643,No,None,0,0,No Loan,High,Fixed Deposit,Internet Banking,Active,No,3,,
1004738,12124,504738,09-03-2025,43,Female,Chennai,Affluent,Current,Withdrawal,17664.69,37264.83,658,No,None,0,0,No Loan,Medium,Savings Account,Mobile App,Dormant,No,4,,
1004098,10957,504098,14-05-2026,30,Female,Kolkata,Mass Market,Salary,UPI Payment,1199.19,37886.01,841,No,None,0,0,No Loan,Low,Credit Card,Mobile App,Active,No,4,,
1002161,10148,502161,07-12-2025,31,Female,Chennai,Mass Market,Savings,Card Payment,1610.73,18482.68,634,No,None,0,0,No Loan,High,Home Loan,Mobile App,Active,No,4,,
1000699,11995,500699,16-06-2025,31,Male,Kolkata,Mass Market,Savings,Deposit,8631.6,65174.2,736,No,None,0,0,No Loan,Medium,Savings Account,Mobile App,Active,No,5,,
1004958,11448,504958,08-03-2026,35,Male,Lucknow,Mass Market,Savings,Deposit,865.1,24102.31,760,No,None,0,0,No Loan,Low,Insurance,Mobile App,Active,No,4,,
1003000,12152,503000,26-04-2026,38,Female,Chennai,Mass Market,Savings,UPI Payment,2339.27,6511.05,764,No,None,0,0,No Loan,Low,Fixed Deposit,Mobile App,Inactive,No,5,,
1003697,12196,503697,31-12-2025,26,Female,Hyderabad,Mass Market,Savings,Withdrawal,15084.97,41848.95,598,Yes,Education,35429.79,7.62,Active,High,Investment,ATM,Active,No,4,,
1001637,11798,501637,27-03-2024,41,Male,Hyderabad,Premium,Savings,Transfer,1588.68,14780.11,782,No,None,0,0,No Loan,Low,Investment,Mobile App,Active,No,4,,
1003458,11925,503458,09-02-2025,32,,Bengaluru,Mass Market,Current,Deposit,2540.9,24957.03,756,No,None,0,0,No Loan,Low,Home Loan,ATM,Inactive,No,5,,
1003582,11100,503582,27-05-2025,46,Male,Hyderabad,Mass Market,Savings,Transfer,9759.51,25119.39,713,No,None,0,0,No Loan,Medium,Home Loan,Phone Banking,Active,No,5,,
1001292,10011,501292,28-07-2026,35,Female,Bengaluru,Mass Market,Savings,Withdrawal,14633.29,28736.52,747,Yes,Home,43653.36,8.89,Active,Medium,Fixed Deposit,Mobile App,Active,No,4,,
1004660,10145,504660,15-02-2024,32,Male,Pune,Affluent,Current,Deposit,1146.77,18568.92,670,No,None,0,0,No Loan,Medium,Home Loan,Mobile App,Active,No,4,,
1001854,12207,501854,28-06-2024,37,Male,Pune,Mass Market,Salary,Deposit,2907.44,151020.73,754,Yes,Home,5727.21,13.74,Active,Low,Fixed Deposit,Mobile App,Active,No,5,,
1003764,11504,503764,25-09-2025,39,Female,Chennai,Mass Market,Savings,Deposit,3149.91,147828.99,674,No,None,0,0,No Loan,Medium,Savings Account,Internet Banking,Active,No,5,,
1003305,10644,503305,22-04-2026,49,Female,Lucknow,High Net Worth,Savings,UPI Payment,3127.93,21219.61,832,Yes,Home,59340.16,9.76,Approved,Low,Insurance,Mobile App,Active,No,4,,
1004923,11132,504923,23-06-2026,41,Male,Bengaluru,Mass Market,Savings,Withdrawal,2805.12,80569.73,686,No,None,0,0,No Loan,Medium,Fixed Deposit,Mobile App,Active,No,5,,
1003744,10690,503744,15-09-2024,47,Male,Lucknow,High Net Worth,Fixed Deposit,Card Payment,2673.55,15842.12,620,No,None,0,0,No Loan,High,Insurance,ATM,Active,Yes,2,,
1003446,10693,503446,29-01-2024,35,Female,Chennai,High Net Worth,Savings,ATM,1793.35,21196.16,647,Yes,Auto,82388.75,14.02,Defaulted,High,Investment,Branch,Active,No,5,,
1001999,11340,501999,24-10-2025,47,Male,Chennai,Affluent,Savings,Card Payment,8441.03,16076.15,754,No,None,0,0,No Loan,Low,Insurance,Mobile App,Active,No,5,,
1000664,10578,500664,07-07-2026,38,Male,Chennai,Mass Market,Savings,Transfer,29201.2,9819.56,757,No,None,0,0,No Loan,Low,Insurance,Branch,Inactive,No,4,,
1004780,10978,504780,07-05-2024,54,Female,Ahmedabad,Mass Market,Savings,Withdrawal,1809.83,27013.85,678,No,None,0,0,No Loan,Medium,Fixed Deposit,Branch,Active,Yes,4,,
1003749,10644,503749,10-04-2024,31,Female,Chennai,High Net Worth,Salary,Withdrawal,7155.69,105399.09,678,No,None,0,0,No Loan,Medium,Credit Card,Internet Banking,Active,No,4,,
1004414,11289,504414,19-10-2024,37,Female,Mumbai,Mass Market,Savings,Deposit,8116.37,7020.71,531,No,None,0,0,No Loan,High,Fixed Deposit,ATM,Active,No,5,,
1004745,11815,504745,07-05-2026,33,Female,Mumbai,Affluent,Salary,Transfer,6427.25,16648.98,701,No,None,0,0,No Loan,Medium,Investment,Internet Banking,Active,No,4,,
1000710,10061,500710,20-09-2025,36,Male,Jaipur,Mass Market,Savings,Card Payment,3605.27,43162.81,708,No,None,0,0,No Loan,Medium,Savings Account,Mobile App,Active,No,5,,
1001283,12235,501283,25-07-2024,31,Female,Lucknow,Affluent,Savings,Card Payment,2706.87,34192.02,782,No,None,0,0,No Loan,Low,Savings Account,Mobile App,Active,No,4,,
1002676,11751,502676,28-02-2026,41,Female,Mumbai,Premium,Salary,UPI Payment,542.57,4547.25,819,No,None,0,0,No Loan,Low,Home Loan,Internet Banking,Active,No,4,,
1004030,10804,504030,23-05-2026,39,Male,Pune,Affluent,Savings,Deposit,709.49,83894.61,719,No,None,0,0,No Loan,Medium,Savings Account,ATM,Active,No,5,,
1001307,11912,501307,27-02-2026,36,Female,Chennai,Affluent,Current,Card Payment,513.45,48316.92,738,Yes,Personal,39755.1,9.64,Defaulted,Medium,Savings Account,Mobile App,Active,No,4,,
1002238,11760,502238,18-02-2024,29,Female,Bengaluru,Affluent,Savings,Card Payment,8097.76,13761.79,848,No,None,0,0,No Loan,Low,Home Loan,ATM,Inactive,No,3,,
1003303,11480,503303,01-10-2024,33,Male,Pune,Affluent,Salary,ATM,3827.59,98441.09,792,No,None,0,0,No Loan,Low,Personal Loan,Mobile App,Dormant,No,3,,
1002039,10092,502039,11-02-2024,36,Female,Bengaluru,Premium,Savings,Withdrawal,3246.93,48447.8,728,No,None,0,0,No Loan,Medium,Credit Card,Mobile App,Active,No,5,,
1001530,11416,501530,23-07-2024,47,Female,Mumbai,Affluent,Savings,UPI Payment,2256.46,3179.56,786,Yes,Home,23971.52,12.23,Defaulted,Low,Credit Card,Internet Banking,Active,No,4,,
1001664,10504,501664,13-05-2024,43,Female,Lucknow,Affluent,Salary,ATM,4998.77,51209.27,686,No,None,0,0,No Loan,Medium,Personal Loan,Mobile App,Active,Yes,4,,
1004945,12351,504945,29-07-2024,63,Male,Hyderabad,Affluent,Salary,Deposit,1650.5,80323.36,726,No,None,0,0,No Loan,Medium,Savings Account,ATM,Active,No,5,,
1004964,11712,504964,19-05-2025,44,Female,Lucknow,Affluent,Current,ATM,2350.39,22893.43,710,No,None,0,0,No Loan,Medium,Home Loan,Branch,Inactive,No,4,,
1003628,11234,503628,28-12-2025,42,Female,Bengaluru,Mass Market,Savings,Withdrawal,5444.04,34146.91,681,No,None,0,0,No Loan,Medium,Home Loan,Mobile App,Inactive,No,5,,
1002694,11853,502694,26-10-2024,32,Female,Chennai,Affluent,Savings,UPI Payment,1598.77,64523.34,769,Yes,Business,124902.4,8.31,Active,Low,Fixed Deposit,Mobile App,Active,No,3,,
1003061,10943,503061,22-12-2024,37,Female,Hyderabad,Affluent,Savings,Transfer,7988.3,45619.29,601,No,None,0,0,No Loan,High,Fixed Deposit,Internet Banking,Active,No,5,,
1001598,10750,501598,27-10-2025,37,Male,Pune,Mass Market,Savings,Transfer,4472.01,5945.02,691,No,None,0,0,No Loan,Medium,Home Loan,Mobile App,Active,No,4,,
1002730,11929,502730,05-07-2024,21,Female,Chennai,Premium,Savings,Withdrawal,10139.72,90975.3,638,No,None,0,0,No Loan,High,Investment,ATM,Active,No,5,,
1002626,10483,502626,18-04-2026,27,Female,Delhi,Premium,Savings,UPI Payment,5831.97,113043.27,608,No,None,0,0,No Loan,High,Credit Card,Phone Banking,Active,No,5,,
1003158,10354,503158,22-03-2024,39,Male,Kolkata,Premium,Savings,Withdrawal,1532.95,34364.84,721,No,None,0,0,No Loan,Medium,Home Loan,Internet Banking,Active,No,5,,
1003315,10516,503315,02-12-2025,27,Male,Lucknow,Premium,Savings,Deposit,1254.82,33007.05,784,Yes,Home,562229.23,15.5,Closed,Low,Fixed Deposit,ATM,Active,No,5,,
1001723,10276,501723,13-10-2025,24,Male,Mumbai,Mass Market,Current,Deposit,2708.04,17717.82,752,No,None,0,0,No Loan,Low,Home Loan,Mobile App,Dormant,No,4,,
1001060,12008,501060,13-08-2025,33,Male,Kolkata,High Net Worth,Savings,Deposit,1972.34,21587.22,763,No,None,0,0,No Loan,Low,Investment,Mobile App,Active,No,5,,
1004637,11412,504637,28-05-2025,31,Female,Kolkata,Mass Market,Current,UPI Payment,14277.19,33225.65,689,No,None,0,0,No Loan,Medium,Investment,Mobile App,Active,No,4,,
1003243,11752,503243,27-02-2024,37,,Ahmedabad,Affluent,Current,Withdrawal,6682.93,15890.61,702,No,None,0,0,No Loan,Medium,Investment,ATM,Active,No,4,,
1001679,12335,501679,13-07-2025,37,Male,Kolkata,Mass Market,Savings,UPI Payment,12873.66,5514.92,,Yes,Home,383270.47,9.97,Approved,Medium,Fixed Deposit,Branch,Active,No,5,,
1001758,10588,501758,12-02-2026,45,Female,Ahmedabad,Mass Market,Savings,Card Payment,9367.52,111397.9,739,No,None,0,0,No Loan,Medium,Insurance,Internet Banking,Active,No,4,,
1004192,10926,504192,03-01-2025,44,Male,Chennai,Mass Market,Current,Transfer,2283.08,41752.64,770,No,None,0,0,No Loan,Low,Savings Account,Mobile App,Inactive,No,3,,
1000564,10080,500564,02-03-2026,23,Female,Ahmedabad,Affluent,Savings,Deposit,9177.27,5366.83,754,No,None,0,0,No Loan,Low,Insurance,Internet Banking,Active,No,4,,
1002791,11326,502791,06-05-2025,47,Male,Jaipur,Mass Market,Current,Withdrawal,5250.1,48759.7,750,Yes,Personal,78739.78,11.91,Active,Low,Investment,Phone Banking,Active,No,4,,
1000864,11119,500864,01-05-2025,49,Female,Chennai,Affluent,Salary,Transfer,7609.76,32662.33,781,No,None,0,0,No Loan,Low,Investment,Internet Banking,Active,No,5,,
1001485,12478,501485,17-12-2024,34,Male,Hyderabad,Mass Market,Savings,Transfer,960.84,49602.76,651,No,None,0,0,No Loan,Medium,Investment,Internet Banking,Active,No,5,,
1000207,11844,500207,07-06-2026,27,Male,Chennai,Mass Market,Current,Withdrawal,4060.64,57226.87,786,No,None,0,0,No Loan,Low,Investment,Mobile App,Dormant,No,4,,
1004489,11399,504489,22-02-2026,25,Male,Delhi,Mass Market,Fixed Deposit,UPI Payment,447.45,6653.94,681,No,None,0,0,No Loan,Medium,Credit Card,Branch,Active,No,5,,
1000871,10376,500871,04-01-2026,21,Female,Kolkata,Mass Market,Salary,Card Payment,5392.59,3452.06,657,No,None,0,0,No Loan,Medium,Personal Loan,Mobile App,Active,No,3,,
1004494,11306,504494,01-08-2026,27,Male,Kolkata,Mass Market,Savings,Transfer,2678.64,57613.4,811,No,None,0,0,No Loan,Low,Fixed Deposit,Internet Banking,Active,No,5,,
1000503,10751,500503,13-08-2024,44,Male,Mumbai,Mass Market,Fixed Deposit,ATM,1054.22,33136.55,721,No,None,0,0,No Loan,Medium,Personal Loan,Internet Banking,Active,No,4,,
1001029,10952,501029,06-01-2025,34,Male,Mumbai,Affluent,Savings,Card Payment,1427.55,61589.25,740,Yes,Education,181245.66,13.48,Active,Medium,Credit Card,Branch,Active,Yes,2,,
1003841,10242,503841,06-12-2025,21,Male,Ahmedabad,Mass Market,Savings,ATM,1117.3,15914.01,714,No,None,0,0,No Loan,Medium,Savings Account,Mobile App,Active,No,4,,
1002691,11144,502691,12-11-2025,41,Male,Hyderabad,Affluent,Savings,UPI Payment,4596.14,28543.88,715,No,None,0,0,No Loan,Medium,Insurance,Branch,Active,No,4,,
1001571,10716,501571,28-10-2024,45,Male,Kolkata,Mass Market,Current,UPI Payment,2695.06,13362.47,719,No,None,0,0,No Loan,Medium,Personal Loan,Mobile App,Active,No,5,,
1002774,10283,502774,22-03-2025,21,Female,Bengaluru,Mass Market,Savings,Withdrawal,5085.25,41771.36,732,No,None,0,0,No Loan,Medium,Savings Account,ATM,Active,No,4,,
1002732,11059,502732,28-03-2025,33,Male,Chennai,Mass Market,Savings,Card Payment,3380.71,11495.64,662,No,None,0,0,No Loan,Medium,Insurance,Mobile App,Active,No,4,,
1000805,10229,500805,12-09-2025,22,Male,Delhi,Mass Market,Current,UPI Payment,255,11481.19,610,No,None,0,0,No Loan,High,Savings Account,ATM,Active,Yes,3,,
1003646,11474,503646,17-06-2024,25,Female,Mumbai,Mass Market,Savings,UPI Payment,1158.7,21230.7,850,Yes,Business,922268.79,10.9,Active,Low,Credit Card,ATM,Active,Yes,2,,
1002455,11939,502455,12-02-2025,37,Female,Ahmedabad,Mass Market,Savings,Transfer,811.51,25388.44,631,No,None,0,0,No Loan,High,Personal Loan,Branch,Active,No,5,,
1004599,11233,504599,26-07-2025,41,Male,Delhi,Mass Market,Current,Card Payment,1092.09,4090.97,760,No,None,0,0,No Loan,Low,Insurance,Mobile App,Active,No,4,,
1003105,11314,503105,11-08-2026,22,Female,Jaipur,Mass Market,Fixed Deposit,UPI Payment,1593.85,8998.72,807,No,None,0,0,No Loan,Low,Personal Loan,Internet Banking,Active,No,5,,
1004876,11860,504876,19-07-2025,33,Female,Jaipur,Mass Market,Current,UPI Payment,1120.06,4816.87,751,No,None,0,0,No Loan,Low,Insurance,ATM,Active,No,4,,
1000201,12451,500201,20-09-2025,25,Male,Kolkata,Mass Market,Savings,ATM,2537.43,44561.55,746,No,None,0,0,No Loan,Medium,Home Loan,Branch,Active,No,5,,
1003100,11382,503100,25-08-2024,25,Female,Ahmedabad,Mass Market,Savings,Card Payment,295.4,46469.29,714,No,None,0,0,No Loan,Medium,Home Loan,Mobile App,Active,No,3,,
1002279,11248,502279,25-08-2024,41,Male,,Mass Market,Savings,Transfer,813.07,91684.54,772,No,None,0,0,No Loan,Low,Fixed Deposit,Internet Banking,Inactive,No,5,,
1003562,10104,503562,27-02-2024,25,Male,Ahmedabad,Mass Market,Savings,Card Payment,3928.83,42164.81,644,No,None,0,0,No Loan,High,Investment,Internet Banking,Dormant,No,5,,
1004475,11720,504475,21-05-2026,41,Male,Hyderabad,Mass Market,Current,Withdrawal,5611.42,2301.72,712,No,None,0,0,No Loan,Medium,Insurance,Mobile App,Inactive,Yes,2,,
1004515,11270,504515,21-06-2026,23,Male,Hyderabad,Affluent,Savings,Card Payment,4069.11,9484.75,712,No,None,0,0,No Loan,Medium,Credit Card,Branch,Active,No,5,,
1000392,10581,500392,26-04-2024,38,Male,Delhi,Mass Market,Current,Deposit,1332.32,48892.81,641,No,None,0,0,No Loan,High,Home Loan,Mobile App,Inactive,No,5,,
1001496,10960,501496,16-06-2024,23,Male,Bengaluru,Mass Market,Salary,UPI Payment,3941.15,3667.46,755,Yes,Auto,154037.81,15.48,Defaulted,Low,Insurance,Branch,Dormant,No,5,,
1002696,10265,502696,27-03-2024,34,Other,Delhi,Affluent,Salary,UPI Payment,12461.7,37352.29,669,No,None,0,0,No Loan,Medium,Investment,Mobile App,Active,No,5,,
1002028,10822,502028,26-04-2025,29,Male,Ahmedabad,Affluent,Savings,Withdrawal,522.26,65724.61,602,No,None,0,0,No Loan,High,Savings Account,Branch,Active,No,4,,
1002569,11911,502569,24-03-2026,30,Male,Chennai,Affluent,Current,Card Payment,1325.28,8855.06,819,No,None,0,0,No Loan,Low,Home Loan,ATM,Active,No,3,,
1000065,12318,500065,29-08-2025,52,Male,Bengaluru,Affluent,Savings,Transfer,7419.8,13422.5,746,No,None,0,0,No Loan,Medium,Insurance,Internet Banking,Inactive,No,5,,
1003885,11425,503885,25-08-2026,36,Female,Jaipur,Mass Market,Current,UPI Payment,1188.87,37045.11,612,No,None,0,0,No Loan,High,Investment,Branch,Inactive,No,4,,
1002063,12131,502063,30-01-2025,21,Male,Chennai,High Net Worth,Savings,Transfer,1077.62,45127.68,685,Yes,Education,97185.42,14,Approved,Medium,Credit Card,Mobile App,Active,No,5,,
1000493,11063,500493,13-07-2024,41,Female,Chennai,Mass Market,Savings,Transfer,1702.26,7460.52,850,No,None,0,0,No Loan,Low,Fixed Deposit,ATM,Active,No,3,,
1000380,11665,500380,11-05-2026,27,Male,Chennai,Affluent,Current,UPI Payment,1725.36,23943.33,693,No,None,0,0,No Loan,Medium,Insurance,ATM,Active,No,5,,
1004860,11391,504860,13-03-2025,33,Male,Kolkata,Premium,Savings,UPI Payment,4241.11,73426.93,840,No,None,0,0,No Loan,Low,Fixed Deposit,Branch,Active,No,3,,
1003994,10003,503994,08-07-2024,48,Male,Pune,Mass Market,Salary,Transfer,2229.16,24433.53,677,Yes,Education,49684.31,14.05,Active,Medium,Investment,Internet Banking,Inactive,No,4,,
1004888,12489,504888,07-07-2025,21,Other,Bengaluru,Affluent,Current,Deposit,2552.39,25994.89,780,No,None,0,0,No Loan,Low,Insurance,Mobile App,Active,No,5,,
1001077,12055,501077,29-06-2025,48,Male,Pune,Mass Market,Savings,Deposit,2980.02,18416.04,661,Yes,Personal,218690.74,13.63,Active,Medium,Investment,Branch,Active,Yes,3,,
1000879,12318,500879,07-05-2025,43,Female,Mumbai,Mass Market,Savings,UPI Payment,517.56,13238.12,768,Yes,Home,35701.71,12.95,Approved,Low,Fixed Deposit,Mobile App,Dormant,No,5,,
1000338,11824,500338,25-06-2025,31,Male,Jaipur,Mass Market,Salary,UPI Payment,2042.63,21944.36,626,Yes,Business,101806.29,15.61,Closed,High,Savings Account,ATM,Active,No,4,,
1001017,10689,501017,28-07-2025,31,Male,Pune,Affluent,Current,UPI Payment,1355.27,191190.77,763,Yes,Education,39955.01,13.66,Active,Low,Insurance,Mobile App,Active,No,4,,
1001276,11982,501276,05-02-2025,36,Female,Hyderabad,Premium,Savings,Withdrawal,12834.85,31495.74,802,No,None,0,0,No Loan,Low,Home Loan,Branch,Active,Yes,3,,
1003799,11800,503799,26-03-2024,43,Male,Mumbai,Mass Market,Savings,Withdrawal,5755.31,33741.79,546,No,None,0,0,No Loan,High,Savings Account,Mobile App,Active,No,3,,
1004552,10573,504552,16-06-2026,46,Female,Chennai,Premium,Savings,ATM,6475.51,25800.16,674,No,None,0,0,No Loan,Medium,Home Loan,Mobile App,Dormant,Yes,5,,
1003343,11777,503343,17-06-2025,33,Male,Chennai,Mass Market,Savings,Card Payment,9810.51,98401.21,825,No,None,0,0,No Loan,Low,Fixed Deposit,ATM,Active,Yes,2,,
1004912,10341,504912,19-04-2024,42,Male,Jaipur,Mass Market,Fixed Deposit,Transfer,8324.86,11185.58,776,No,None,0,0,No Loan,Low,Investment,Branch,Active,No,5,,
1000996,10876,500996,13-01-2025,24,Female,Delhi,Affluent,Savings,ATM,2904.46,7262.69,727,No,None,0,0,No Loan,Medium,Fixed Deposit,Mobile App,Active,No,5,,
1001982,12162,501982,30-07-2025,29,Female,Hyderabad,Affluent,Salary,UPI Payment,786.62,10341.74,625,No,None,0,0,No Loan,High,Personal Loan,Mobile App,Active,Yes,3,,
1004298,12441,504298,06-05-2026,30,Female,Delhi,Mass Market,Savings,Deposit,358.1,24552.88,645,No,None,0,0,No Loan,High,Fixed Deposit,Internet Banking,Active,Yes,4,,
1000162,11854,500162,17-02-2026,21,Male,Bengaluru,Affluent,Savings,ATM,1924.75,83406.63,581,No,None,0,0,No Loan,High,Credit Card,Branch,Active,No,4,,
1004799,10076,504799,19-09-2025,28,Male,Hyderabad,Affluent,Savings,Transfer,2928.31,133594.6,657,No,None,0,0,No Loan,Medium,Personal Loan,Internet Banking,Active,No,4,,
1001501,10527,501501,02-07-2026,33,Female,Mumbai,Mass Market,Fixed Deposit,ATM,899.24,59240.32,607,Yes,Auto,28556.38,7.89,Closed,High,Credit Card,Internet Banking,Active,Yes,4,,
1003844,10803,503844,16-02-2025,32,Female,Pune,Mass Market,Current,UPI Payment,2225,12560.18,729,No,None,0,0,No Loan,Medium,Investment,Branch,Active,No,4,,
1002614,11338,502614,09-02-2024,21,Female,Mumbai,Mass Market,Savings,Transfer,3181,17193.53,730,Yes,Auto,47859.35,11.19,Active,Medium,Fixed Deposit,Mobile App,Active,No,5,,
1003462,12402,503462,05-04-2026,40,Male,Chennai,Mass Market,Salary,Deposit,891.29,68418.62,745,Yes,Personal,350164.44,12,Approved,Medium,Credit Card,Mobile App,Active,No,4,,
1001022,11384,501022,27-07-2024,43,Male,Pune,Affluent,Fixed Deposit,Deposit,394.95,22034.35,675,No,None,0,0,No Loan,Medium,Home Loan,Mobile App,Active,No,4,,
1003074,12242,503074,17-06-2025,49,Male,Ahmedabad,Mass Market,Salary,Card Payment,1224.56,85281.49,706,No,None,0,0,No Loan,Medium,Home Loan,Internet Banking,Active,Yes,1,,
1003944,11127,503944,30-09-2024,47,Male,Bengaluru,Affluent,Savings,Withdrawal,2517.57,19203.4,515,No,None,0,0,No Loan,High,Personal Loan,Mobile App,Active,Yes,2,,
1001586,10410,501586,18-07-2024,24,Female,Hyderabad,Affluent,Fixed Deposit,UPI Payment,6288.63,142512.27,674,Yes,Auto,20246.24,7.2,Defaulted,Medium,Home Loan,Internet Banking,Dormant,No,5,,
1001956,10633,501956,21-02-2026,43,Female,Pune,Mass Market,Current,Card Payment,2346.56,8811.39,603,Yes,Home,16848.06,13,Active,High,Investment,Branch,Active,No,4,,
1003153,11495,503153,12-11-2025,41,,Jaipur,Mass Market,Current,UPI Payment,3753.92,58702.73,601,Yes,Business,218965.9,9.15,Approved,High,Personal Loan,Mobile App,Active,No,4,,
1000035,11529,500035,06-01-2025,55,Male,Bengaluru,Mass Market,Salary,UPI Payment,10352.54,10904.18,723,Yes,Home,97155.92,8.56,Approved,Medium,Savings Account,Mobile App,Active,No,5,,
1004015,10250,504015,06-09-2024,53,Female,Pune,Mass Market,Savings,UPI Payment,3606.32,11370.59,784,No,None,0,0,No Loan,Low,Fixed Deposit,Branch,Active,No,5,,
1000776,10233,500776,29-06-2025,34,Male,Lucknow,Premium,Current,Deposit,1647.9,87047.83,653,Yes,Education,56879.19,14.23,Defaulted,Medium,Home Loan,Phone Banking,Active,No,5,,
1002557,10613,502557,18-05-2026,21,Male,Lucknow,Mass Market,Current,Card Payment,5851.09,54435.86,676,No,None,0,0,No Loan,Medium,Personal Loan,ATM,Dormant,Yes,1,,
1001479,10792,501479,31-08-2025,53,Male,Pune,Mass Market,Savings,Transfer,928.23,28502.94,674,No,None,0,0,No Loan,Medium,Credit Card,Branch,Active,No,3,,
1001364,11347,501364,05-10-2024,25,Female,Pune,Mass Market,Salary,ATM,1352.23,8955.39,724,No,None,0,0,No Loan,Medium,Credit Card,Mobile App,Active,No,4,,
1002613,10338,502613,26-02-2024,45,Female,Ahmedabad,Affluent,Current,UPI Payment,23446.37,15288.24,590,Yes,Business,52074.08,9.24,Active,High,Savings Account,Mobile App,Active,No,4,,
1002825,10456,502825,04-02-2026,41,Male,,Mass Market,Fixed Deposit,UPI Payment,1765.46,17380.38,720,No,None,0,0,No Loan,Medium,Home Loan,Mobile App,Dormant,No,4,,
1002042,11682,502042,29-06-2024,40,Male,Kolkata,Mass Market,Fixed Deposit,UPI Payment,4586.58,52119.39,754,No,None,0,0,No Loan,Low,Home Loan,Phone Banking,Active,No,5,,
1000242,11446,500242,29-11-2024,30,Female,Pune,Mass Market,Savings,UPI Payment,6412.86,4519.66,651,No,None,0,0,No Loan,Medium,Fixed Deposit,Branch,Active,No,5,,
1002062,10983,502062,05-06-2025,44,Male,Delhi,Premium,Savings,Card Payment,7924.29,16569.23,746,No,None,0,0,No Loan,Medium,Savings Account,Branch,Inactive,No,4,,
1002364,12011,502364,14-07-2024,25,Male,Hyderabad,Mass Market,Savings,UPI Payment,1687.92,21782.73,725,Yes,Auto,77770.54,7.58,Approved,Medium,Credit Card,Branch,Inactive,No,5,,
1000601,11839,500601,20-08-2024,41,Male,Pune,Mass Market,Savings,Deposit,3295.88,16783.52,719,Yes,Education,72915.76,10.3,Defaulted,Medium,Home Loan,Mobile App,Active,No,4,,
1002436,10690,502436,07-02-2024,40,Male,Lucknow,Mass Market,Savings,Transfer,4866.45,152184.28,665,No,None,0,0,No Loan,Medium,Fixed Deposit,Mobile App,Dormant,No,4,,
1002889,11462,502889,18-04-2026,42,Female,Chennai,Affluent,Savings,ATM,7145.09,15157.23,734,No,None,0,0,No Loan,Medium,Insurance,ATM,Active,No,4,,
1000647,11575,500647,23-08-2024,21,Female,Chennai,Premium,Savings,Transfer,6163.09,178684.49,642,No,None,0,0,No Loan,High,Investment,Internet Banking,Active,Yes,1,,
1003891,10662,503891,22-10-2025,26,Female,Kolkata,High Net Worth,Current,Card Payment,3395.62,59311.32,749,No,None,0,0,No Loan,Medium,Home Loan,Mobile App,Active,No,4,,
1003557,11215,503557,08-01-2026,62,Female,Kolkata,Mass Market,Salary,Withdrawal,2962.95,307956.1,679,No,None,0,0,No Loan,Medium,Insurance,Internet Banking,Active,No,4,,
1003203,10523,503203,29-09-2025,47,Female,Ahmedabad,Affluent,Salary,Card Payment,6376.27,28352.48,716,No,None,0,0,No Loan,Medium,Investment,Mobile App,Active,No,5,,
1001529,10102,501529,21-09-2024,40,Male,Kolkata,Premium,Salary,Deposit,3069.85,83332.35,649,No,None,0,0,No Loan,High,Insurance,Mobile App,Active,No,4,,
1001268,10340,501268,13-05-2025,26,Male,Pune,Premium,Current,Card Payment,5862.87,6106.29,667,No,None,0,0,No Loan,Medium,Investment,Mobile App,Inactive,No,5,,
1001900,10650,501900,11-02-2024,23,Male,Ahmedabad,Affluent,Savings,ATM,1755.38,121652.64,733,Yes,Education,24873.92,14.24,Approved,Medium,Savings Account,Internet Banking,Active,No,3,,
1004659,12429,504659,28-05-2024,32,Male,Chennai,Mass Market,Savings,Transfer,3278.17,59934.68,673,No,None,0,0,No Loan,Medium,Home Loan,ATM,Active,No,4,,
1003006,10657,503006,27-04-2025,38,Female,Delhi,Affluent,Salary,Deposit,20651.43,51329.46,639,No,None,0,0,No Loan,High,Home Loan,Mobile App,Active,No,4,,
1002735,10728,502735,18-07-2025,23,Male,Kolkata,Mass Market,Savings,Card Payment,3991.71,10996.22,790,No,None,0,0,No Loan,Low,Fixed Deposit,Mobile App,Active,No,5,,
1000190,10294,500190,24-12-2024,45,Male,Jaipur,Affluent,Savings,UPI Payment,3354.94,59772.86,810,Yes,Auto,89838.19,12.09,Active,Low,Personal Loan,ATM,Active,No,5,,
1001807,11948,501807,26-03-2024,35,Female,Kolkata,Mass Market,Savings,Card Payment,4566.74,24831.38,630,No,None,0,0,No Loan,High,Personal Loan,ATM,Active,No,4,,
1000976,10567,500976,20-05-2026,26,Female,Kolkata,Mass Market,Savings,Card Payment,1428.26,16075.64,818,No,None,0,0,No Loan,Low,Personal Loan,Mobile App,Active,No,4,,
1002748,12280,502748,08-02-2024,47,Male,Ahmedabad,Affluent,Salary,UPI Payment,3883.22,35726.83,772,Yes,Auto,32320.5,10.19,Active,Low,Insurance,Phone Banking,Active,Yes,2,,
1002048,10254,502048,10-04-2024,37,Male,Kolkata,Premium,Salary,Deposit,1331.6,36842.43,590,No,None,0,0,No Loan,High,Fixed Deposit,Internet Banking,Active,Yes,3,,
1002559,10688,502559,18-11-2025,27,Male,Lucknow,High Net Worth,Savings,Card Payment,2355.61,55778.25,719,No,None,0,0,No Loan,Medium,Credit Card,Mobile App,Active,No,5,,
1001083,11572,501083,14-12-2024,29,Male,Mumbai,Affluent,Savings,Transfer,10865.82,35908.99,690,Yes,Auto,57362.25,7.08,Approved,Medium,Insurance,Branch,Active,No,5,,
1000475,11366,500475,11-08-2025,47,Male,Hyderabad,Mass Market,Fixed Deposit,UPI Payment,1570.77,2546.67,645,No,None,0,0,No Loan,High,Home Loan,ATM,Active,No,5,,
1002905,12042,502905,05-09-2024,38,Male,Pune,Affluent,Savings,Card Payment,1615.41,96540.42,699,Yes,Education,74909.54,11.76,Closed,Medium,Credit Card,Mobile App,Active,No,5,,
1004844,12329,504844,16-01-2025,47,Male,Pune,Mass Market,Salary,Transfer,1886.1,18740.88,806,No,None,0,0,No Loan,Low,Fixed Deposit,ATM,Active,No,4,,
1004118,12255,504118,14-02-2026,30,Female,Pune,Mass Market,Savings,Transfer,2286.81,94201.11,721,No,None,0,0,No Loan,Medium,Fixed Deposit,Mobile App,Inactive,No,5,,
1003386,12359,503386,02-09-2024,32,Male,Pune,Mass Market,Salary,UPI Payment,10720.06,13351,559,Yes,Education,53958.6,12.5,Active,High,Home Loan,Internet Banking,Active,No,4,,
1004556,11717,504556,15-03-2024,28,Female,Bengaluru,Affluent,Fixed Deposit,Deposit,5040.44,5620.25,702,No,None,0,0,No Loan,Medium,Insurance,Mobile App,Active,No,5,,
1001185,10172,501185,21-08-2025,25,Male,Hyderabad,Affluent,Salary,Transfer,2719.35,43248.67,798,Yes,Business,128537.73,12.67,Approved,Low,Insurance,Branch,Active,Yes,2,,
1002434,11465,502434,05-02-2025,23,Female,Bengaluru,Premium,Savings,UPI Payment,7029.24,38568.12,768,No,None,0,0,No Loan,Low,Personal Loan,Mobile App,Active,No,4,,
1002392,12004,502392,12-07-2026,31,Male,Mumbai,Affluent,Fixed Deposit,UPI Payment,5450.16,12469.98,685,No,None,0,0,No Loan,Medium,Insurance,Mobile App,Active,No,5,,
1000770,10126,500770,18-07-2026,39,Male,Bengaluru,Affluent,Savings,Card Payment,9678.68,11375.43,703,No,None,0,0,No Loan,Medium,Personal Loan,Internet Banking,Dormant,No,4,,
